% Model:              laberiento.mph
% Version:            COMSOL 5.2.1.262
% Date:               Mar 18 2026, 20:23
% Dimension:          2
% Nodes:              11431
% Expressions:        1
% Description:        Línea de Flujo
% x                       y                        Streamline
-0.3                      0.09178137390787057      0
-0.30776991529704717      0.10242837268677044      0
-0.3236301604264968       0.13299160312477942      0
-0.3293967125477195       0.16107651568930326      0
-0.33108916464792537      0.19620818536421428      0
-0.3320865129434708       0.21671919313472754      0
-0.33510942071472527      0.2568648204787545       0
-0.3394217575059245       0.29254025726157934      0
-0.3424077414197743       0.31228946740131996      0
-0.3474007825321108       0.34368373798083174      0
-0.35460511724546906      0.3816203926337187       0
-0.3632895208501373       0.4157615961665825       0
-0.3657380948143491       0.4239381066420691       0
-0.3755140463307237       0.45459499229214206      0
-0.38514336345595734      0.4815017780013302       0
-0.3947934449984895       0.505100305730851        0
-0.4032011444940155       0.5225228783785079       0
-0.4126191967389561       0.5394509578189453       0
-0.41835721879599486      0.5489466600697356       0
-0.44421765712789685      0.5847310437892306       0
-0.4716866048695769       0.6118704012554608       0
-0.48054989023373607      0.6188320666278061       0
-0.5176652445255576       0.6428418982728266       0
-0.5236133435464624       0.6459642661907208       0
-0.5520206273393222       0.6582765998599279       0
-0.5811956978168726       0.6667863841062532       0
-0.5878976097016664       0.6682523760627028       0
-0.6294229191456735       0.6753225136722317       0
-0.6522448119895129       0.6773412856793877       0
-0.685197645381772        0.6769553897989141       0
-0.7179574587463744       0.6736277370682057       0
-0.7650897258662523       0.6650791103710587       0
-0.7889937188510325       0.6581410723497295       0
-0.8199879466802228       0.6445581344543749       0
-0.831600192696025        0.6380577591313367       0
-0.863402536167203        0.6162261712919153       0
-0.8928427480257748       0.5898415549853517       0
-0.9089641216334685       0.5714762435536227       0
-0.9266036425293425       0.5457878769897996       0
-0.9432578226481829       0.5150190398506276       0
-0.9521561640505484       0.49570359423074406      0
-0.9592201741367713       0.47830593591105347      0
-0.9606048990095315       0.47457835073823756      0
-0.9739427594433618       0.43346285671372065      0
-0.9867644655082025       0.38392871993609584      0
-0.9913748106990187       0.3627166332303643       0
-0.9989972193809473       0.3196956072769508       0
-1.0006666704509113       0.3085234513691265       0
-1.0066699848765777       0.2598482941823447       0
-1.0066989590192668       0.25957244082160497      0
-1.0103292181364556       0.22167373971164755      0
-1.0135956637380255       0.1806121628341825       0
-1.0141545327884829       0.17251747509608287      0
-1.015985892036131        0.13763324603046445      0
-1.0168988668474839       0.1141392828648391       0
-1.018085583070227        0.08155622916987298      0
-1.0183812754352153       0.07265768019284927      0
-1.0190531467637494       0.047015190370941255     0
-1.0193120907460778       0.03469578701870469      0
-1.019833545894613        0.00944634717160516      0
-1.0200720748300136       -0.0033188107615182254   0
-1.0203680019052659       -0.024118483090371828    0
-1.0204101397121261       -0.027776828751973726    0
-1.0206446788202022       -0.048088023047075996    0
-1.0207649976903037       -0.060702494936709116    0
-1.0208485258814348       -0.07867834117371064     0
-1.020851017578493        -0.08006624880110602     0
-1.020884548204953        -0.09858729206710587     0
-1.0208338005434485       -0.11443826291332551     0
-1.0206036154845077       -0.13130673131486498     0
-1.0203346146870136       -0.1453058894880443      0
-1.0202162126553154       -0.15050185863583238     0
-1.0196516625255534       -0.16589065793088828     0
-1.018771227230628        -0.18101068772343812     0
-1.0182625034918307       -0.1882255821852084      0
-1.0171543095463105       -0.2008451332404978      0
-1.0155298843916873       -0.21396840396950484     0
-1.0133943148596878       -0.22696980843634207     0
-1.012157827038274        -0.23289271744189732     0
-1.0089356534288771       -0.24499791056047382     0
-1.0033579114665265       -0.2605079863941775      0
-1.0019268645164545       -0.2637218605501483      0
-0.9978131875976395       -0.2715244948809603      0
-0.9931627723728436       -0.27849257101932434     0
-0.9879406672771454       -0.2847248488393877      0
-0.987228725269763        -0.28547260221383575     0
-0.9867192743868632       -0.28599036579255155     0
-0.9854494396212984       -0.28721962119933014     0
-0.9844015307277558       -0.28817812906109785     0
-0.9790012616042703       -0.29246196368358607     0
-0.973058490257138        -0.2961125292494247      0
-0.9708117529062226       -0.2972342039100269      0
-0.9678500514675275       -0.2984864304239856      0
-0.964747049200951        -0.2995559422217238      0
-0.964301265506634        -0.29969144686937704     0
-0.9609257364072636       -0.3005451246282462      0
-0.9566049209847595       -0.3012268000421014      0
-0.9519084210064285       -0.30153817770416635     0
-0.9497961619833551       -0.30155299401888        0
-0.30000000000000004      0.09494037311796563      1
-0.30627293836195435      0.10372632173877573      1
-0.3218882178719046       0.13425558698074863      1
-0.32744026120917835      0.16231675470183524      1
-0.3287648489402328       0.1949748650173213       1
-0.32975027168974236      0.21870153480012133      1
-0.3324733437586504       0.2586470530564779       1
-0.3364377702442618       0.2941470256242106       1
-0.33853883813714447      0.3092044423448163       1
-0.34312842054145765      0.340987300030356        1
-0.343670569011599        0.3445965235694075       1
-0.3506455055001985       0.3841753703750022       1
-0.3586994230345797       0.41808704923503826      1
-0.36670021633157013      0.445989591514672        1
-0.3755060503735455       0.4740467330633871       1
-0.38415758426609925      0.49867405934371223      1
-0.39619342402760965      0.5265536880645402       1
-0.4118908717556637       0.555412708430854        1
-0.43582219947855894      0.5902909170506528       1
-0.4615552057818055       0.6174259509277586       1
-0.4828809152879634       0.6344779578875589       1
-0.5186861255377523       0.6565973102091669       1
-0.5440391790359118       0.667861123466784        1
-0.5720604071938503       0.676452669939849        1
-0.5965852231161336       0.6816889102540793       1
-0.6369880780627222       0.687607038016794        1
-0.6491003535073204       0.6886251443489935       1
-0.6811256309401333       0.6887141989819475       1
-0.6840158165756747       0.68854328887943         1
-0.7310166949063763       0.6834817761913159       1
-0.7759650549331345       0.6743066870296541       1
-0.7907717891019258       0.6699681753978434       1
-0.8205754366924665       0.6575330300998424       1
-0.8445494294163476       0.6437707716522707       1
-0.87398978347686         0.6218860246902296       1
-0.9014040173378219       0.5955798969413909       1
-0.9113008284443664       0.5840840000423353       1
-0.9281651071146035       0.5600263823856222       1
-0.944067144913621        0.53118377516953         1
-0.9581415307520268       0.5001100222054383       1
-0.9681186087352951       0.4732380361791889       1
-0.9792054518741651       0.4359348297411321       1
-0.9910935235071152       0.3868502630262767       1
-0.9964512647359453       0.36015462408884513      1
-1.0034291751361115       0.3167217427217365       1
-1.004330933535285        0.3101722255443523       1
-1.0099114975925658       0.2617652365552047       1
-1.0102778670887285       0.2579940340719287       1
-1.0136107227101654       0.2200101323723479       1
-1.0166041083102182       0.17885209673689806      1
-1.016909503145002        0.17409368909106135      1
-1.0186211425283274       0.13931297504778786      1
-1.0195693694674899       0.11275752887795705      1
-1.02065684675408         0.08014805312714411      1
-1.0208478913316053       0.07395576559563223      1
-1.0214736402380633       0.04834975051312979      1
-1.0217624600991488       0.033374070393633666     1
-1.0222409336190308       0.008113064801545196     1
-1.0224168480568834       -0.002014850083189107    1
-1.0226928452735988       -0.022795870756224135    1
-1.0227589057196529       -0.029035174249916293    1
-1.0229748188096435       -0.049347965723957256    1
-1.0230668402788337       -0.059553088374561046    1
-1.0231479341008447       -0.07751745962073323     1
-1.0231543954370927       -0.08139752974461188     1
-1.0231855322100103       -0.0999057391465962      1
-1.0231522428093331       -0.11316644684493052     1
-1.0229478345504102       -0.1300278984401412      1
-1.0226545205785371       -0.1466025788099321      1
-1.0226098557611194       -0.1489085925293012      1
-1.0221288240320807       -0.16430988488542128     1
-1.0213334780161578       -0.17944163812153324     1
-1.0206776036345828       -0.18951981726680375     1
-1.019979878844821        -0.19848277561154698     1
-1.0185551683888838       -0.21169698736817052     1
-1.0166989898453238       -0.22429434139318394     1
-1.0160278596944021       -0.22813084627864483     1
-1.015693132159071        -0.2299085546669831      1
-1.0156559805212002       -0.23009841970178854     1
-1.0116407438325254       -0.24691444906523025     1
-1.006452818245551        -0.2620480338188979      1
-1.0035513836394077       -0.26851272988967034     1
-0.9995006049470897       -0.27576258609834736     1
-0.9949295027516318       -0.28223923049559096     1
-0.9900766985690181       -0.28785731722740865     1
-0.9881359469407351       -0.28984059281389385     1
-0.9865648098362632       -0.2913363081441606      1
-0.9826571118326886       -0.29460778296811185     1
-0.9803423825903879       -0.2962743714102362      1
-0.9747914028890299       -0.29958599262858526     1
-0.9731635823792772       -0.3003858289978314      1
-0.9704166826545708       -0.301546912962272       1
-0.9692731306546487       -0.3019689020766585      1
-0.9635638126601233       -0.3036442265253152      1
-0.9600050975247993       -0.30431185554420065     1
-0.9558442379670598       -0.30471042632023815     1
-0.9548873669453686       -0.30475126793795615     1
-0.949388485950065        -0.3046589820566402      1
-0.3                      0.09817919389552227      2
-0.30477568219364926      0.10502451289904338      2
-0.3201459503903187       0.13551980660940488      2
-0.32548344493101705      0.1635572250578947       2
-0.3264810289199827       0.1937630323517787       2
-0.32740977624653606      0.22068748621987716      2
-0.329832466625868        0.26043253099898134      2
-0.3334483492769857       0.2957567198392352       2
-0.33478826851341503      0.3062137753727811       2
-0.3389867323334184       0.3383733349010839       2
-0.3402302796694532       0.3474579593109125       2
-0.34665696100998217      0.38674901724954736      2
-0.3540757855343448       0.4204294943079745       2
-0.35871190365277134      0.4381901862455214       2
-0.36677138334534365      0.4672899394782499       2
-0.37451789514722206      0.49284970540264633      2
-0.3758160059642422       0.49684398199593904      2
-0.3890883401850732       0.5306405007320631       2
-0.3949708732360889       0.5428032671330612       2
-0.41112657239048067      0.572162862743484        2
-0.4271819542238544       0.5960129003623738       2
-0.4511284039863669       0.6231434845868244       2
-0.4538915072292663       0.6257285540970845       2
-0.4853544743020112       0.6510805402099563       2
-0.5197694298228799       0.6711938170658277       2
-0.535511411496894        0.6781016946243477       2
-0.5622998184043178       0.6867805998369056       2
-0.5677362265545489       0.688141066271895        2
-0.6057094412804526       0.6958007109852526       2
-0.6449334316499277       0.7005089334876503       2
-0.6457701992623955       0.7005753704564566       2
-0.6768131439872875       0.7011674237702243       2
-0.700253875851709        0.6996953725993811       2
-0.7446969633807906       0.6938044244005882       2
-0.7873575605559543       0.6839730813356598       2
-0.792642369937004        0.6824106265806167       2
-0.8211934930134395       0.6711829919724625       2
-0.8283361185870292       0.6675982231593206       2
-0.8577632069254919       0.6496004956730013       2
-0.8847933183419335       0.6276615035972093       2
-0.9101401853706234       0.6014354678538829       2
-0.9137277869340223       0.5971787115838485       2
-0.9297868808492552       0.5748148279831792       2
-0.9449077259971408       0.547972848335357        2
-0.9642052296653494       0.5045741183676983       2
-0.976414031195717        0.46851356820705264      2
-0.9844763045491127       0.4384106357691764       2
-0.9954292940720089       0.38977633621302         2
-1.001347579075198        0.357683528712885        2
-1.0077038614342841       0.3138534067614819       2
-1.0079623713579098       0.3118062296436791       2
-1.0131239721360976       0.2636650065434131       2
-1.013768419732802        0.25645459473831717      2
-1.0168112141013923       0.2183875958656275       2
-1.0195382809551174       0.17713548282830208      2
-1.0196266463398298       0.17564826085620228      2
-1.021220209674219        0.14096964052071134      2
-1.0221841250242736       0.11140461917165534      2
-1.0231744349994336       0.07876927292858792      2
-1.0232752777465286       0.07523320602595414      2
-1.0238556377698056       0.04966308558235805      2
-1.0241648112699422       0.0320782545290912       2
-1.024601145442225        0.006805909837866478     2
-1.0247223399865044       -7.327342751532774E-4    2
-1.0249787412237488       -0.021495415758081764    2
-1.0250636177633616       -0.030269917947228865    2
-1.0252612541888955       -0.05058427664317438     2
-1.0253279367687336       -0.05842402804867704     2
-1.0254066393136423       -0.07637712742872968     2
-1.0254163675117907       -0.08270487942957382     2
-1.0254451534633513       -0.10120048567055029     2
-1.0254255205607434       -0.1119194064442656      2
-1.0252463869557742       -0.12877397792434545     2
-1.0252105573670955       -0.1310052497149783      2
-1.0249368908110306       -0.1478782879323935      2
-1.0245457229120436       -0.16276756776439527     2
-1.023833396183549        -0.17791075924445682     2
-1.0230637179167381       -0.19079851903075717     2
-1.0222252752933758       -0.20191016449563037     2
-1.0208133344349049       -0.2149447124986819      2
-1.0189754770949422       -0.2273708393744953      2
-1.01862217084738         -0.2294370285514092      2
-1.0175601171699231       -0.23519666877642026     2
-1.0143898446361246       -0.24886216864474936     2
-1.009598077532193        -0.2636131370062701      2
-1.0063673113409781       -0.2710379682594032      2
-1.0025349919724034       -0.27797740471580007     2
-0.9932753319658252       -0.29037170882510804     2
-0.9924117785721971       -0.2913056361338297      2
-0.9884468538080515       -0.29522730585284374     2
-0.985393518340911        -0.2978236874743078      2
-0.9815509244072073       -0.30056464460434734     2
-0.9774594160759803       -0.3029400089863029      2
-0.9766662560081529       -0.3033439626097201      2
-0.9761936067679522       -0.3035755603120869      2
-0.9732349954617872       -0.30487138797171637     2
-0.968196921288986        -0.3065407077203457      2
-0.9628076883882645       -0.30769708584141564     2
-0.9599890336107424       -0.3080511107006576      2
-0.9587997722187377       -0.30814120916748855     2
-0.9540480053677503       -0.308187949443711       2
-0.9489808099167749       -0.30776497009440035     2
-0.3                      0.10142983224032967      3
-0.3033126182294925       0.10629305781833019      3
-0.3184434703323365       0.13675515579054076      3
-0.3235713156363395       0.1647693673185004       3
-0.3242877747134788       0.19259925540450892      3
-0.3251187461166335       0.2226314654540133       3
-0.3272474032376281       0.26218027367219415      3
-0.3305221083706545       0.29733239389459637      3
-0.33123067452868943      0.3033769852588969       3
-0.33505814373655396      0.3358938644330929       3
-0.33684291429566654      0.3502753759250754       3
-0.3427297746153811       0.3892830722199792       3
-0.3495232761342292       0.4227359041883458       3
-0.35152872102177113      0.4311768713298215       3
-0.35891707029985287      0.4612141529794533       3
-0.36584977582951744      0.4876123793553949       3
-0.3698330636725244       0.5013374002114804       3
-0.3820455148300972       0.5346915025940755       3
-0.3951639052712683       0.5625411508166054       3
-0.4103369357840323       0.5894683003919174       3
-0.41845846943545295      0.6017900088711985       3
-0.4406011510933243       0.6289161005753436       3
-0.45791431476188427      0.6454487173382468       3
-0.48792481095577567      0.6683326961714875       3
-0.5208951182319417       0.6863614101483182       3
-0.5265840596190596       0.6888221067058552       3
-0.5520818791534738       0.6975924640134058       3
-0.5784032200477782       0.7040130622543854       3
-0.6150736990181229       0.7102837644161892       3
-0.653087811287459        0.7137502515181691       3
-0.6723521451178536       0.7140495083559294       3
-0.6728098606285212       0.714039063604091        3
-0.7168194860504455       0.711072413948223        3
-0.758653187527335        0.7043352990295455       3
-0.7989798735507765       0.6938344642373043       3
-0.8218254067204593       0.6851389984315894       3
-0.844159369936556        0.6735425086197022       3
-0.8707996440164989       0.65535197971317         3
-0.8954518603471676       0.6333594705403618       3
-0.9187591064094608       0.6072124518979841       3
-0.9314177356616968       0.5896860810784748       3
-0.9457530138915091       0.5648559314584202       3
-0.9701413812567017       0.5089443141700205       3
-0.9720873211910543       0.503592304715455        3
-0.983928070440869        0.4642341191585603       3
-0.989573105656624        0.4408046869187552       3
-0.9996218909021382       0.3926057860152762       3
-1.0059133400710083       0.355379258581771        3
-1.0116899608995602       0.31117871401448627      3
-1.0161963036700032       0.26548189977100045      3
-1.017055232114799        0.2550050110250798       3
-1.0198248958319969       0.2168597652828158       3
-1.022301188713161        0.17551906605273496      3
-1.02369399870522         0.1425464527556067       3
-1.0237242528476234       0.14156319904126313      3
-1.0246553684994157       0.11012596454733274      3
-1.0255538442364784       0.07746616772607773      3
-1.0255806702442158       0.0764464457335676       3
-1.0261179225075907       0.05091041596079884      3
-1.0264381514855128       0.030852026510201504     3
-1.0268346092755587       0.005568951651635646     3
-1.0269101282383137       4.839248969050582E-4     3
-1.0271479339415124       -0.020261353677712493    3
-1.0272463587362466       -0.03143931594924527     3
-1.027426685743684        -0.05175515892582967     3
-1.0274715911115864       -0.05735361151327668     3
-1.0275480265831671       -0.07529602449190101     3
-1.027560272216723        -0.08394398983767021     3
-1.0275868300519315       -0.10242765076045113     3
-1.0275769537929527       -0.11073920567107196     3
-1.0274217401557109       -0.12758726580060312     3
-1.027353338260829        -0.13225539748472911     3
-1.0271039762752776       -0.14908955973069132     3
-1.026822213333578        -0.16131485073841945     3
-1.0261880829310448       -0.17646881596371558     3
-1.026177997543479        -0.1766603737858421      3
-1.0253387684976425       -0.19201770254289732     3
-1.0248387741330838       -0.19959738658283527     3
-1.0236150724254487       -0.2127221160708798      3
-1.0219719485174235       -0.22523272563764155     3
-1.0210996736086388       -0.23081056163523306     3
-1.0205114214231221       -0.2343157403363808      3
-1.0181689221351236       -0.24601752068650323     3
-1.0170290669510906       -0.2507320400480946      3
-1.0126176243181069       -0.265115684767316       3
-1.0117878752331662       -0.26730836466298863     3
-1.008538749507345        -0.2746131282182216      3
-1.0052015359376598       -0.28073572616326364     3
-0.9965097370577937       -0.29291421994717654     3
-0.9961902147113617       -0.2932786934694942      3
-0.9925402178432617       -0.2971304100828744      3
-0.9887553795911344       -0.30057276468085614     3
-0.9886080785763228       -0.30069629418846644     3
-0.9851025639741378       -0.3033600718335429      3
-0.9813740425249853       -0.3056782215522641      3
-0.9759960957611458       -0.30833992368504887     3
-0.9731084028842574       -0.30946812652042294     3
-0.9688166020089235       -0.310716131358044       3
-0.9642610728855645       -0.3115534173367976      3
-0.9614839815571513       -0.3118518838639799      3
-0.9578693725425192       -0.3119665310515925      3
-0.9540092558903912       -0.3117186957195581      3
-0.9532086437901321       -0.31162463094946574     3
-0.9485731338834849       -0.3108709581321605      3
-0.3                      0.1044913454735328       4
-0.3019723811106434       0.10745510611519712      4
-0.3168839165303787       0.1378867951910454       4
-0.3218197130273293       0.1658797480610989       4
-0.32231106164409296      0.1915503787650859       4
-0.323016340696602        0.22441539331464364      4
-0.3248751728563576       0.263784121487648        4
-0.32783679024170853      0.2987783398168944       4
-0.3280590919175883       0.3008479967809628       4
-0.3315558207245742       0.33368342517139465      4
-0.33371645538811057      0.35287578547575804      4
-0.33910507354827774      0.3916219456098571       4
-0.34532141657816556      0.42486466649156945      4
-0.3453908272952512       0.4251841263538819       4
-0.35220570832501064      0.4560225083073972       4
-0.35844303178388304      0.48313718328416705      4
-0.3642662646484501       0.5055182789359269       4
-0.3754925528590149       0.538460737213502        4
-0.3818267924220804       0.5534964325808378       4
-0.3953519223060551       0.5817662414068694       4
-0.40956781405164444      0.6063241402493929       4
-0.41017955942301576      0.6072726987178336       4
-0.43061039837308734      0.6343945268538933       4
-0.4353643347333602       0.6396333774991723       4
-0.46188713374606416      0.664923832232603        4
-0.4904632078765858       0.6853704719453133       4
-0.52200681851726         0.7013405264132264       4
-0.5418980491961863       0.7083682362696047       4
-0.5544654185711775       0.7118931137426778       4
-0.5888153103635384       0.7195057740260734       4
-0.6242141843260559       0.7244207244196436       4
-0.6610473302755284       0.726675149177568        4
-0.6679548096243837       0.7267477513809916       4
-0.6917520155317396       0.7261030393368144       4
-0.7329133593184922       0.7221254726304531       4
-0.7722119819224893       0.7145662871819197       4
-0.8102712193072101       0.7034150256994385       4
-0.8224414557761847       0.6987446292405681       4
-0.8326960255966269       0.6940926547612636       4
-0.8589718163110123       0.6791070672348314       4
-0.8830033005886536       0.6607360532538515       4
-0.9054295241278254       0.6386934457092132       4
-0.9268274422320647       0.6126203964770797       4
-0.9329777733072897       0.6039115746593936       4
-0.9465615965602534       0.5810058946830545       4
-0.9526401510439149       0.5689780959476652       4
-0.9756167298559751       0.5129752667318883       4
-0.9797069976014683       0.5006621901330178       4
-0.99039483357188         0.46055112224771966      4
-0.9942160536656128       0.4429855558174793       4
-1.003441151001626        0.39518328277232223      4
-1.0039470509862367       0.3923249044106391       4
-1.0099344594803328       0.3533498607755668       4
-1.0152005655812397       0.3088230806537401       4
-1.0189654551833391       0.26711950058823647      4
-1.0199753217406706       0.2537171631436361       4
-1.0225023290817374       0.21550240084686714      4
-1.0247558278418483       0.17408299933859198      4
-1.025913593689261        0.14396123974167868      4
-1.026012174954987        0.14044351450126227      4
-1.0268582647380753       0.10898615639374606      4
-1.0276748783277132       0.07630456403220363      4
-1.0281436568934752       0.05202732224406342      4
-1.0284669702029843       0.029757692129640446     4
-1.0288278407324372       0.004465041245368365     4
-1.028867631261067        0.001572519282122659     4
-1.0290887987845543       -0.019157188203476026    4
-1.0291957962579286       -0.032483722212393214    4
-1.0293606639737987       -0.05280089082147642     4
-1.029387948773088        -0.05639669374551651     4
-1.0294623575544253       -0.07432955342683836     4
-1.0294763753011085       -0.08505143797628639     4
-1.0295009417695347       -0.10352442283637395     4
-1.0294971632898096       -0.10968584612500006     4
-1.0293632988390105       -0.1265280947066878      4
-1.0292715980109188       -0.13337455444351604     4
-1.0290439939566127       -0.15017391415250309     4
-1.028845300508277        -0.16002384017412408     4
-1.0282806621548488       -0.17518737988548055     4
-1.0281531120529723       -0.1778321155931576      4
-1.0273835421861721       -0.19311348229743885     4
-1.0271266515952626       -0.1975727625878615      4
-1.0260677359224073       -0.21077643765793064     4
-1.0245950831939723       -0.22336100403753972     4
-1.0233484880601174       -0.23205730940754138     4
-1.0232587052404916       -0.23265063493463767     4
-1.0211771401861336       -0.24447897445063163     4
-1.018691784919928        -0.2553108429934252      4
-1.0153414475054388       -0.2664710783815839      4
-1.0132485083794789       -0.2719739591660798      4
-1.0076339191180739       -0.2835702903708587      4
-0.9996043778272881       -0.295346864699927       4
-0.9994994660886544       -0.29547276530635197     4
-0.9961390005521225       -0.2992246128082185      4
-0.9926604399969088       -0.3025825343658627      4
-0.9890441669206669       -0.3055762388302179      4
-0.9861028943679618       -0.30763889965327        4
-0.9809265569225538       -0.31058069966192553     4
-0.9750350532238231       -0.31310368991016696     4
-0.9723355098306904       -0.3139711087590602      4
-0.9682562972186517       -0.31489911788178715     4
-0.9647388366326074       -0.31537918432941653     4
-0.9596747157105148       -0.31562454824015085     4
-0.9574985347675733       -0.3155604600501105      4
-0.9539019451215566       -0.3151826098512703      4
-0.9501067447339802       -0.3144582750897834      4
-0.9478926394825659       -0.31390400096405396     4
-0.3                      0.1072981321100328       5
-0.30077698037980727      0.10849157448620783      5
-0.3154929001733332       0.1388961408862071       5
-0.3202574021425634       0.1668701324733352       5
-0.3205734642777224       0.19062838087144357      5
-0.3211379451037476       0.22600924490932234      5
-0.3227557019631808       0.26521708044002396      5
-0.3254375908814116       0.30007022121240073      5
-0.3285054685867165       0.3317582406283178       5
-0.33090791877754333      0.35521176545870603      5
-0.3358489598585317       0.39372298443274967      5
-0.3415468342968679       0.4267769599329928       5
-0.3465505214387049       0.4516478789880688       5
-0.3522018959378195       0.47936625418951784      5
-0.3592242687085884       0.5093050104961198       5
-0.36955736326273536      0.541874631906906        5
-0.3707032615352054       0.5448925952440825       5
-0.38290842498121497      0.5744127084121957       5
-0.3955311221176578       0.6000897545700588       5
-0.40883476095515386      0.6223895107637702       5
-0.42134308649311764      0.639476254563148        5
-0.4406242030210208       0.6611796000586094       5
-0.46571850957292626      0.6837055800868918       5
-0.49291123096550615      0.7018016565785113       5
-0.5230789392498797       0.7157863454132012       5
-0.5319758167514029       0.7188672054733806       5
-0.5401429325605978       0.72138528437094         5
-0.5725284208597332       0.729605923813649        5
-0.6141039563729525       0.7361908092442566       5
-0.6624575448473353       0.7389203209499449       5
-0.6691056288312964       0.7389696709466698       5
-0.7110431184912467       0.7375288110571777       5
-0.7653657749187283       0.7297627496398302       5
-0.8162411825950646       0.7151964465479766       5
-0.8217363614236232       0.7131430511348307       5
-0.823070073006013        0.7126278319980728       5
-0.8293134206699816       0.7100773890916077       5
-0.8404580286848232       0.704981318229587        5
-0.8731600726012558       0.6853121821036996       5
-0.9022681221180251       0.6596357684839911       5
-0.9158109011717583       0.6442432425943484       5
-0.9352222366581802       0.6182471557007284       5
-0.9474241634695169       0.5982340945961516       5
-0.9601826171524461       0.5723358064404891       5
-0.9812473582451282       0.5171205363012438       5
-0.987060561768664        0.4978344078967882       5
-0.9966357492061645       0.456996751608773        5
-0.9989322741511331       0.4452008420012755       5
-1.007320684583708        0.3978014561792629       5
-1.0084794174896605       0.3906146044203508       5
-1.0138907805625226       0.3513531656995101       5
-1.0186545986251614       0.30650540714585633      5
-1.021750214061796        0.26876633117630794      5
-1.0228719996547553       0.2524396405354852       5
-1.0251582961083126       0.21415591903064474      5
-1.027190786991088        0.17265844623681242      5
-1.0281359659119294       0.14537779696110198      5
-1.0282888650872375       0.13932932676941226      5
-1.029050346414626        0.10785194384010313      5
-1.029785499738354        0.07514866293796758      5
-1.0301680194127278       0.05314347213672144      5
-1.030488005680472        0.028667555988691886     5
-1.030813425474191        0.003365365815611517     5
-1.030822363809555        0.0026595729684527458    5
-1.0310269167015185       -0.018054585466050342    5
-1.0311391347395786       -0.03352486093013992     5
-1.031288591530057        -0.053843351024327836    5
-1.031300030887915        -0.055441910937561484    5
-1.0313724175007164       -0.07336523863574852     5
-1.031387752699084        -0.08615615481476481     5
-1.0314103327120372       -0.10461848994254008     5
-1.0314101734158636       -0.10863643590111052     5
-1.0312975781077887       -0.12547289472397732     5
-1.0311881247490648       -0.13449270032318475     5
-1.0309822589692526       -0.15125728893682608     5
-1.0308526884310858       -0.15874284791269508     5
-1.0303570028651845       -0.17391588781164852     5
-1.0301340012861402       -0.1790072832702757      5
-1.0294342942637877       -0.1942124658283994      5
-1.02936622537643         -0.1955908842351864      5
-1.02846861663067         -0.20887183811872523     5
-1.027162835944364        -0.22152879986990887     5
-1.0256258522370638       -0.23331988521163938     5
-1.0240428315767476       -0.24334800791355066     5
-1.0218178396718718       -0.2542602503170098      5
-1.0191949972912009       -0.26425490038473426     5
-1.018084525629577        -0.2678360533881065      5
-1.0174946494340513       -0.26959458383785206     5
-1.0163051580191924       -0.2729056494654542      5
-1.0102214139593708       -0.2865856130895553      5
-1.0028963620389912       -0.2979346377938764      5
-1.0017571273304338       -0.29934739058846105     5
-0.9986641376308906       -0.3028341430192364      5
-0.9954634391443653       -0.3059555463187328      5
-0.9921369611742866       -0.30873919915998393     5
-0.98956404972643         -0.3106362722490168      5
-0.9888166055939944       -0.3111517731647333      5
-0.9833935612067327       -0.3143554245697615      5
-0.9776734257478586       -0.3168193418070495      5
-0.974053632249513        -0.3179684694682771      5
-0.9724187289319817       -0.31838484205913486     5
-0.9715050224330203       -0.3185841739155512      5
-0.9671756428665597       -0.3192363187691231      5
-0.9626735075111588       -0.31945070157755573     5
-0.9579406969209561       -0.3192403081502496      5
-0.9552623877205477       -0.3189115458510099      5
-0.952274669479717        -0.31834118054834426     5
-0.9466957970578642       -0.3167989844958313      5
-0.29999999999999993      0.10951923234028968      6
-0.314423017154593        0.13967246663811078      6
-0.31905577005740515      0.16763187438910124      6
-0.31925301925907124      0.18992773091108495      6
-0.319691039670056        0.22723696953858186      6
-0.3211230991379004       0.2663208714105411       6
-0.32358951659709617      0.30106534184511274      6
-0.3262042503916711       0.33030586087046476      6
-0.32873436096009556      0.3570196064297786       6
-0.3333290171459397       0.39534900181884336      6
-0.33862564295677644      0.4282569051625559       6
-0.3423867630975453       0.4484269599125322       6
-0.3476067195166344       0.47658982296143904      6
-0.3552918269659582       0.512258424468098        6
-0.3649282862866293       0.5445372564225566       6
-0.3723355550298233       0.5644643233282051       6
-0.3837945163489277       0.5915476691734279       6
-0.39567792558138215      0.6151006810653225       6
-0.4082342316761588       0.635550529273855        6
-0.41395419653820265      0.6435279501692582       6
-0.42798163740852313      0.6609738490458357       6
-0.44419705737599613      0.6780153521224935       6
-0.4793991875115477       0.7050800425340784       6
-0.519570265071326        0.7243486628270213       6
-0.523826803153017        0.7258631084610879       6
-0.5249896354578248       0.7262594634819938       6
-0.5290554794358993       0.727606738958205        6
-0.5646278709936322       0.7372886564972418       6
-0.6096182848025793       0.7446162969285574       6
-0.65742918883595         0.7472915361017525       6
-0.675114213055552        0.7474143623018634       6
-0.7128282438895641       0.7462473638826627       6
-0.7667541035228582       0.7389874785785132       6
-0.8172436948349739       0.7250135676198931       6
-0.8271672684907253       0.7213921528476059       6
-0.8361186544977999       0.7178739190878723       6
-0.8481051110263457       0.7125281078730208       6
-0.8794673172880234       0.6939498483429004       6
-0.9073710602082856       0.6696689956333199       6
-0.9325164300032858       0.6387217815840883       6
-0.9426911305956178       0.6232533137696138       6
-0.9482123792886384       0.6139772671670612       6
-0.9668161619755251       0.5752888887263836       6
-0.9861994555120014       0.520766271143984        6
-0.993163123658146        0.49548769333576465      6
-1.0018149484406214       0.45404705724163896      6
-1.0030296253662172       0.4471254351293533       6
-1.0106911401604357       0.400076069086603        6
-1.012302273140139        0.389172040149136        6
-1.0172277667468326       0.3496690395265659       6
-1.0215679265144497       0.3045505495104712       6
-1.0241464148874913       0.2701833791101326       6
-1.025332964772987        0.2513542804541565       6
-1.0274147576140236       0.21301197245448306      6
-1.0292594842050464       0.17144817170973964      6
-1.03004034763182         0.1465916645780262       6
-1.0302286354265129       0.13838002397057603      6
-1.0309180292218771       0.10688557962618285      6
-1.0315837773132457       0.07416381979836999      6
-1.0318995831524786       0.05409818487412527      6
-1.0319173529789518       0.052608243125766146     6
-1.0322116563621013       0.027737827676969334     6
-1.032506841810362        0.002427501871516571     6
-1.0326835711720872       -0.01711210836585491     6
-1.0327976096320697       -0.034413384694419256    6
-1.032933914502246        -0.054733002564281596    6
-1.033003849969505        -0.0725415919939918      6
-1.0330199535129423       -0.08709951624864908     6
-1.033040837212942        -0.10555275714847853     6
-1.033041822489533        -0.10774137047705049     6
-1.0329473681084451       -0.124572891085274       6
-1.0328271115463417       -0.13544892300337558     6
-1.0326398360341127       -0.15218377586375847     6
-1.0325584931432474       -0.15765430762062754     6
-1.0321214011299635       -0.17283542043094258     6
-1.031834155210197        -0.18001590399687878     6
-1.031194409939944        -0.19515569936783822     6
-1.03048438024259         -0.20727274890400688     6
-1.0293187042225473       -0.21999049333180956     6
-1.0292627890898467       -0.22049658212311868     6
-1.0275987511937996       -0.23441366481523565     6
-1.0274384890132624       -0.23563568086853975     6
-1.0256462893566072       -0.24718625079069295     6
-1.0234797800118052       -0.2577624062277842      6
-1.0209268382822037       -0.2674492864650093      6
-1.020428527524238        -0.26910128372188535     6
-1.0187027570877538       -0.2744426269417752      6
-1.0181257688216632       -0.27610375495628403     6
-1.012559230846422        -0.2893099749932663      6
-1.0058706892373277       -0.30027270608384415     6
-1.004596209841862        -0.301938397874856       6
-1.001772463279697        -0.30528076849598457     6
-0.9988550654815558       -0.3082764112879946      6
-0.9972249966202544       -0.30978444585402454     6
-0.9904296805205377       -0.3151461366344886      6
-0.9883582467575951       -0.31648952897708144     6
-0.9832230151179656       -0.3192073557840589      6
-0.9777869567307299       -0.3212510900303676      6
-0.9741876323184371       -0.32223497497412407     6
-0.9705879494513989       -0.3229563013884116      6
-0.9680009214957341       -0.3232838612534705      6
-0.9636592553252651       -0.3234593036110311      6
-0.9590856813750351       -0.32318561810677787     6
-0.9561084279160417       -0.32278268759020823     6
-0.9526887062432874       -0.3220652195558001      6
-0.9505616038730081       -0.32147053487793903     6
-0.9454989546331625       -0.3196939680276087      6
-0.3                      0.11199281317798385      7
-0.3132813406942433       0.1405008869616268       7
-0.31777350363986856      0.1684447322425832       7
-0.3178590261174914       0.18918805510058742      7
-0.3181448697698972       0.22854892180805347      7
-0.31937849213831054      0.2675003875937949       7
-0.32161465579062926      0.3021287323981486       7
-0.32378999450587326      0.3287821390494049       7
-0.3264016067814949       0.35895985782114176      7
-0.3306245080477941       0.39709411244872106      7
-0.33549049686110677      0.42984524497603904      7
-0.33810420689687437      0.445114143502786        7
-0.34288043627363135      0.47373417626023245      7
-0.3434606183352014       0.4772349534061442       7
-0.35104188219586036      0.5154502953426393       7
-0.3599254603650877       0.547414859671538        7
-0.3600486874580271       0.5477881298268246       7
-0.37041783616736546      0.5771352589655978       7
-0.3809226275739175       0.6026922081815177       7
-0.39177911144674527      0.6249230971408006       7
-0.4032137280593245       0.6442312084622713       7
-0.4058562920580592       0.6481396526492869       7
-0.40732135288900384      0.650226029320695        7
-0.4076828821177295       0.6507345673305598       7
-0.43768262779533695      0.6857290835133385       7
-0.47119102306897487      0.7117195431566126       7
-0.5094154140399533       0.7302439349262805       7
-0.5196890344528773       0.7338400123908224       7
-0.5295854240634618       0.7370159965738203       7
-0.560882710450663        0.7453306481178357       7
-0.6053912590259178       0.7525559672908926       7
-0.6526907700415967       0.7551800633096681       7
-0.6807692361583401       0.7553621454945756       7
-0.7060508750201091       0.7548853393935726       7
-0.7601645231581451       0.7490974219236743       7
-0.810782632932247        0.7366938372763717       7
-0.8318099077409705       0.7295367323980584       7
-0.8508707542096527       0.7218925312741798       7
-0.8728725171365305       0.7104970338333525       7
-0.9009837614343844       0.6900125074174634       7
-0.9261526037866947       0.6636291565735026       7
-0.9490177246790262       0.6303118702476072       7
-0.9501279731039369       0.6284063118134523       7
-0.9516138366751613       0.6257941294118767       7
-0.9546156532267558       0.6202808301945846       7
-0.973385897165155        0.57821356461672         7
-0.9911039173863629       0.5243769368027265       7
-0.9988994977602127       0.4932817947514364       7
-1.0066833668026165       0.45127436100634255      7
-1.0070395482091712       0.4490089617158141       7
-1.0139896777030644       0.4023021468078508       7
-1.0159442074522724       0.3877977470036093       7
-1.0204068259619596       0.3480646166929621       7
-1.0243433775836412       0.3026882079133597       7
-1.0264703190183537       0.27155767274684794      7
-1.027692188509703        0.2503137914005807       7
-1.0295779323399963       0.2119153189927917       7
-1.0312426572029434       0.1702879324316386       7
-1.0318802137014316       0.14776440942116997      7
-1.0320929629955573       0.13746764205432238      7
-1.032713072932613        0.1059567998581513       7
-1.0333121151436475       0.07321727979868116      7
-1.0335697143856721       0.0550190262644024       7
-1.033605048522481        0.05172142855062071      7
-1.0338697424919872       0.026843464547213945     7
-1.0341358436545578       0.0015253125741167082    7
-1.0342804514561537       -0.016203637030266192    7
-1.0343939428124789       -0.035268616192298013    7
-1.0345175885541622       -0.05558931958099311     7
-1.0345753310995942       -0.07174821244556132     7
-1.0345918634537548       -0.08800803142834389     7
-1.0346111134998723       -0.10645251402638205     7
-1.0346115078829108       -0.10688029615357098     7
-1.0345345055070214       -0.12370706608132058     7
-1.0344076522645511       -0.13637104689371257     7
-1.034238304093119        -0.15307722437434906     7
-1.0341940553674442       -0.15661059179047998     7
-1.033813144111876        -0.17179944508173545     7
-1.033479141911923        -0.18099179662569856     7
-1.0328974127326944       -0.196068326517088       7
-1.0323969958210841       -0.20575548620247344     7
-1.0313642552135736       -0.21853090301483408     7
-1.0310472851134456       -0.22168383729323302     7
-1.029524228399014        -0.23548115369349915     7
-1.028308648164488        -0.2444857763459189      7
-1.0264162038883955       -0.25527720792268693     7
-1.0241559194142609       -0.2651594850436201      7
-1.0227089153549922       -0.2704627123451808      7
-1.0211123064151832       -0.27573330625622805     7
-1.017206478690265        -0.28658229464221197     7
-1.01483613414875         -0.29196335158989045     7
-1.0087675180940296       -0.3025498542385953      7
-1.0072098444184985       -0.3046992167175172      7
-1.0046450090394323       -0.3078775613244433      7
-1.0034782921545207       -0.3091981523662193      7
-0.9976119658453182       -0.31499941242924917     7
-0.991326971581964        -0.31982094837741154     7
-0.9885484887320044       -0.321523243937128       7
-0.9837414883424653       -0.32383710932617543     7
-0.9814072360117505       -0.3247223274306836      7
-0.9748912928601586       -0.32659412998321063     7
-0.973451796414055        -0.32688939641429987     7
-0.9699216601463039       -0.32740312203811406     7
-0.9663164750831412       -0.32763748083233135     7
-0.9662391180980303       -0.3276394637172414      7
-0.9621974037054701       -0.32753650306700044     7
-0.9589613023062742       -0.32718153174562287     7
-0.954216847854632        -0.3262729675591632      7
-0.9535210159322103       -0.32610102604631896     7
-0.9502992292140569       -0.32512294194376823     7
-0.947007302272532        -0.3238290320340029      7
-0.9443021122084606       -0.3225889515593861      7
-0.29999999999999993      0.11452165504378298      8
-0.31214479849667315      0.1413255817746508       8
-0.316497003735848        0.1692539345719598       8
-0.3164864757399499       0.18845975717524327      8
-0.3166033299814016       0.22985694534659923      8
-0.3176391094838691       0.2686763716350541       8
-0.319645708840104        0.3031889385553425       8
-0.32142750502576917      0.3272910888280779       8
-0.32406515804520925      0.36090318213409966      8
-0.327915715615826        0.3988419869411397       8
-0.3323503853995143       0.4314361003623673       8
-0.3339913443096013       0.44193259537318785      8
-0.338341429050807        0.4709916827751456       8
-0.3398176347766694       0.4808642352528399       8
-0.34675271291977056      0.5186716253195977       8
-0.3548764612846108       0.5503190215164514       8
-0.35842959335800384      0.5617311364692237       8
-0.3678265641472716       0.5893901769448244       8
-0.3772918706642287       0.6134835204107358       8
-0.3870193794470498       0.6344488179824634       8
-0.39788013648910614      0.6532484745857289       8
-0.40562369353116945      0.6643882236530889       8
-0.4258151945834404       0.6884292471070339       8
-0.4569288983806009       0.7147086390282362       8
-0.4922909546222561       0.7336308976573228       8
-0.5145230327862667       0.7417032925693802       8
-0.5360954099453857       0.7481350922171366       8
-0.5571268569754557       0.7533956006957705       8
-0.6011521645275882       0.7605183064697463       8
-0.6479388224303873       0.7630911133135821       8
-0.686433258837879        0.7633225770325807       8
-0.6995036183993832       0.7632300294116074       8
-0.7537986790523128       0.7588641019991976       8
-0.8045409436964432       0.7479775263175426       8
-0.8365602916789618       0.7378703283965238       8
-0.8368799696635968       0.7377599782004077       8
-0.8656946148544711       0.7259306918207444       8
-0.8761003524069226       0.7205119060741828       8
-0.9033652493940283       0.7018910340683979       8
-0.9277250620348508       0.6778051332061482       8
-0.949795610426537        0.6473059787087956       8
-0.9573952080635427       0.6342611531893565       8
-0.9657564944037117       0.617448516657763        8
-0.9799877380425625       0.5811525331274238       8
-0.996032346911947        0.5280052474503394       8
-0.9962596503512808       0.5271523880836715       8
-1.004378250431663        0.49117496340696576      8
-1.0113331437578739       0.44862618697934137      8
-1.0172626164828626       0.40451094874099813      8
-1.019464125945143        0.3864694968368092       8
-1.0234793770741464       0.34651394687896403      8
-1.0270258426440244       0.3008882603948452       8
-1.0287551863669409       0.2729088810932684       8
-1.029985717809271        0.24930227558157708      8
-1.031680871767441        0.21084920270771007      8
-1.0331706071917488       0.16916000092712594      8
-1.033682330014041        0.14891309227763694      8
-1.0339098158465467       0.13657849375588965      8
-1.034462406224494        0.10505167127586276      8
-1.0349964412067167       0.07229484324538146      8
-1.0352029215334069       0.055919509238818305     8
-1.035251178596351        0.05085645491974823      8
-1.0354869923887096       0.02597112827157663      8
-1.035724725568955        6.45342877882947E-4      8
-1.03584107393536         -0.015315792899318793    8
-1.035844333294668        -0.01593597373317811     8
-1.0359518501074314       -0.03610326111841417     8
-1.0360631414428618       -0.056425023896044466    8
-1.0361101058913644       -0.07097336449611893     8
-1.0361267618707535       -0.08889515509550053     8
-1.03614441672831         -0.10733108561100127     8
-1.0360826312464995       -0.12286252295877398     8
-1.0359529539433912       -0.13727261151613557     8
-1.0358011334126656       -0.15395075295065624     8
-1.0357842951524763       -0.1555957979704634      8
-1.0354580078511364       -0.17079217724915277     8
-1.035092736989213        -0.18194906609187445     8
-1.0345679167678399       -0.19696353781204007     8
-1.0342384394448976       -0.20429468364559625     8
-1.0333336874779357       -0.2171256267466729      8
-1.0328131575055892       -0.22285870184860887     8
-1.0314296106433152       -0.2365375018803922      8
-1.0307871379893616       -0.241971803242861       8
-1.029149831180893        -0.25296364346483036     8
-1.0271619923394435       -0.2630278228848256      8
-1.0250012338916499       -0.27183126379394223     8
-1.0234480853445094       -0.27732173210522404     8
-1.0198624303738404       -0.2879689304745826      8
-1.0158986432950958       -0.2971930787923192      8
-1.011639858133359        -0.3048077521483197      8
-1.0097890504748985       -0.30752320541086087     8
-1.0084451695460503       -0.3093482720622351      8
-1.003369825473649        -0.3154321413129726      8
-0.9980240873092003       -0.3205533415788436      8
-0.9922825847982408       -0.32479961369259        8
-0.9895870440802172       -0.326375801018189       8
-0.9871337721462834       -0.3276004822544743      8
-0.9815343482954813       -0.3298190472643878      8
-0.9756600934766059       -0.331356825714273       8
-0.9753265101571617       -0.33142160821737854     8
-0.9721531287082108       -0.33189004481989004     8
-0.9689127200049696       -0.3321070802280659      8
-0.9645182851640699       -0.33205126225135656     8
-0.962770404887802        -0.33192727908863573     8
-0.9602943223535327       -0.3316291242888537      8
-0.956996184990651        -0.3309930919983083      8
-0.9566744597137633       -0.3309170433327699      8
-0.9523607222196491       -0.3296978282118058      8
-0.9514258190626934       -0.3293821387008262      8
-0.9484583409265942       -0.32820670777856314     8
-0.9454052377968192       -0.32673981683286546     8
-0.9429806208803033       -0.3254120574321148      8
-0.3                      0.11683793804390143      9
-0.3111316875022587       0.1420607127569385       9
-0.31535913477691535      0.16997525559140805      9
-0.3152755333117633       0.18781721110000243      9
-0.3152271698115381       0.2310246413791145       9
-0.31608633144527576      0.26972619364422545      9
-0.31788799464413675      0.3041354035744506       9
-0.3193548041712236       0.32598293440286596      9
-0.32197008738071         0.3626457419842074       9
-0.3254867680115846       0.40040928885426214      9
-0.3295346782520513       0.4328626047831985       9
-0.3304414524305459       0.43918653915846456      9
-0.3344237234291462       0.46862458318344075      9
-0.3365243052921202       0.4841451781177805       9
-0.34287521871365867      0.5215837715925976       9
-0.35031206584553376      0.5529444414992992       9
-0.3581758197378412       0.5795876508414162       9
-0.36661594054422986      0.6050534733364908       9
-0.375085448292113        0.6272399837581434       9
-0.39058538402818077      0.6579208497758962       9
-0.40405187927835645      0.6775005944005164       9
-0.4150879410290262       0.6908699888403795       9
-0.4440370265642515       0.7174105534810782       9
-0.4768117507475913       0.7366924533742591       9
-0.5096859113172656       0.7490659772572901       9
-0.5418623288698075       0.7579850249590712       9
-0.5536883463168134       0.7607791223330578       9
-0.5972712432638284       0.7678078848079171       9
-0.6435883804820225       0.7703337360460916       9
-0.6916122417483456       0.7706013153477005       9
-0.6937144526234722       0.770608508164077        9
-0.7481699204795074       0.7674999220552658       9
-0.7990219644046586       0.7579547045781869       9
-0.8410005745005091       0.7456599141724789       9
-0.8525213652614094       0.7415924873343674       9
-0.8792958805591127       0.7296358058843351       9
-0.9055616148765101       0.7128461958668031       9
-0.9291752868847849       0.6908791551134716       9
-0.9505130280385925       0.6629790679127766       9
-0.9640986422833187       0.6396617690011128       9
-0.9767782307236562       0.6109445663416555       9
-0.9860019351406557       0.5838298978529128       9
-1.0005220865317488       0.5313105945153574       9
-1.001864153815587        0.5257461249575355       9
-1.0091332764096341       0.4893464381248583       9
-1.0153686992099815       0.4463278287493384       9
-1.0202048997525959       0.40649660182261604      9
-1.0225512926079596       0.38530454667016983      9
-1.0261741773607316       0.34515392216120205      9
-1.0293785155043078       0.2993096050977884       9
-1.0307911149751874       0.27411287384579286      9
-1.032007843453075        0.24841045698693098      9
-1.0335349608974131       0.20990924476614525      9
-1.0348704141717902       0.16816554263956057      9
-1.035282332196377        0.14993294602642074      9
-1.035515287572109        0.1357927931130509       9
-1.0360082139310294       0.10425184956984443      9
-1.0364848049283097       0.07147972725833748      9
-1.0366507418789566       0.056717777586460856     9
-1.0367069478925193       0.05009150804598209      9
-1.0369172212516964       0.025199670179555406     9
-1.0371298669626594       -1.328658953301514E-4    9
-1.0372237581780535       -0.01452917851551652     9
-1.0372338336507987       -0.016673598184471214    9
-1.037330329982175        -0.03684177825414848     9
-1.037430689793991        -0.05716447840868908     9
-1.0374690420903907       -0.07028729059597097     9
-1.0374698439546228       -0.07124466965319601     9
-1.037485563795145        -0.08968050045305369     9
-1.037501806477627        -0.10810886005305888     9
-1.0374518067056206       -0.12211560189928025     9
-1.0373226215941145       -0.13807170719776088     9
-1.0371863365687195       -0.15472499907316642     9
-1.0369084117913816       -0.16990399107397622     9
-1.0365273840292497       -0.182800174170658       9
-1.0360531615502024       -0.1977594699839871      9
-1.0358478464686502       -0.20301795387502336     9
-1.0350549555515718       -0.2158974265090744      9
-1.0343965314881476       -0.2239121471475377      9
-1.0331380764904947       -0.23748467917535995     9
-1.0328940009561802       -0.23983477739056347     9
-1.031473576087912        -0.2509969768161768      9
-1.0297173321508337       -0.2612157839508502      9
-1.0270887111044722       -0.273077521640825       9
-1.0257429793854045       -0.27820557144541924     9
-1.0224660297298234       -0.28874413273733435     9
-1.0188505033183517       -0.2978751601948029      9
-1.014839791075579        -0.30578380235711755     9
-1.0142210087382328       -0.306836750970057       9
-1.0139803865495414       -0.30723447820240163     9
-1.013082487808135        -0.3086843468681578      9
-1.0078190453229983       -0.3161647025937454      9
-1.001229483169986        -0.32331932724402346     9
-0.9940315096761464       -0.32888457280732686     9
-0.9920899595281414       -0.33007555378450437     9
-0.9920693063264664       -0.3300877499538111      9
-0.9872371474904074       -0.3325870299592999      9
-0.9822417166491388       -0.334469057012573       9
-0.9770246455077897       -0.3357537922908201      9
-0.9760831288450604       -0.33592037658122686     9
-0.973951609863126        -0.33622753087593965     9
-0.9712539302406732       -0.3364665731999661      9
-0.9655931623165519       -0.3364548046576751      9
-0.9649005039261359       -0.33640733889185187     9
-0.9624868609644835       -0.3361589179957434      9
-0.9600413998487609       -0.3357802909810806      9
-0.957271684143777        -0.3351787969411859      9
-0.9541937945214107       -0.334279215975116       9
-0.9509495703064643       -0.33309917816227147     9
-0.9489211496684056       -0.3322384568913023      9
-0.9478249714091431       -0.33172710080233103     9
-0.9445179037590309       -0.32999158741224355     9
-0.9410745577046098       -0.32789807525367065     9
-0.3                      0.11939087659271269      10
-0.3100468103288268       0.1428479185286298       10
-0.3141406621054025       0.17074767313798558      10
-0.3139917053871983       0.18713599077522688      10
-0.31396631213515946      0.18890013464247263      10
-0.3137519779616885       0.2322763675284328       10
-0.31442181189492036      0.2708515632818865       10
-0.3160037912548513       0.30514997841314456      10
-0.3171698139408667       0.32460391020233176      10
-0.3197142359487085       0.36452203007311246      10
-0.3228714171195448       0.40209686929009514      10
-0.3265028869581666       0.43439858258815633      10
-0.32675412621618394      0.43633416916759227      10
-0.3303543435350339       0.4661658411501989       10
-0.33294772836890085      0.48770830309273444      10
-0.338664235159611        0.524746381105529        10
-0.34535510315095985      0.55579566442384         10
-0.3491752483954587       0.5704455233757793       10
-0.35665925050926806      0.5971913606442053       10
-0.3639555090668934       0.6205168105003376       10
-0.36787882533420013      0.6315571462176996       10
-0.3825855763674839       0.6630448211567163       10
-0.38805246694736234      0.6720586173990148       10
-0.4023055661877779       0.6920686673415603       10
-0.40347439422449655      0.6935123863761696       10
-0.4300800192111848       0.7203357020105453       10
-0.46005364413778727      0.7400069569825644       10
-0.5042326895824607       0.7573664411641676       10
-0.5048096773915365       0.757531723957747        10
-0.5480084898709933       0.76848270548418         10
-0.5499052299894674       0.7689026164944412       10
-0.593001378181057        0.7758280207238232       10
-0.6388019396069117       0.7783022104910663       10
-0.6455359910965862       0.7783368132024076       10
-0.6973028906158298       0.7785991683365452       10
-0.7421875751688017       0.7766782261072679       10
-0.7931562944777931       0.7685586281271577       10
-0.7950579095027921       0.7681190425234767       10
-0.8459928883884937       0.7544179277526579       10
-0.8697319312886738       0.745809480062902        10
-0.8942616475202678       0.7337126230603479       10
-0.907976855667633        0.7248930768890625       10
-0.930770031585427        0.7052560478785667       10
-0.9513019387616604       0.6802140338919287       10
-0.9714815756241979       0.645609822674895        10
-0.9735506107448317       0.6412720046199207       10
-0.9873147921919468       0.6047269187493818       10
-0.9925286063281621       0.5867354027652534       10
-1.0053944001154282       0.5348975925970799       10
-1.0076693789936544       0.5242894974152694       10
-1.0140586006074845       0.4874524253770688       10
-1.0195487855043819       0.44394715628655756      10
-1.0233567285957836       0.40862367052452775      10
-1.025779773505077        0.3840862712189643       10
-1.0289923314149245       0.34373164267309125      10
-1.0318388813401007       0.2976586872736656       10
-1.0329527633576017       0.2753912138501482       10
-1.0341328853521223       0.24747324920966943      10
-1.0354834140500808       0.20892144758584208      10
-1.03665673297149         0.16712047131354915      10
-1.0369751268435379       0.15101194640897483      10
-1.0372061065660938       0.1349653244324469       10
-1.037636197152187        0.10340950914689867      10
-1.0380522904282783       0.07062127950665732      10
-1.0381802462907355       0.05756108315490083      10
-1.038241278810507        0.04928528027203001      10
-1.038424633428925        0.02438657980484029      10
-1.0386108378075454       -9.530712565320428E-4    10
-1.0386836420743706       -0.01369864495183932     10
-1.0386990674754266       -0.017451426193754314    10
-1.0387839426639793       -0.03762054760283629     10
-1.0388727751393076       -0.05794423622517347     10
-1.0389029872044073       -0.06956334761934233     10
-1.0389048901214104       -0.07208121853672653     10
-1.0389191187566          -0.09050905074693147     10
-1.0389338715747036       -0.10892942292560862     10
-1.0388949536908076       -0.12132832743566063     10
-1.038889715185643        -0.12206515813225363     10
-1.0387693439171697       -0.13891575835152348     10
-1.0386494683925394       -0.15554280268295662     10
-1.0384327474231523       -0.16897053123089356     10
-1.0380473008274476       -0.18370186875470854     10
-1.037626683420844        -0.19860270922305293     10
-1.0375252985450834       -0.20168724450624137     10
-1.036848998116072        -0.21461729848152858     10
-1.0360882501352133       -0.22503767597110874     10
-1.0349634465947064       -0.23849666845245132     10
-1.0338383182623732       -0.2489956127451335      10
-1.0323177552023575       -0.2593717756537283      10
-1.031799701115108        -0.2623424598956329      10
-1.0293530630955543       -0.2744293766070286      10
-1.0289757689119805       -0.276053192282705       10
-1.0261042555218212       -0.2868886121293609      10
-1.0229499230212953       -0.2962786720563215      10
-1.0194631490214707       -0.30441373375389835     10
-1.0173114572377535       -0.3085560891438335      10
-1.0144352389997764       -0.3134791740352702      10
-1.010149447269688        -0.31981250290696034     10
-1.004133967666454        -0.32674768386699016     10
-0.9975865444632119       -0.332180862793205       10
-0.9944426401022857       -0.3342124740706669      10
-0.9898483379108012       -0.3367299983109973      10
-0.9863147014880538       -0.33827249933757        10
-0.9816803927005813       -0.3397337283753278      10
-0.9800741094298511       -0.3401109636591589      10
-0.9749553178554807       -0.3409789739412071      10
-0.973384754351994        -0.34113881294927323     10
-0.9704361192790238       -0.34127628933497695     10
-0.9674296087407734       -0.34120770586659016     10
-0.9654350235654496       -0.3410569469868211      10
-0.9642030000151536       -0.34092254069609945     10
-0.9615293031261591       -0.34050956548592903     10
-0.9587999445325394       -0.3399232548008666      10
-0.9556252347468249       -0.3390300655407399      10
-0.9538021185386957       -0.33841069948710956     10
-0.9500622097531988       -0.336900516151247       10
-0.9480472522791221       -0.33594372858588284     10
-0.9436480740879618       -0.3334478985756414      10
-0.9422711578421883       -0.3325580242694018      10
-0.9391684945289162       -0.3303840930752264      10
-0.3                      0.12219985788478376      11
-0.30889269445650813      0.14368536510612095      11
-0.31284442444401817      0.17156938768078667      11
-0.31264033961587157      0.18641893375222618      11
-0.31256766534795155      0.19038686343524552      11
-0.3121801582549816       0.23361008410848225      11
-0.3126482631651639       0.27205064675972995      11
-0.3139961689791294       0.3062310098230931       11
-0.3148823856227096       0.32316023372089936      11
-0.31729887157443604      0.36653099189636107      11
-0.32007113280948724      0.40390377980095793      11
-0.3232567154339279       0.436043170532707        11
-0.326155471825759        0.46362885943985993      11
-0.3290795796240356       0.49156190325164195      11
-0.3341099613109236       0.5281668147437713       11
-0.33999403600855366      0.5588793264318601       11
-0.34065668714854536      0.5617929867999736       11
-0.34723577385951754      0.5897502898552882       11
-0.35342161456644033      0.6141536852062195       11
-0.36068109276677124      0.6380913480761382       11
-0.37378955196133357      0.6686787787759155       11
-0.37460840700245035      0.6702087796734787       11
-0.38687744098754356      0.6905997037590386       11
-0.40035053407550736      0.7083779137002445       11
-0.41488884015191624      0.7235195116885077       11
-0.4418136739375913       0.7436145511130713       11
-0.45042432159090456      0.7484235311042073       11
-0.49805605548510723      0.7667680262975671       11
-0.5112825241916077       0.7701740494400582       11
-0.5545408732879809       0.7796400562541684       11
-0.588309211505882        0.7846413705008044       11
-0.6335421063495309       0.7870587893332306       11
-0.6524550465063816       0.7871454230524635       11
-0.7035471629837637       0.7873751047163835       11
-0.7358450868003099       0.786409073069265        11
-0.7869375054657348       0.7798009182787082       11
-0.8022461992475372       0.7766382399945981       11
-0.8516224258499041       0.7642938223064479       11
-0.8635473901830791       0.760552023372592        11
-0.8886386505352954       0.7504420701507086       11
-0.9107023359785485       0.7381912228719155       11
-0.932534848601234        0.721166171283316        11
-0.9521749832480061       0.6992870311024738       11
-0.9551985754773576       0.6951894861966582       11
-0.9796687380132314       0.6522058027653967       11
-0.9860096054539245       0.636742717589014        11
-0.9974845678289842       0.5987257122652853       11
-0.9996069433761345       0.5898864950254944       11
-1.0106785452420772       0.5387877811301667       11
-1.013659438056319        0.5227864919774373       11
-1.0191407433225264       0.4854981087266902       11
-1.0238619625168925       0.44149068505185163      11
-1.0267245557531355       0.4108965095955119       11
-1.0291423858587958       0.3828173809225676       11
-1.031927569360973        0.34225027272556285      11
-1.0344014662887955       0.29593917991175905      11
-1.035240210568808        0.276743947857087        11
-1.0363572456488734       0.24649223901383263      11
-1.0375229323460802       0.20788748358254763      11
-1.0385265392172733       0.16602655633432284      11
-1.0387596330707227       0.15214940446097902      11
-1.0389799265568946       0.13409723595423714      11
-1.0393440968106664       0.10252581888401688      11
-1.0396967225792209       0.06972069121873009      11
-1.0397900601326149       0.058448668026545365     11
-1.0398522199228588       0.04843879699273703      11
-1.0400073117293411       0.02353289127042475      11
-1.0401657545417715       -0.0018142300335863325   11
-1.0402192787573816       -0.01282501533644876     11
-1.0402382868745674       -0.018268529881206735    11
-1.0403109541218527       -0.0384386401617223      11
-1.04038767719891         -0.058763367163588015    11
-1.040410379750091        -0.06880232389827867     11
-1.0404131644977164       -0.07296045522942526     11
-1.0404258258336478       -0.0913798806941894      11
-1.0404390127618737       -0.10979185786565313     11
-1.0404102467715979       -0.12050169538802386     11
-1.0403950801593789       -0.1229812024333636      11
-1.040291787703323        -0.13980398715242257     11
-1.040189180552917        -0.15640341014312867     11
-1.0400285202625559       -0.16799332527098626     11
-1.040000651050647        -0.16927646552326064     11
-1.0396520116673889       -0.18465386762402652     11
-1.0392879898855771       -0.1994929916050865      11
-1.0392665062626378       -0.20030595829526798     11
-1.038711227626421        -0.21328851607853996     11
-1.037890884376891        -0.22623699880229187     11
-1.0369084949981713       -0.239575007646891       11
-1.0362379572487943       -0.24696471428069836     11
-1.034956553039609        -0.2575005550831111      11
-1.0339702678167946       -0.2640103474824817      11
-1.0318083620708136       -0.27589523002835675     11
-1.0302890416146406       -0.2827888281737152      11
-1.0276481589198372       -0.2927371112124954      11
-1.0247470260755118       -0.30135835504524566     11
-1.0207999567855814       -0.3103617765731624      11
-1.0197177464823008       -0.3124538254817951      11
-1.0141204830957093       -0.3220311456995819      11
-1.012809040884322        -0.32397559006635246     11
-1.0074487385074171       -0.33066032880623875     11
-1.0016437620744962       -0.3359427854138398      11
-0.9997606576120222       -0.337320831717824       11
-0.9957327885923075       -0.3399125925394504      11
-0.9916436103811161       -0.342072064559662       11
-0.9874571188645267       -0.3438285355355833      11
-0.9867610857985566       -0.3440769267831468      11
-0.9826819474025856       -0.34528772063011265     11
-0.9782570872173879       -0.34616698967961634     11
-0.9736944501928455       -0.34663437355020404     11
-0.9715618271379696       -0.34669359754036294     11
-0.9693963869323348       -0.3466391537695561      11
-0.9655414563561083       -0.34628704753708683     11
-0.9615930311491299       -0.34560795466736655     11
-0.9597994634554283       -0.34519115501777453     11
-0.9594143707768021       -0.34509132877448834     11
-0.9561574285497714       -0.3440916782233594      11
-0.9528379240183457       -0.3428002244730914      11
-0.9494316210663677       -0.3412110820144504      11
-0.9490957322357856       -0.3410407809950172      11
-0.9471361519032354       -0.33997709085331956     11
-0.94322010343979         -0.33748830566209953     11
-0.9391989870695246       -0.3344683488262135      11
-0.9372624313532226       -0.3328701108967823      11
-0.3                      0.12469374789872063      12
-0.3079038223433406       0.14440290793402263      12
-0.3117337792253485       0.17227345095194546      12
-0.31149407569328524      0.18581070716151127      12
-0.3113672942702205       0.19166282979043772      12
-0.31083116368923747      0.2347547296496047       12
-0.31112613719339055      0.2730797451280631       12
-0.3122731523198641       0.3071587914835454       12
-0.3129516979539925       0.32194170881317064      12
-0.3130836475973921       0.3250458076402988       12
-0.3152164449225803       0.3682630351805366       12
-0.31765684420684365      0.4054616228516467       12
-0.32045800143012093      0.43746106582152294      12
-0.3226580558008779       0.46151570116713386      12
-0.3257100749924974       0.49491873475942066      12
-0.33014278015047394      0.5311463193456121       12
-0.33532406549868         0.5615654727264965       12
-0.33988912601391585      0.5839491478020717       12
-0.34520927253876654      0.6091929215230448       12
-0.3542838580515444       0.6438988468368269       12
-0.3659717798838254       0.6736861542136692       12
-0.3742218371075483       0.689338535739826        12
-0.3858116507571442       0.7074171268452053       12
-0.3985772505935867       0.7231709787291573       12
-0.40153484507620535      0.7263182792229854       12
-0.4257796010533069       0.7467858516464915       12
-0.44623536336637215      0.7586964378933196       12
-0.4923893436102772       0.7753934480528379       12
-0.5168513854719523       0.7810507716994463       12
-0.5601609564141292       0.7892391925559148       12
-0.5841385829849769       0.7924751092592911       12
-0.6288669078501894       0.7948420672926234       12
-0.6585957783333948       0.7949631536029942       12
-0.7090890180196441       0.7951638372308276       12
-0.7303987257456808       0.7947650530637521       12
-0.7815973663413986       0.7894547903378868       12
-0.8088242594245885       0.7844342242433102       12
-0.8567740596188673       0.773331330668508        12
-0.8571395354686254       0.7732328920038998       12
-0.8828517252382787       0.7648726060426295       12
-0.9054312660647736       0.7545566551950764       12
-0.9253046663309801       0.742169036461097        12
-0.9341004401868016       0.7352802437932147       12
-0.9529494720983537       0.7162069291298119       12
-0.9650895385810369       0.6997498343265985       12
-0.9868859097252287       0.6580203107304317       12
-0.9957313936662247       0.6332085023256374       12
-1.0054200720344515       0.5940429541600829       12
-1.0057086591142297       0.5926028207819807       12
-1.0152336195855467       0.5421412276297634       12
-1.0185823127152505       0.521551260854549        12
-1.0233174553254          0.4838919716564154       12
-1.0274067071666946       0.4394718568791705       12
-1.02958397326639         0.41282623922257855      12
-1.031928738536617        0.3817659436757743       12
-1.0343597879014093       0.34102276902131423      12
-1.0365248943509227       0.2945143490248195       12
-1.0371639731485385       0.27788160867397005      12
-1.0382087742783237       0.24567565886446163      12
-1.0392206008941332       0.207026825371412        12
-1.0400829416583044       0.16511599570923782      12
-1.040254953859022        0.1531025334806874       12
-1.0404595219903925       0.13337313781863558      12
-1.0407687061558446       0.10178870684087381      12
-1.0410683918093857       0.06896948403581984      12
-1.0411369671006359       0.0591912969052563       12
-1.041196963137224        0.04773218975726734      12
-1.0413284623838808       0.02282026940297385      12
-1.041463731054521        -0.0025330877330120597   12
-1.0415034106479009       -0.012094467764854275    12
-1.0415238068661388       -0.0189509557432984      12
-1.0415862783268037       -0.03912189190607478     12
-1.041652887918044        -0.059447486138202395    12
-1.0416701375018567       -0.06816632132905226     12
-1.041673442307483        -0.07369512427290185     12
-1.0416847940458323       -0.09210752526327486     12
-1.0416966725541208       -0.11051248776852787     12
-1.0416752146117105       -0.11981162231297124     12
-1.0416544104960301       -0.12374752980129877     12
-1.0415654055164116       -0.140547045144588       12
-1.0414772444225469       -0.15712336118586753     12
-1.0413569569775663       -0.16717982836013962     12
-1.0413014322991057       -0.17012822627269278     12
-1.0409986535649316       -0.18545276642369077     12
-1.0406821257226297       -0.2002400991377649      12
-1.0402494751776317       -0.21219090900802035     12
-1.0402065263248614       -0.21303327179802387     12
-1.0394172217966415       -0.22725249671821535     12
-1.0385554182024435       -0.24048806556269148     12
-1.0381819669784493       -0.2453194308038321      12
-1.037094311552134        -0.2559846308060867      12
-1.0358407610607259       -0.26544765528804914     12
-1.0339242243207445       -0.27715843420404895     12
-1.0334423736108462       -0.2796995472312436      12
-1.031188387083474        -0.2900684641472351      12
-1.0287285482391206       -0.29905605733424656     12
-1.027871362100245        -0.30173362031085016     12
-1.023870066748374        -0.31195090074831777     12
-1.0189634423445109       -0.32161887163300307     12
-1.0138329987543417       -0.32984214434819126     12
-1.0104628827891862       -0.33421812418216384     12
-1.0053330183910487       -0.3393635279325446      12
-1.0039368145774985       -0.3405097846876265      12
-1.0004093666213343       -0.3431029690313032      12
-0.9968522710483395       -0.3452929811456288      12
-0.9960509909985129       -0.3457323009642829      12
-0.9870792475142782       -0.34964924644107254     12
-0.984835964456712        -0.3503331838952849      12
-0.9803124168746129       -0.3513189295058795      12
-0.9756658657718195       -0.3518160446816296      12
-0.9704393219051173       -0.35185766878586044     12
-0.9680736910762799       -0.3517020970288456      12
-0.9642767576615147       -0.3511742039612613      12
-0.9603626190156447       -0.3502893425896949      12
-0.9594973607281188       -0.35004812344466407     12
-0.9558066253252309       -0.3488195105114722      12
-0.9529946879449797       -0.34766101450854314     12
-0.9493809500637613       -0.34588572088741104     12
-0.9479913409557104       -0.3451162991645177      12
-0.9444876478060664       -0.34293855593479783     12
-0.9438008808940475       -0.3424706557108943      12
-0.9410613355931492       -0.3404331848856027      12
-0.9382582710117792       -0.33807368996415255     12
-0.9353710479413037       -0.33537051807843854     12
-0.9353545503831336       -0.33535431164484436     12
-0.3                      0.12705103823660863      13
-0.30700097894066797      0.14505802683127816      13
-0.31071975658780754      0.17291626297077473      13
-0.31045675313596444      0.18526028666054378      13
-0.31026969376700664      0.19282955343075547      13
-0.3095976641975701       0.23580137559538278      13
-0.3097343290570841       0.2740207365497097       13
-0.3106976528869484       0.30800714049517686      13
-0.311211833475997        0.32084361913410886      13
-0.3114343310167248       0.3268314477688584       13
-0.31330399117049923      0.3698537047364773       13
-0.31543961591089503      0.4068923108351997       13
-0.31788772550092564      0.43876322893143893      13
-0.31954046467852626      0.45963203521938634      13
-0.32258564700264014      0.49803141138908535      13
-0.32646414687526626      0.5339091134628133       13
-0.33099375936516506      0.5640562455805412       13
-0.3336478100666661       0.5790208102568504       13
-0.33823250948454225      0.6049785241356878       13
-0.33976063048555527      0.6133035459866868       13
-0.34823603121552826      0.6493891482590046       13
-0.3585810034197908       0.6784200339130286       13
-0.3638469778493992       0.6897006808653545       13
-0.37384763130640325      0.7078564435979547       13
-0.3847799488779266       0.723696659633846        13
-0.39686068400430763      0.7374909007498364       13
-0.41070441867000435      0.7497674979367768       13
-0.44208449310565845      0.7688759386179357       13
-0.48677415612535246      0.7839404434466786       13
-0.5220417518670106       0.7911882434125196       13
-0.5653990632957561       0.7981859110992594       13
-0.5801362204175008       0.7999927921728349       13
-0.6243803324154578       0.8023113252715559       13
-0.6644802841657321       0.8024546843058784       13
-0.7143996355810805       0.8026275798593763       13
-0.7253323530030171       0.8025380429294023       13
-0.7766298045087925       0.7984351193633029       13
-0.8153260528056532       0.7921398209424713       13
-0.8618659647457871       0.7822640571058173       13
-0.878398556598092        0.777641536966663        13
-0.9013499674877343       0.7690127737645743       13
-0.9215226708802216       0.7584994271522073       13
-0.9392972458989092       0.7459807481406471       13
-0.9536936675322243       0.7324650209639667       13
-0.9746196299202223       0.7041437981662415       13
-0.993839762945077        0.6636226763866729       13
-0.9942014366078067       0.662669317981593        13
-1.0041716810301788       0.6301401581303566       13
-1.0123095387055374       0.5899774650545109       13
-1.0195219176978396       0.5452982734229926       13
-1.023023758559179        0.5204368282278544       13
-1.02708570892755         0.4824429055497647       13
-1.030604796186508        0.43765045848526873      13
-1.0322375462135558       0.41461705092111195      13
-1.0344595860853807       0.3808109219371745       13
-1.0365689749795988       0.3399078259038395       13
-1.0384536066595926       0.29322017338570683      13
-1.0389339530111033       0.27892832657852246      13
-1.0398969708446872       0.24493111309703447      13
-1.0407685101017248       0.20624208987570375      13
-1.0415020465076883       0.16428575992660827      13
-1.041626293439638        0.1539766359210385       13
-1.0418110343487768       0.13271172216622673      13
-1.0420699923671206       0.1011154038465101       13
-1.0423213207345579       0.06828330606552867      13
-1.04237056190614         0.059871450137027944     13
-1.0424260985765301       0.047086329651406515     13
-1.0425360335192542       0.022168911743942147     13
-1.042650120332536        -0.003190145128612113    13
-1.0426789406734367       -0.011425704211957533    13
-1.0426993250077183       -0.019574986475166825    13
-1.0427524731344653       -0.03974667784952022     13
-1.0428098346501167       -0.06007306510308088     13
-1.0428227508058336       -0.06758441181380896     13
-1.042826358271359        -0.0743672075721757      13
-1.0428365119754757       -0.09277318249632673     13
-1.0428471935268537       -0.11117172790798906     13
-1.0428314849976568       -0.11918084654498722     13
-1.0428076494587444       -0.12444929847404168     13
-1.0427317283174378       -0.14122750475330303     13
-1.0426567962825224       -0.15778266047340828     13
-1.04256830279214         -0.16643803459082565     13
-1.0424959286231652       -0.1709103909028951      13
-1.0422352633318277       -0.18618638837636334     13
-1.0419623487690273       -0.2009261616117733      13
-1.0416429100173448       -0.21119663215630463     13
-1.0415161320014923       -0.2140730739160834      13
-1.0408301748258522       -0.22819255809513914     13
-1.0400799992683611       -0.2413332967227752      13
-1.0399157826891843       -0.2438520418822189      13
-1.0390009271612195       -0.25463261425611994     13
-1.0376009659209213       -0.2668002162733208      13
-1.0359153306922404       -0.27834715709127983     13
-1.0341981140091694       -0.2877997123729873      13
-1.0321134415022595       -0.2970987576655598      13
-1.0303695196306457       -0.30343867190047796     13
-1.0268144907189005       -0.3134749684104462      13
-1.0226645898908204       -0.32262453903231536     13
-1.0182097414357674       -0.3307765883506625      13
-1.013545744318786        -0.3376468964166307      13
-1.0134611877132502       -0.3377572233085624      13
-1.0090028876295447       -0.3427662944158292      13
-1.0083602144549741       -0.34337246889046485     13
-1.0053245221936746       -0.34600632306210727     13
-1.0023326398118484       -0.3482863275481435      13
-0.9948379535768916       -0.3528712833078058      13
-0.9868837196298104       -0.35607112720501927     13
-0.9844064327416464       -0.35672956588501176     13
-0.9803621943715886       -0.3574306056322756      13
-0.979278183116891        -0.3575465213824268      13
-0.9725672083830195       -0.3577275722999822      13
-0.9656900978139102       -0.35701172919989155     13
-0.964117296702298        -0.35671973358050774     13
-0.9606751558520419       -0.35586535950108267     13
-0.9601960824480589       -0.35572334755246504     13
-0.9569462237652197       -0.35459738147357456     13
-0.9536525107588737       -0.35317751280585274     13
-0.9502922192844414       -0.3514577514704472      13
-0.9497030404101849       -0.35113005513565115     13
-0.9494770702816481       -0.351002313575493       13
-0.9482445426198236       -0.3502769444647257      13
-0.9456245415197657       -0.34857389529336924     13
-0.9433945823701255       -0.34695872496277724     13
-0.9402256516820463       -0.3444266902135029      13
-0.9382355118992459       -0.34267906265525677     13
-0.9359086316640565       -0.3404509840639906      13
-0.9328692888144203       -0.3372613607721363      13
-0.3                      0.12934273179580993      14
-0.3061537874590376       0.14567276372537086      14
-0.30976823903984396      0.17351945159133766      14
-0.3094912672612487       0.1847479838911809       14
-0.3092382610908188       0.19392594221991988      14
-0.30843852507724223      0.2367849254623107       14
-0.30842642478174226      0.27490500117737543      14
-0.30921713097422315      0.3088043475744804       14
-0.309598538889864        0.3198254121664261       14
-0.3098780086353455       0.3285164073028507       14
-0.3114993682056878       0.3713546868161512       14
-0.3133474026499234       0.4082423316593858       14
-0.3154623706589152       0.4399919715609165       14
-0.31667713813277787      0.457901997347249        14
-0.31672815529599163      0.4587806599184505       14
-0.3196094681509417       0.5009963964639406       14
-0.3229600588974449       0.5365408173938713       14
-0.32686891936956136      0.56642883522468         14
-0.32813208553880524      0.574665422305094        14
-0.3320668381055417       0.6012540764012577       14
-0.3349438284647338       0.6196083663360898       14
-0.34234908598854874      0.6547333991161055       14
-0.35138683311558794      0.6830279850427275       14
-0.35549010464052555      0.6929244229264548       14
-0.3641156048955232       0.71078724205323         14
-0.3734731893902118       0.7263860358197463       14
-0.38374759601912506      0.7399864644242065       14
-0.39514303430194503      0.7518198583040003       14
-0.39607180436141376      0.7526616108609886       14
-0.40382342079694467      0.7591471144511375       14
-0.4378574736864088       0.7792421858236039       14
-0.48105595607314905      0.7926442364435202       14
-0.48820244622741005      0.7940984446376409       14
-0.5270085331264917       0.80088902379884         14
-0.5704115285274186       0.8067472323264542       14
-0.5761991173601266       0.8073878974098785       14
-0.6199669117012117       0.8096587951545047       14
-0.620769582097702        0.8096613126392428       14
-0.6702604839725352       0.8098134236045125       14
-0.7196161195947306       0.8099590236422143       14
-0.7204942959139116       0.8099607436727534       14
-0.7718861054245487       0.8070107506306293       14
-0.8219271892669877       0.7999631540362755       14
-0.8670356707977904       0.7913332696643365       14
-0.8761805570675516       0.7891398849272324       14
-0.8992397148051291       0.7819635265158557       14
-0.919484612113429        0.7730715632060663       14
-0.9372977863707179       0.762364700799212        14
-0.9530147902168639       0.7497175376037803       14
-0.9544228617004367       0.7483953871180385       14
-0.9640272677990902       0.7382103852849777       14
-0.9839156976571003       0.7084298625944772       14
-1.000622855390185        0.6690874687767562       14
-1.0033361546155781       0.6607294461073757       14
-1.0116280050322533       0.6274295195604407       14
-1.0183958357101284       0.5863859280971893       14
-1.02359282385462         0.5482952752219236       14
-1.0270744836540922       0.5194204339350554       14
-1.030522463526526        0.4811213159934208       14
-1.0335215444490224       0.4359892912795262       14
-1.0347209863115734       0.4162930453892073       14
-1.0347464184979067       0.415896997556263        14
-1.0367813230909655       0.37993480859216905      14
-1.0385956286175062       0.33888500463741034      14
-1.0402229596742993       0.2920329286326502       14
-1.0405769213688707       0.27989993333691604      14
-1.0414509960176062       0.24424574097389035      14
-1.0421933974175257       0.20551972214986336      14
-1.0428083663420582       0.16352150810228136      14
-1.042895383625516        0.15478556380745087      14
-1.0430571839957485       0.13210186989470424      14
-1.043269831453113        0.10049459095972649      14
-1.0434765724258204       0.06765062192458521      14
-1.0435107765394722       0.06050011739820143      14
-1.0435600891240613       0.0464904642718456       14
-1.0436501290120648       0.02156797436569717      14
-1.0437446736127844       -0.0037963410383297738   14
-1.0437649993543983       -0.010807841251117164    14
-1.0437842841440896       -0.020150943425527024    14
-1.0438288271834644       -0.040323331831828874    14
-1.0438776530723581       -0.060650451014416004    14
-1.0438871236035778       -0.06704705148954719     14
-1.0438908634848536       -0.07498775251941925     14
-1.0438999110253586       -0.09338779415683508     14
-1.0439094874078334       -0.11178041456633173     14
-1.0438982936595524       -0.11859887448968068     14
-1.0438734674573196       -0.12509786976449272     14
-1.0438096383375404       -0.1418563823074967      14
-1.0437469325363797       -0.15839198175878647     14
-1.0436834489690847       -0.1657551507471042      14
-1.0436027224983697       -0.17163512735010952     14
-1.0433810785917417       -0.18686614625219714     14
-1.0431485751291327       -0.20156185192654943     14
-1.0429180968675575       -0.2102867304295472      14
-1.0427389161281204       -0.21504394136686333     14
-1.0421494547943344       -0.2290702972117838      14
-1.0415035067870198       -0.2421224924817161      14
-1.0414816020373272       -0.24252683416234078     14
-1.040722803132058        -0.2534116000157717      14
-1.0405598189114589       -0.25527414620186695     14
-1.039270591131162        -0.26808317484846517     14
-1.0378039752865702       -0.2794747086310995      14
-1.0368207860358032       -0.28582272510450935     14
-1.0350630329746897       -0.2953931693462415      14
-1.0327862118543867       -0.30508812149186176     14
-1.0296628965645587       -0.31494933598843106     14
-1.0290217475224364       -0.3166443334617719      14
-1.0252300585537786       -0.3257997978670031      14
-1.0214033822596917       -0.3335405212436403      14
-1.0174446731531743       -0.34007242244131575     14
-1.0132541574902065       -0.3455693603433638      14
-1.0127015408098348       -0.34619574986976304     14
-1.0123371019520846       -0.3465967643743996      14
-1.0105525267076076       -0.34849490453122345     14
-1.0081682195486155       -0.35085393621301314     14
-0.9997487440825534       -0.35750990777041114     14
-0.9909411655899991       -0.36193962976942007     14
-0.9866642730663076       -0.3632785885280322      14
-0.985485286811229        -0.3635553718506296      14
-0.9809066226557721       -0.3642745823960488      14
-0.9768495139015069       -0.3644910537440752      14
-0.9695103888225414       -0.36395002196477777     14
-0.9617815864565825       -0.36216019028980956     14
-0.9611330140874284       -0.36195727070035916     14
-0.961014485944914        -0.361919398948746       14
-0.9607915182833464       -0.3618470189372919      14
-0.9600639900507416       -0.36160120174690596     14
-0.9540606352167424       -0.3590482736965377      14
-0.9477807759567941       -0.35543960555417947     14
-0.9463432023260125       -0.3544794474933354      14
-0.9430617957746688       -0.35204117522155015     14
-0.942849364117295        -0.3518717445277989      14
-0.9404891979679956       -0.3498891036479322      14
-0.938053881441404        -0.34765957372010814     14
-0.9348323696814995       -0.3443688814356782      14
-0.9330822369137155       -0.34240477805126446     14
-0.930384027245707        -0.3391684098994281      14
-0.3                      0.1317298283826508       15
-0.30530424335432527      0.14628920772374435      15
-0.30881407915872044      0.17412431524700345      15
-0.30853067848188165      0.18423827960158315      15
-0.3082024694603486       0.19502696447544388      15
-0.30727448730036694      0.23777263192520676      15
-0.30711299315103013      0.27579300281005636      15
-0.30773035220394584      0.3096049237434893       15
-0.3079990914063586       0.3188159445923413       15
-0.3083086584397031       0.33021547145945307      15
-0.30967963892801864      0.37286823346212483      15
-0.3112376756873635       0.4096036533687589       15
-0.3130167134214763       0.44123099986831266      15
-0.3138632789781146       0.4562018479487613       15
-0.31415568931091253      0.46222342407519507      15
-0.3165798869706174       0.5040145830146563       15
-0.3193930961842497       0.539219742653072        15
-0.3226700663283877       0.5688439968438862       15
-0.32288872558761106      0.5705251019096865       15
-0.32620562545476883      0.5977135406126437       15
-0.3299147722295557       0.6261910109938471       15
-0.3362027302795291       0.6603131464212825       15
-0.34387564895877976      0.6878389872927745       15
-0.3474209512264266       0.6976684757784759       15
-0.3546657347361835       0.7150508669465637       15
-0.3624482574973591       0.7302435255957904       15
-0.37092129922117245      0.743505381374182        15
-0.386720503101832        0.7613513049967873       15
-0.4069202837338925       0.776778696414445        15
-0.4333869066080973       0.790205703822187        15
-0.47500829119037924      0.8018495148131736       15
-0.4931523403140309       0.8049852588270081       15
-0.5319290517097329       0.8104994470627462       15
-0.5753773055632342       0.8152288098300138       15
-0.6154761663781116       0.8171349951702798       15
-0.6272185393670946       0.8171657101164801       15
-0.6761331793706808       0.8172899185112094       15
-0.7249160785382619       0.817407786246331        15
-0.7672013280459327       0.8154798635855309       15
-0.7790515351320281       0.8142904606367571       15
-0.8288711700657749       0.8081928089001178       15
-0.8724738767447147       0.8008735114447264       15
-0.8822749916367755       0.7987794279645946       15
-0.9044164251523388       0.7925237603393802       15
-0.9238460272208142       0.784696413252262        15
-0.9409311837338392       0.7752114122348431       15
-0.96246700928303         0.7584529882539791       15
-0.9785576179863813       0.7397307497574466       15
-0.9935864411613369       0.7128886758154331       15
-1.0076793387397989       0.6747725183056817       15
-1.0119796855032281       0.6588938839752323       15
-1.0186833916096414       0.624864635982822        15
-1.0241548636413491       0.5829875133241958       15
-1.027708189443128        0.5513250080619878       15
-1.0277256802779775       0.5511758886459956       15
-1.0310121048905732       0.518432419281337        15
-1.0338632574773414       0.47983662770156416      15
-1.036356851617697        0.434374506984515        15
-1.037195064707523        0.41796272194333706      15
-1.0373458099339112       0.4151694382778347       15
-1.0390500686738822       0.3790786916948493       15
-1.0405760258278902       0.3378855282864114       15
-1.0419519289016823       0.29087278160356955      15
-1.0422004298036758       0.28086003202664905      15
-1.0422366299765398       0.27931674910458815      15
-1.0429743819752257       0.24357388167177918      15
-1.0435901916045882       0.20481159665166848      15
-1.044088930728347        0.1627723242939674       15
-1.044145771611031        0.1555825707669037       15
-1.0442806669245068       0.13150311047196178      15
-1.0444478461823519       0.09988507028877226      15
-1.0446108107784224       0.06702944593049769      15
-1.044632865101915        0.061118790692442006     15
-1.0446740847049059       0.04590510542467179      15
-1.0447445803356072       0.020977632951312455     15
-1.0448199272997303       -0.004391848263695233    15
-1.0448333355286104       -0.010200060692531798    15
-1.0448505195296656       -0.020716960762452743    15
-1.0448866059845068       -0.04089003417162984     15
-1.0449270435507594       -0.06121787265193224     15
-1.044933646402757        -0.06651870293356575     15
-1.0449373786903302       -0.0755978103328892      15
-1.044945338761253        -0.09399201895539026     15
-1.044953828652044        -0.11237881449453381     15
-1.0449463308792382       -0.11802714274755687     15
-1.044922227374259        -0.1257360608755565      15
-1.0448702967470085       -0.14247519487435364     15
-1.044819621502578        -0.15899155104875576     15
-1.0447766703000272       -0.16508569305631288     15
-1.0446945090563298       -0.1723500368999895      15
-1.0445113574329115       -0.18753668710730015     15
-1.0443187171254658       -0.2021889227445638      15
-1.0441613129249394       -0.209399641265198       15
-1.0439542129769583       -0.2160088640608026      15
-1.0434606566275255       -0.22994266180936918     15
-1.0429182979705571       -0.24290685588492922     15
-1.0423819234912064       -0.25223508694556157     15
-1.042050795306584        -0.25674497318968253     15
-1.0409569571524515       -0.2693789972489502      15
-1.039711556730977        -0.28061356577840496     15
-1.0392772351496549       -0.28397103775114146     15
-1.0378256816341853       -0.2937956798877661      15
-1.0375611427465667       -0.2953756600719006      15
-1.035275629914898        -0.3067872081866235      15
-1.032597019861761        -0.31646807190374976     15
-1.031966920770121        -0.31837777901505426     15
-1.0287730388608622       -0.3273402679580054      15
-1.0256303619607845       -0.33492842238363274     15
-1.0224586737339483       -0.34134402147471393     15
-1.0175298118584861       -0.34886416728885156     15
-1.0125761667162585       -0.3546903150634674      15
-1.0063541810696144       -0.36064919807210377     15
-0.9986935728954868       -0.3658520326445452      15
-0.9905938706047179       -0.36912861324445245     15
-0.9817245061832871       -0.3710448530646444      15
-0.9756219250708765       -0.3714917641420985      15
-0.9691582031745685       -0.3709224143771097      15
-0.9623389683721872       -0.3692508559714793      15
-0.9605768694097988       -0.36864959416538046     15
-0.9547107429627847       -0.36612642403613593     15
-0.9545357828632882       -0.36603904384569014     15
-0.9516832651235805       -0.36447924298814555     15
-0.948764741090506        -0.3626264229185246      15
-0.9457596007440597       -0.3604634077691106      15
-0.9451851625468619       -0.3600209364565041      15
-0.9440828063674285       -0.3591391401533546      15
-0.9417659157828437       -0.3571414625603202      15
-0.9403810126449006       -0.35585800873304385     15
-0.9374555316844356       -0.35294902924006094     15
-0.9365039112630669       -0.3519475060534062      15
-0.9363156888871792       -0.3517458113470165      15
-0.9331306659013485       -0.3480726894256101      15
-0.9298701348528678       -0.3438327359775697      15
-0.9278987656769937       -0.34107545902672        15
-0.3                      0.13432831044393423      16
-0.30441880214083206      0.14693169928944852      16
-0.3078196016756525       0.17475473714776235      16
-0.3075374753323564       0.1837112695879032       16
-0.30712126723411975      0.19617625713120695      16
-0.30605941643210677      0.238803640860913        16
-0.30574197878737797      0.2767199357122992       16
-0.3061783909126529       0.31044059832391235      16
-0.30635112554963956      0.31777585536608494      16
-0.3066634130111746       0.33199670393655656      16
-0.30777190585253444      0.3744549766294994       16
-0.3090259203696321       0.4110308098602312       16
-0.3104527819287999       0.44252994873531637      16
-0.31098883676946903      0.4544650939310922       16
-0.31142995038910887      0.4658713153651326       16
-0.31336979696831146      0.5072125994713439       16
-0.315613606326513        0.5420582839165767       16
-0.3182210367872218       0.571403058874677        16
-0.3203931583001478       0.59420245012553         16
-0.32441810647081704      0.6333857202594042       16
-0.32948487679233307      0.6664117073680164       16
-0.33566606313758407      0.6930973240654026       16
-0.33910126573579824      0.704530815400005        16
-0.3448585375855165       0.7211791513765686       16
-0.3509511924097276       0.73574401082768         16
-0.35383776378051507      0.7416224466478732       16
-0.37636473728235376      0.7719373266735483       16
-0.38940462776370594      0.782364690412362        16
-0.4174147886944111       0.7978577852942215       16
-0.4285057120171922       0.8021762354828335       16
-0.46840514027098157      0.8119003102041455       16
-0.49818449695342837      0.8160530015597224       16
-0.5369313446527001       0.8202695864614044       16
-0.5804256091114027       0.8238513431206681       16
-0.6107858409952612       0.8249434563895973       16
-0.6339433851573579       0.8249911481950937       16
-0.6822571106166141       0.825086260338104        16
-0.7304427714749845       0.8251752093735873       16
-0.7624490350018855       0.8240710309627776       16
-0.7883917667966396       0.8220201898547398       16
-0.836421150084859        0.8171406633925739       16
-0.8783866733708388       0.8112463273994817       16
-0.889464970355924        0.8092113647358913       16
-0.9105378866862466       0.8039298755473749       16
-0.9290197052333101       0.7972326325698899       16
-0.9368275322210677       0.7936762203262147       16
-0.9729991231787462       0.7694680757841099       16
-0.9841069954235347       0.7571288494036287       16
-0.999428062666091        0.7307148580675318       16
-1.0045391350324158       0.7179385477530003       16
-1.0156712270471282       0.6812111760060918       16
-1.0208276348145264       0.6570149110284067       16
-1.0259056371965163       0.6222390932296186       16
-1.0300500918623308       0.5795087264671743       16
-1.0322080212936648       0.5546377850289743       16
-1.032594630248233        0.5504239503496843       16
-1.0351421405647365       0.5173961246452122       16
-1.037367301510085        0.4784891622758916       16
-1.0393307079260068       0.4326808151985479       16
-1.0398559181665932       0.41975844702701187      16
-1.0400864106240075       0.4144023550933136       16
-1.041442061516542        0.3781760671316149       16
-1.0426640060705985       0.33683175641529406      16
-1.0437748225959878       0.2896496107857875       16
-1.0439317277094595       0.2818838744750439       16
-1.0439937237558694       0.2786396755305297       16
-1.0445856306459875       0.24286327225461107      16
-1.0450675472057573       0.2040626293515608       16
-1.0454433528660294       0.1619799306072163       16
-1.0454751371243474       0.1564299186125674       16
-1.04557675935325         0.13086881673870696      16
-1.0456957720304585       0.09923937666426957      16
-1.0458123622726396       0.06637140527955736      16
-1.0458243810336063       0.0617757433709319       16
-1.0458548740349718       0.045284649210223606     16
-1.0459046535597183       0.02035189542130033      16
-1.045959651821526        -0.005023061340102665    16
-1.0459672754405644       -0.009554957915217181    16
-1.0459811247559418       -0.02131714920859569     16
-1.0460082440926408       -0.04149094897504948     16
-1.0460397869236921       -0.06181955017788671     16
-1.0460439108432895       -0.06595817370823669     16
-1.0460474856064106       -0.07624493843422775     16
-1.04605429212744         -0.09463295959746933     16
-1.046061629505657        -0.1130135763168208      16
-1.0460572480612986       -0.11742110833969002     16
-1.0460357542723306       -0.126413663973083       16
-1.0459964569382323       -0.14313222269066367     16
-1.0459585552068835       -0.15962814720470633     16
-1.0459330030755587       -0.1643775877094968      16
-1.0458566999062637       -0.17311104767754765     16
-1.0457145227563016       -0.18825046805708914     16
-1.0455643161954913       -0.20285643047457147     16
-1.0454690314965556       -0.20846652672890242     16
-1.0452581421748899       -0.21704415916222347     16
-1.0448674852194977       -0.23087864849535555     16
-1.044436270748117        -0.24374842339513592     16
-1.044107574688543        -0.25101139562196617     16
-1.043679085918374        -0.25835125869739295     16
-1.0427986321578275       -0.27079416079959817     16
-1.0417948204012193       -0.2818573080718382      16
-1.04177071931898         -0.28209143313156027     16
-1.0406299818165152       -0.29217410561907464     16
-1.0399175771725357       -0.2975209306015842      16
-1.0380536420997994       -0.30868326719580563     16
-1.035871291226997        -0.3181628723654839      16
-1.0351413922581967       -0.32082623987270903     16
-1.0326292825390078       -0.3294960072507118      16
-1.030261989832916        -0.3368481318206409      16
-1.0277712345441705       -0.34325615624075323     16
-1.0231769399713104       -0.35173419065639167     16
-1.0190832657682707       -0.357480564954302       16
-1.0116711838348385       -0.3660756983506487      16
-1.0102551950471566       -0.36745223805575855     16
-1.0037706348851831       -0.37253544706811387     16
-0.996982817894056        -0.37590905137480746     16
-0.994515681469824        -0.3767598897421429      16
-0.9847527818131608       -0.3790527660448375      16
-0.9748231615174596       -0.3797088177110939      16
-0.9696138094054217       -0.3792469686127957      16
-0.963918485673946        -0.3778640484637669      16
-0.963549217025882        -0.3777445419523411      16
-0.9586416482502442       -0.37579322147850813     16
-0.9537468752862746       -0.37319219155456884     16
-0.9487849042425583       -0.3699283886124375      16
-0.9480151375470365       -0.3693666267296709      16
-0.9455237107859351       -0.36741591079083036     16
-0.9441526800766509       -0.36625272233852163     16
-0.9414780880729319       -0.3637848063883807      16
-0.9387433638459227       -0.3610056787979959      16
-0.9384834654090328       -0.360728684824847       16
-0.9364495538080568       -0.3584748415796434      16
-0.9356122930638158       -0.3575015204827545      16
-0.9328896369353512       -0.3541394679141864      16
-0.9309442617481455       -0.35152522280793486     16
-0.9286727006438773       -0.3482051957744548      16
-0.9263288763203852       -0.34449753094053875     16
-0.9256503380415262       -0.3433768073541423      16
-0.9254135041082803       -0.3429825081540119      16
-0.3                      0.13739855226551795      17
-0.30342726462307357      0.1476511761813429       17
-0.30670596282532386      0.1754606981501345       17
-0.306434797533389        0.18312617051507382      17
-0.3059084545893278       0.19746544858093035      17
-0.30469643985141265      0.23996015038686877      17
-0.3042040763338948       0.2777597004458915       17
-0.30443751558642157      0.311377996225509        17
-0.3045282207513862       0.31662535601961844      17
-0.30480901274582606      0.3340043788529627       17
-0.3056216487176119       0.37624343742665345      17
-0.306532991608386        0.4126393962331762       17
-0.3075629059516891       0.4439940288548405       17
-0.30783722542325254      0.4525608727743023       17
-0.3083194880203847       0.47003408696874566      17
-0.3097066199587603       0.5108619988189915       17
-0.31130066172223475      0.5452974700732469       17
-0.3131440505599492       0.5743233188021166       17
-0.31420180340553744      0.5904624879555023       17
-0.31492830444685677      0.602816822956922        17
-0.31789894535762714      0.6419187966594311       17
-0.3215173613675122       0.6736447288241898       17
-0.32592932181292744      0.6993338219921095       17
-0.3289574105906072       0.7129849466756639       17
-0.33289819292467693      0.7287277229428808       17
-0.34457646059033953      0.7602693186779035       17
-0.363176724677886        0.7854185688856601       17
-0.37427128856562014      0.7943002793058009       17
-0.3974842228075618       0.8071044203410319       17
-0.4270266743480952       0.8171640596500385       17
-0.46079556465022975      0.8234830058762421       17
-0.4690565849796866       0.8244388037247461       17
-0.5035245152254818       0.8277978562330366       17
-0.5422396722012652       0.8306374519012183       17
-0.5857827621417822       0.8330013932131064       17
-0.6056638962283784       0.833470478251647        17
-0.6412741289380217       0.8335216458919812       17
-0.6889327984010593       0.8335850402569215       17
-0.7364674107213115       0.8336424650635785       17
-0.7574163062384202       0.8331691683820118       17
-0.7991030972225901       0.8308846042215303       17
-0.8450794289796039       0.8274020176623138       17
-0.8851674386321357       0.8231418202661007       17
-0.8986124269167723       0.8211650317461161       17
-0.9183457979895411       0.8169659060875681       17
-0.9565249726103808       0.8034977468295266       17
-0.9863624052683253       0.7834441610566416       17
-0.9953819635466349       0.7734108140482798       17
-1.0080555715774155       0.7515924775298624       17
-1.017652591614084        0.7228419841725848       17
-1.025048602765137        0.6887660504055533       17
-1.0259187168198012       0.6839925895227672       17
-1.0300617325508123       0.6550539346230975       17
-1.0334430811033772       0.6194989646935158       17
-1.036202603778368        0.5758781159481442       17
-1.0372430129741808       0.5583445467530135       17
-1.037798956549088        0.5496202180714682       17
-1.0395566556889062       0.5162884493839821       17
-1.041112706295587        0.47704888258578143      17
-1.042509405323772        0.43087046085909075      17
-1.042777591524245        0.4217301911366906       17
-1.0430313675878784       0.41357807340416164      17
-1.0440124162584703       0.3772061372535175       17
-1.0449076791377512       0.33569940874370763      17
-1.045733642609002        0.28833523272595246      17
-1.0458148883007616       0.2829975243813245       17
-1.0458881133736826       0.27790969676429605      17
-1.0463227791064245       0.24209713722070453      17
-1.0466603404565198       0.20325513922548044      17
-1.0469036068752042       0.16112562084238696      17
-1.046916340844483        0.15734855299505024      17
-1.0469764732364342       0.13018381177705116      17
-1.0470434684570726       0.0985420604000456       17
-1.0471099767563903       0.06566075485494678      17
-1.047114446355785        0.06248703211352487      17
-1.0471308535619914       0.04461417446346782      17
-1.0471582469367233       0.019675713601856954     17
-1.0471912560706704       -0.005705160121125652    17
-1.047194423214692        -0.008856828826612572    17
-1.047203382912548        -0.021965992152843526    17
-1.0472208082083598       -0.04214057715899508     17
-1.0472427352492153       -0.06247000291475116     17
-1.0472448303517101       -0.06535187627389338     17
-1.0472480613503112       -0.07694480462766332     17
-1.0472536203122078       -0.0953261340809483      17
-1.0472597112531496       -0.11370006843388908     17
-1.0472577686859          -0.116766192907999       17
-1.0472412384933192       -0.12714722491676186     17
-1.047215617735494        -0.1438435092044282      17
-1.0471915443799966       -0.16031731476991687     17
-1.0471797486079728       -0.16361411615848453     17
-1.0471183785100393       -0.17393720373904373     17
-1.04702068339714         -0.1890253512461825      17
-1.0469165430656513       -0.20358107928836466     17
-1.0468708204326367       -0.20746628886315216     17
-1.0466861143338955       -0.21817794202676016     17
-1.0464081456058256       -0.23190367572145715     17
-1.04609864848145         -0.244670049336487       17
-1.0459365355959271       -0.24971444546366353     17
-1.0454990264195982       -0.26014660409264645     17
-1.0448570724068267       -0.27237588917353334     17
-1.0441232843134658       -0.28324743889769627     17
-1.0435373415784044       -0.2904929376009664      17
-1.0426231399143402       -0.29998404349462215     17
-1.0412432433808358       -0.31086024549614455     17
-1.0396306772360924       -0.3201087737381373      17
-1.0386671201484585       -0.3248095645295651      17
-1.0369937643821763       -0.3329696120777875      17
-1.0361803365965043       -0.3366968009546779      17
-1.0332976732145982       -0.3469082409590497      17
-1.0298376289989153       -0.35511933311663296     17
-1.0267030291861585       -0.3608991225643359      17
-1.0214464331117803       -0.36930615468234596     17
-1.0160955586367608       -0.3761630693366693      17
-1.0104286700007226       -0.3817074815937066      17
-1.0055985924193744       -0.3850527684017894      17
-1.0006647947591591       -0.3875037149833739      17
-0.9938845178842926       -0.38987487981580976     17
-0.9842662887315273       -0.3913110057304981      17
-0.9725861123311816       -0.3903498354871815      17
-0.9673263992440528       -0.3891202710502156      17
-0.9659071737255324       -0.38870847098218747     17
-0.9629836967544889       -0.387630691018018       17
-0.9629118854998868       -0.38760029485756714     17
-0.9567932379380568       -0.38445344507663054     17
-0.9504954340293372       -0.3800714544487771      17
-0.9437918793501733       -0.3742685475814687      17
-0.9408475927935727       -0.3712658995132506      17
-0.9399237749611088       -0.37023688109963093     17
-0.9373010260564358       -0.3671454994809775      17
-0.9345450514791164       -0.3636530577148666      17
-0.9330112197071607       -0.3615779112228027      17
-0.9308506975824271       -0.3584309315176468      17
-0.9288698346451341       -0.35536228879417336     17
-0.9276462266670085       -0.3533821909348156      17
-0.9256593716471241       -0.3499853890096326      17
-0.9251002641697519       -0.34899020461254865     17
-0.9225882547610176       -0.34430042913482106     17
-0.3                      0.13937601218092038      18
-0.30282103557076345      0.14809106654002294      18
-0.30602508064713263      0.1758923248528769       18
-0.3057655197863833       0.18277104067605374      18
-0.3051658345220785       0.19825483632783567      18
-0.30386187256324926      0.24066829536344636      18
-0.30326239978695835      0.2783963611532964       18
-0.3033715562584173       0.31195197646533573      18
-0.3034251540185311       0.31592917179953484      18
-0.30366877210247833      0.33523886559301147      18
-0.30429949048419175      0.3773431329605974       18
-0.30500013015033983      0.4136284899013768       18
-0.3057859680894013       0.4448942679718168       18
-0.30594383315458556      0.45141687460319957      18
-0.3063853362659009       0.47262258701992793      18
-0.30742877846765293      0.5131312730664593       18
-0.30861878090051686      0.547311665020923        18
-0.30998707238277956      0.576139198627251        18
-0.310565265014641        0.5882657933315766       18
-0.3114772119380384       0.6094117183152893       18
-0.31368053767482296      0.6474403652199927       18
-0.31636175504066083      0.6783250600433202       18
-0.31962888780059695      0.703369324461067        18
-0.3204796826451083       0.7086161847504086       18
-0.32327318846533887      0.7249869704859213       18
-0.32697468052938106      0.7426326087480264       18
-0.337905861675587        0.7737000207910778       18
-0.3536778517049737       0.7951286450836865       18
-0.359400187475393        0.7999711358836574       18
-0.37809936705523345      0.8114704122570573       18
-0.4018581031255165       0.8204972472363389       18
-0.43223005858342983      0.8276154910596076       18
-0.4559533825277313       0.8308533934916585       18
-0.4722760967632683       0.8322927973771843       18
-0.506677423260504        0.8347323730798162       18
-0.5453738690762064       0.8367589527249697       18
-0.588945787055521        0.8384038590826116       18
-0.6025677539567779       0.8386249408707392       18
-0.6456986985448453       0.8386703432097469       18
-0.6929620000972919       0.838714593880535        18
-0.7401036632625182       0.8387529918123042       18
-0.7544955237298372       0.8385291635308111       18
-0.8058845544360764       0.8364967592350075       18
-0.8505610774333656       0.8338985901855628       18
-0.8894604132361843       0.830672983314985        18
-0.8922295473263469       0.8303898271724801       18
-0.9126327885112195       0.8275277721474983       18
-0.9352292624388943       0.8227703288502872       18
-0.9706677493732565       0.8105496101204734       18
-0.9959572516888178       0.7934790006155714       18
-1.0004159345245776       0.7888350782640527       18
-1.011927994564723        0.7715275970958704       18
-1.020651742768548        0.7486805262116869       18
-1.0272381003738382       0.7187011088775466       18
-1.0311053973393405       0.6936457015624935       18
-1.0324887882723819       0.6832600640736912       18
-1.0354246431464373       0.6539150533331068       18
-1.037820621708475        0.6179075732247109       18
-1.0397758138836244       0.5737695569771274       18
-1.0403403558826763       0.5606248111244252       18
-1.040877146139961        0.549144836592746        18
-1.04216769767944         0.5156332955250427       18
-1.0433279913023021       0.4761970040344091       18
-1.044389501358628        0.4297996951996447       18
-1.044544762225571        0.4229227982472735       18
-1.0447805887063346       0.413088473401204        18
-1.0455391342552576       0.37663002634697346      18
-1.0462403574621284       0.3350268262629201       18
-1.0468971262782216       0.2875545293445094       18
-1.0469447557394274       0.2836656972248893       18
-1.0470163633803902       0.27747494008058377      18
-1.047357380301295        0.24164084678867537      18
-1.047608967380442        0.20277421875822343      18
-1.0477732968165727       0.16061681579571918      18
-1.0477786399504672       0.15789818910525028      18
-1.0478112613771118       0.12977527541460931      18
-1.047847233431963        0.09812618158747635      18
-1.0478838729041815       0.0652369235607379       18
-1.0478854716118495       0.06291214359855211      18
-1.0478922353717728       0.04421409964620971      18
-1.047906270846122        0.019272233352741024     18
-1.047926158984307        -0.006112171043595323    18
-1.0479275566824386       -0.00843974637700492     18
-1.0479329603730703       -0.022353292646592263    18
-1.0479445992041367       -0.04252834636975038     18
-1.047960786488825        -0.06285826430894693     18
-1.047961993190943        -0.06498980871950322     18
-1.0479649329148062       -0.07736269927160738     18
-1.0479697469510523       -0.09574003306146983     18
-1.047975093636211        -0.11410997733008009     18
-1.047974146049183        -0.11637539030076838     18
-1.0479616430711918       -0.12758560532255547     18
-1.0479441955171183       -0.14426857827772943     18
-1.0479283860817066       -0.16072916542731636     18
-1.0479223037682122       -0.16315939647017533     18
-1.0478741315885414       -0.17443207619303489     18
-1.0478030814836081       -0.18948951094096053     18
-1.0477265351007845       -0.20401514828994555     18
-1.0477017687270003       -0.20687337082313198     18
-1.0475478804129583       -0.21886216798139016     18
-1.047337917836972        -0.23252226879976018     18
-1.047101875842811        -0.2452262408342218      18
-1.047011118358395        -0.24895243886294022     18
-1.0466174012271914       -0.26124986491882674     18
-1.0461220081098714       -0.27334787983183995     18
-1.0455541527281718       -0.28410169061298707     18
-1.0452185722626142       -0.2895207733389424      18
-1.0443277958863573       -0.30153594249071386     18
-1.04325287072677         -0.31223186368236666     18
-1.0419993008545743       -0.32133480052531777     18
-1.0418359547072598       -0.3223499817098204      18
-1.0405267974336725       -0.330934050972449       18
-1.0391492224315872       -0.3393225707862779      18
-1.0368766765794062       -0.3492733850011412      18
-1.0341511896594722       -0.3573116014069495      18
-1.0327111924046928       -0.3607260505932868      18
-1.028783081919305        -0.3694323952144756      18
-1.025098111791863        -0.37660212656903136     18
-1.0215121585537972       -0.38248604515233486     18
-1.0200714841450063       -0.38449086275767974     18
-1.0135427421356542       -0.39113056343078145     18
-1.0109837461307851       -0.3930310897385337      18
-1.0044584904669376       -0.39724635749819737     18
-1.0024409499531142       -0.39837028030944643     18
-0.9935334376279429       -0.40191913458575745     18
-0.9842480979046886       -0.4031875307422267      18
-0.9742286141920083       -0.4021030425782952      18
-0.961626652110947        -0.39829352682640173     18
-0.957278771593462        -0.396257244797766       18
-0.9492299379953408       -0.390320867874697       18
-0.9447508217822757       -0.38584919866401846     18
-0.9395701096070923       -0.38002963757128533     18
-0.9378568937828071       -0.37791762433331244     18
-0.9350568431231152       -0.3740723181349963      18
-0.9321630501192439       -0.3696173847203346      18
-0.9309398229645611       -0.36762480132032355     18
-0.9295876587773603       -0.3653521862493494      18
-0.9278189037903013       -0.3622183281291315      18
-0.9275190162174682       -0.36167011641116853     18
-0.9250996343821025       -0.35708136680882024     18
-0.9239606693129264       -0.35479228974034305     18
-0.9238336635498269       -0.35452952131283555     18
-0.9218302525433474       -0.3502644357167224      18
-0.9196936269888724       -0.345498131727101       18
-0.3                      0.14229738852775253      19
-0.30197354135918447      0.14870602310023828      19
-0.3050732230900163       0.17649572901297697      19
-0.3048360483152303       0.1822778477447168       19
-0.3041262254728288       0.19935991641015754      19
-0.30269354471534154      0.2416596420268325       19
-0.301944127492907        0.2792876355234762       19
-0.3018792979524562       0.31275550316456024      19
-0.3018973583345617       0.3149649261967884       19
-0.30206627050417395      0.33697382126710995      19
-0.3024413207244764       0.3788886521990801       19
-0.3028458367116442       0.4150185685601339       19
-0.3032886480885597       0.44615946986777416      19
-0.30333780705294394      0.44984229909475365      19
-0.30363722437888574      0.47630042033559367      19
-0.3041923399286721       0.516355538959716        19
-0.3048082688511727       0.5501735051354044       19
-0.3055015250436863       0.5787192655332084       19
-0.3056530927670202       0.585298536779258        19
-0.3063509410179297       0.6192078104833124       19
-0.3074144927692559       0.6556421321309255       19
-0.30870359035184597      0.68527724859341         19
-0.31027019006098333      0.709363681002303        19
-0.3111005101216214       0.7202560660365356       19
-0.3134306280214316       0.7457299424267777       19
-0.3185253950518154       0.776409489658288        19
-0.32593925022249715      0.7977938084381083       19
-0.3366375044195581       0.8125478769287762       19
-0.3371802528740411       0.8130490779142987       19
-0.34898283669046604      0.8215820129365757       19
-0.36393676163990085      0.8282729312628321       19
-0.38301971502772414      0.8335397165002509       19
-0.40747998711059125      0.8377114628902326       19
-0.438918129672328        0.8410490398975494       19
-0.44880760910608564      0.841730126046752        19
-0.47668646393086656      0.8430518807623989       19
-0.5109965508223385       0.8442318771910162       19
-0.5496673644640859       0.8451447167986336       19
-0.593278773597453        0.8458046265581172       19
-0.5982370527912424       0.8458346991163358       19
-0.605048662475067        0.845838553015473        19
-0.6518787188305049       0.8458617893154741       19
-0.6985897900137015       0.845879301019828        19
-0.7451826012079815       0.8458911231525423       19
-0.7503954913434022       0.8458613562013887       19
-0.766551572246535        0.8456533357166303       19
-0.8158306794872185       0.844727909828928        19
-0.858600818641065        0.8434268848700065       19
-0.8957567682685997       0.8417186755764915       19
-0.9053083297767504       0.8410687880356216       19
-0.9384077317839011       0.8376938563923217       19
-0.9722676157202316       0.8316432781119977       19
-0.9961958913202862       0.8232784377121586       19
-1.0132762411269616       0.811592191042819        19
-1.0212642012357582       0.8016268902818702       19
-1.0278374429907258       0.7875959853158288       19
-1.0328081792996806       0.7691510804666357       19
-1.0365474207795748       0.7450058031680612       19
-1.039334487323882        0.7134755510969342       19
-1.040202053157358        0.7009744142244242       19
-1.0413655479469135       0.6822703560600328       19
-1.0426704195214664       0.652376321892812        19
-1.0437350742676927       0.6157574596804911       19
-1.0446035433230834       0.5709207034478488       19
-1.0447459361440277       0.5638682000555637       19
-1.0450990409969012       0.5484928265196652       19
-1.0457488756496902       0.5147347184147298       19
-1.0463663682769493       0.47502860892143706      19
-1.0469681494716776       0.4283310851945923       19
-1.047017507673261        0.4245915752371614       19
-1.0471884221184509       0.4124145304483919       19
-1.0476406882353442       0.3758369996248366       19
-1.0480748124450818       0.3341010047343792       19
-1.0484986818640998       0.2864798775083537       19
-1.0485140322379678       0.2845937246239329       19
-1.0485730724288471       0.2768750821950189       19
-1.0487848768951569       0.2410112775974132       19
-1.0489178405090043       0.20211066614265327      19
-1.0489732562165572       0.15991478928090425      19
-1.0489732832489402       0.1586596639706336       19
-1.0489644762233212       0.12921090443779834      19
-1.048957591445859        0.09755166741135274      19
-1.0489529687424777       0.06465142345963039      19
-1.0489526132848563       0.06350052144710919      19
-1.0489445206532384       0.04366116702255428      19
-1.0489400945334397       0.0187145941734848       19
-1.048941848496969        -0.006674689871348558    19
-1.048941897486525        -0.007862683992163085    19
-1.0489415988299025       -0.022888734314520865    19
-1.0489452378923538       -0.043064436037410225    19
-1.0489534899828834       -0.063395034418606       19
-1.0489538659508895       -0.06448905083745211     19
-1.0489562967950647       -0.0779406070535286      19
-1.0489600806713488       -0.09631241522821697     19
-1.0489643981229084       -0.11467684159699636     19
-1.0489642584420797       -0.11583525806819467     19
-1.0489586378130695       -0.12819229630279488     19
-1.0489525014602494       -0.14485684720887337     19
-1.048948128771808        -0.16129914090009703     19
-1.0489468750178361       -0.16253197813922024     19
-1.0489222549295283       -0.17511839476003        19
-1.048888157707176        -0.1901332352258905      19
-1.0488498802543622       -0.20461714101097772     19
-1.048843557126238        -0.2060586547398499      19
-1.0487512311083278       -0.2198176056556011      19
-1.0486362307876298       -0.23338605820736386     19
-1.0485027598787897       -0.24600289408365747     19
-1.04847667843102         -0.2479131829879135      19
-1.048452950600007        -0.24941429853415392     19
-1.048206279588661        -0.2628172708026805      19
-1.0479191059643416       -0.2747287898041044      19
-1.0475869916716116       -0.28531532852440905     19
-1.0474831709284917       -0.2882112791026838      19
-1.0473583409766556       -0.29155910921713113     19
-1.0468106883894395       -0.30379633898489794     19
-1.0461799649634482       -0.3142296747173012      19
-1.0454492860254787       -0.323120552470836       19
-1.045001940361727        -0.32835569216504396     19
-1.0447539835002275       -0.3315724402749859      19
-1.0436182834135777       -0.3432751395794007      19
-1.0422641468900087       -0.352833634044872       19
-1.0406443883583731       -0.3606116207483924      19
-1.0397619278991483       -0.3641706441441455      19
-1.0378647312544929       -0.37265903489270147     19
-1.035394664622785        -0.38277817963099225     19
-1.0322542496086227       -0.39119103406962824     19
-1.0284715539697766       -0.3975687476281586      19
-1.0274487710088391       -0.39888595147948064     19
-1.0222763613382009       -0.40460466057148503     19
-1.0164723056105522       -0.4094181421347303      19
-1.0152280503123974       -0.41027469355840274     19
-1.0088159313186793       -0.414046759079282       19
-1.0023644842655626       -0.4168210901476005      19
-0.9957401659997946       -0.4187209373738883      19
-0.9888144499038419       -0.4198431083885441      19
-0.9865474502687107       -0.41999553135907        19
-0.98166310057817         -0.4199271778869492      19
-0.9725488414882411       -0.41861788979037473     19
-0.9635586875529107       -0.4156760687738782      19
-0.9541587927080253       -0.410939124996689       19
-0.9534375200044989       -0.4105012765910674      19
-0.9477726706324241       -0.40589416280700846     19
-0.9422050628602554       -0.399224898077312       19
-0.9364472450292907       -0.3901926089586264      19
-0.9345305766670651       -0.38690665942254204     19
-0.9329804832868234       -0.3841929406230124      19
-0.9309596860804117       -0.38040654378004046     19
-0.9294635152621694       -0.3774305987780998      19
-0.9262235788553239       -0.37051241631833015     19
-0.925625241065241        -0.36916440983919396     19
-0.924352092381009        -0.36617944798221314     19
-0.9235952037249355       -0.3643532651409319      19
-0.9217114514151038       -0.3597612483405965      19
-0.9203225443724372       -0.3562538999201597      19
-0.918598143953061        -0.35164287986864273     19
-0.9185602409169431       -0.3515386668208963      19
-0.9167989992167271       -0.34669583431938095     19
-1.0500000000000003       0.13862912586967321      20
-1.049984817630853        0.12871156029672853      20
-1.0499400139861919       0.09704334877060697      20
-1.0498988833359462       0.06413338469240697      20
-1.0498987508329845       0.06402218261833707      20
-1.0498760229712625       0.043171700877091414     20
-1.0498552543081954       0.01822096169829242      20
-1.0498409555662231       -0.007172641901291089    20
-1.049840874450905        -0.007351252539447054    20
-1.0498347633075875       -0.023362875940221156    20
-1.0498313184549763       -0.04353915147658907     20
-1.0498325438120935       -0.06387035239937812     20
-1.0498325694823296       -0.06404542768625417     20
-1.0498344466351446       -0.07845251760058491     20
-1.0498373179960305       -0.09681943118694092     20
-1.0498407237527638       -0.11517896980163671     20
-1.0498407492500745       -0.11535710938492504     20
-1.0498425005283631       -0.12873014421173026     20
-1.0498463918603773       -0.14537836347467073     20
-1.0498521581564328       -0.16180443952190707     20
-1.0498522097767484       -0.16197757684833794     20
-1.049853613904822        -0.17572825519561558     20
-1.0498523528931607       -0.19070524652164095     20
-1.0498480810864823       -0.20515206977543685     20
-1.0498479654504764       -0.2053419653633546      20
-1.0498472779865158       -0.20616726967196364     20
-1.0498287594885136       -0.22067314279321426     20
-1.0497987921723368       -0.23415952981857294     20
-1.049757167518994        -0.24669834049096911     20
-1.049755869025287        -0.2470060851724076      20
-1.0497367335478698       -0.2510368470602311      20
-1.0496580864713059       -0.26424945762406327     20
-1.0495611693828986       -0.27599056959207513     20
-1.0494444589522813       -0.2864242667009045      20
-1.0494360541371128       -0.2870820329610569      20
-1.0493436025989094       -0.2939918618561188      20
-1.0491518551286267       -0.305927709989881       20
-1.0489399779969852       -0.31611344888004234     20
-1.0487023429028037       -0.3248043720699916      20
-1.0486633173734194       -0.32624618553763635     20
-1.0484151664849701       -0.3360104799330511      20
-1.0480332658630453       -0.3471798797300212      20
-1.0475864253203522       -0.35635080176917655     20
-1.047059015147329        -0.3638717077183593      20
-1.0468323162007578       -0.36727000217693        20
-1.0468221449371198       -0.3674836715866817      20
-1.0461179642107257       -0.38012556105083994     20
-1.0453393264969322       -0.3900808064599516      20
-1.0444523374108605       -0.3978996322280074      20
-1.043419141861833        -0.40401502916917037     20
-1.0430346480320938       -0.4058863163391032      20
-1.0419464824092979       -0.4115353210130648      20
-1.0402229578406104       -0.4190023762576991      20
-1.0366374124552897       -0.4273740463151856      20
-1.031459686821955        -0.4329856488881169      20
-1.0278188989469563       -0.43529034289586777     20
-1.0211538998356562       -0.4383507458288791      20
-1.0130088512721418       -0.4408478461659282      20
-1.0119935225466834       -0.44108790576042944     20
-1.002927750185174        -0.44225363362172865     20
-0.9948517121242447       -0.4425782663767964      20
-0.9841761866424414       -0.4429404763530901      20
-0.9733312643638232       -0.4432338488464187      20
-0.9637080493405314       -0.442371462082416       20
-0.9583421430191945       -0.44099949296280183     20
-0.9490411164926698       -0.4372229287186682      20
-0.9416368310497238       -0.43180253145114955     20
-0.9402829660131287       -0.43031476979437755     20
-0.9373678208200353       -0.42537149848851097     20
-0.9350379795244088       -0.41846062022839514     20
-0.9345771209489516       -0.41674785661324804     20
-0.9329294264433521       -0.4111156509879249      20
-0.9306868502903395       -0.40403981338484346     20
-0.9277262022978753       -0.39513761870315794     20
-0.9261107209050221       -0.38988173635494033     20
-0.9251227674829695       -0.3863367334533548      20
-0.9240222552721514       -0.3823345695963819      20
-0.9233108981048016       -0.37978228047819684     20
-0.9211902874757494       -0.3725928297474644      20
-0.9211244453815286       -0.3723765062132227      20
-0.9202273929476983       -0.36941541998917093     20
-0.9192621364495227       -0.36620418454347053     20
-0.9182224958506199       -0.36272201015526906     20
-0.9181739840168941       -0.3625592063145489      20
-0.9170552335776884       -0.35877857253597056     20
-0.9157162011015865       -0.354186208089746       20
-0.9142487433583817       -0.34908847793119313     20
-0.913904371444582        -0.34789353691166086     20
-0.7                      0.130281863312305        21
-0.7024312552310943       0.1080017566694089       21
-0.7023378741249325       0.10522850679499948      21
-0.7014225723093852       0.07524470502425275      21
-0.7008120824904731       0.04497630798626648      21
-0.70056382199506         0.01595138423090153      21
-0.7005620995431248       0.01525810777542713      21
-0.7005129743482132       -0.005599636625965099    21
-0.7004710521191734       -0.030425901709365193    21
-0.7004485843566629       -0.05469712533360733     21
-0.7004483376979657       -0.05517947938854257     21
-0.7004416708326654       -0.07293471151101724     21
-0.7004393175624088       -0.09408125966037978     21
-0.7004432684701996       -0.1147437749719043      21
-0.7004435073394063       -0.11523072402506038     21
-0.7004558671184914       -0.13227968078770996     21
-0.7004735620964744       -0.15128946323065423     21
-0.7004949620739525       -0.16963565650604423     21
-0.7004957280240414       -0.17012261370293577     21
-0.7005344640210577       -0.18773198403299715     21
-0.7005852969213511       -0.20489920378040904     21
-0.700647219949467        -0.2210731242177981      21
-0.7006504826979514       -0.2217441456568209      21
-0.7006645216940444       -0.22428537832322212     21
-0.7007769339114129       -0.2418543396401548      21
-0.7009076165169997       -0.25780376159179974     21
-0.7010578105954501       -0.2722833793682744      21
-0.7010712080035462       -0.27338367178122214     21
-0.7011544692130175       -0.27974262849147985     21
-0.7013995057504672       -0.29639696590232756     21
-0.7016573003846567       -0.31088608015415103     21
-0.7019333559713322       -0.3234912186348709      21
-0.7019842469729888       -0.32579094981810536     21
-0.7022687371565992       -0.3387287833856607      21
-0.7027451764619247       -0.35506111064457524     21
-0.7033027396332685       -0.3683990132075041      21
-0.7039655610690182       -0.3792844863264328      21
-0.7043018888895866       -0.384392237353609       21
-0.7043340290848906       -0.38495264804599577     21
-0.7058654879531269       -0.40392813070455236     21
-0.7080356108013689       -0.41723065447318064     21
-0.711126994053044        -0.4264774416630281      21
-0.7155423395916906       -0.43279129969804137     21
-0.7191317120520049       -0.43572733535676283     21
-0.7245061142004592       -0.4387444483344665      21
-0.7310993767308154       -0.44113982753853054     21
-0.7392585502605197       -0.4430365604356842      21
-0.7494132726686489       -0.44453209350892414     21
-0.7620983929214505       -0.4457032386011059      21
-0.7661689306495963       -0.445914538149733       21
-0.7711159037851927       -0.4460648244157644      21
-0.7833671254278954       -0.44636394085013154     21
-0.7965396292063256       -0.44658882666570354     21
-0.8107096839281261       -0.4467415580516951      21
-0.8142044029468453       -0.4467178755315345      21
-0.8244633074517436       -0.4464907228662122      21
-0.8376724200804292       -0.4461769511752988      21
-0.8501913781814313       -0.4458541705508433      21
-0.8550975273467807       -0.4456224664526582      21
-0.8660867884594288       -0.4447509745084939      21
-0.877336076390339        -0.4435198338243314      21
-0.8868263621173862       -0.4420444301372411      21
-0.8921907025751967       -0.4408598150398195      21
-0.8978938099862932       -0.4390172740415577      21
-0.9020520561982535       -0.43710820013410323     21
-0.909602501719533        -0.431512155724837       21
-0.9148273216751103       -0.4236252411451906      21
-0.9174868781942469       -0.4162453249021187      21
-0.9182223690507187       -0.4129601191598105      21
-0.9187625602104299       -0.4052351104117703      21
-0.9187044100823578       -0.4025894285126399      21
-0.9184404760838236       -0.39660032080220586     21
-0.9179727841748655       -0.38952112904892644     21
-0.9178841778873301       -0.3884134816945274      21
-0.9174686706708275       -0.38434256938189465     21
-0.9168714345390688       -0.379793772366241       21
-0.9160812449887932       -0.3747026318421773      21
-0.9156642140026605       -0.3722486955890971      21
-0.9148308148906306       -0.3676339805635042      21
-0.9138485758662831       -0.3625086776397646      21
-0.9134654607951271       -0.3605884882432538      21
-0.9125713785055893       -0.3563020329351251      21
-0.911537424492839        -0.35158159477260215     21
-0.9108708170905795       -0.3485720597320525      21
-0.7                      0.13350486958609148      22
-0.7032432563045965       0.10835710561157591      22
-0.7031256457592459       0.10465254636609164      22
-0.7022838955842673       0.0758834660539923       22
-0.7017085567580086       0.04560156730973816      22
-0.7014973955807359       0.016564228411855796     22
-0.7014947960481286       0.014721892922084706     22
-0.7014641854800299       -0.004996043676708006    22
-0.7014425682370171       -0.029833592114648547    22
-0.7014408587309973       -0.05411579953516373     22
-0.701441492103578        -0.05566582510669336     22
-0.7014514604555151       -0.07229891108952158     22
-0.7014703971720758       -0.09346452957755705     22
-0.7014960966943274       -0.11414577397351686     22
-0.7014992350094619       -0.11579053572115061     22
-0.7015389921743402       -0.13151791110925348     22
-0.7015931067942651       -0.15056549820657736     22
-0.7016521613779941       -0.16894855288096008     22
-0.7016592567697394       -0.17057576197298782     22
-0.7017526730917936       -0.186655152448281       22
-0.7018725217577043       -0.2039034283975982      22
-0.7020074382981062       -0.22015477092806193     22
-0.7020300286556411       -0.2222405197061537      22
-0.7020344822284511       -0.22259211454831437     22
-0.7022862033047805       -0.24033853004730993     22
-0.7025704958827599       -0.25645118617982765     22
-0.7028900566367773       -0.2710813516609332      22
-0.7029688761874503       -0.2741034866748802      22
-0.7030473250835594       -0.2768637717508662      22
-0.7036007922721188       -0.293881442979553       22
-0.7042159463978663       -0.3086849400029623      22
-0.7049062223734526       -0.32156159351017743     22
-0.7052489414945843       -0.32751001617437325     22
-0.7053947902252584       -0.33015142656187546     22
-0.7066103466085397       -0.3479158186450742      22
-0.7080755984327909       -0.3623941995447296      22
-0.7098542312843618       -0.3741746541238423      22
-0.7108195130426062       -0.37931501175671745     22
-0.7124287211642913       -0.38754080829213344     22
-0.7136848752405972       -0.39316718662279576     22
-0.7192447030871034       -0.40906264127820363     22
-0.7272091593603206       -0.4199193583972104      22
-0.7355155339133717       -0.4261156163824954      22
-0.7456227992025779       -0.43104092517585213     22
-0.758062782610509        -0.43494839459380735     22
-0.7598622646281751       -0.43537432164875356     22
-0.7714602969632928       -0.437120559032417       22
-0.7785407754553663       -0.43769700817358825     22
-0.7919680860875682       -0.43862802542623597     22
-0.8063615344971183       -0.43942992784728924     22
-0.8176474996382632       -0.4394597013196598      22
-0.8313946425569435       -0.438827684981164       22
-0.8447737201406067       -0.4381561169375304      22
-0.8490248173116294       -0.4378594097482755      22
-0.8592616370767647       -0.436455211922999       22
-0.8679118915930113       -0.4345969027923899      22
-0.8793622032354156       -0.43132135025835844     22
-0.8844460807885489       -0.4293619966844363      22
-0.8916167485888898       -0.42554182064098156     22
-0.8974565164652815       -0.4209265396554891      22
-0.9022153048494623       -0.4153906617381808      22
-0.902446405927318        -0.41506129287856525     22
-0.9052980150371975       -0.4102537282499777      22
-0.9061274012526852       -0.4084855341904382      22
-0.9074868298722987       -0.4048517994533901      22
-0.9085819082236886       -0.40083207165028256     22
-0.9094353427284078       -0.3963806268777287      22
-0.9102938002663505       -0.38918085880697284     22
-0.9104606374167808       -0.3866281161387921      22
-0.9104674991323809       -0.38647760719415053     22
-0.9105841662043956       -0.38098884483999845     22
-0.9104766316127316       -0.37476496128473585     22
-0.9104429857123861       -0.3738419748240723      22
-0.9102559819536782       -0.3702459572068917      22
-0.9099672039678284       -0.3663152772332222      22
-0.9095942378686118       -0.3623782032529522      22
-0.9095448786348892       -0.3619179976288368      22
-0.9090135412266234       -0.3575967055755472      22
-0.9086923099329984       -0.35528012338086856     22
-0.9077648693504141       -0.34898004266575167     22
-0.6999999999999998       0.13644558535313367      23
-0.7000314629013209       0.1363501413225607       23
-0.7040768491942085       0.10872190359176093      23
-0.7039380544787649       0.10405857312034192      23
-0.7031688273594333       0.07653973524865877      23
-0.7026296029994092       0.04624396472217856      23
-0.7024565580166205       0.017193870388065368     23
-0.7024556304309402       0.014169501372527493     23
-0.7024421652184216       -0.004375464653960232    23
-0.702441424376303        -0.029224613978131576    23
-0.7024610572973986       -0.05351811429656013     23
-0.7024646472730821       -0.056166862138679614    23
-0.7024894414709133       -0.07164536033779945     23
-0.7025302625499532       -0.09283058157184439     23
-0.7025783178663332       -0.11353107793241116     23
-0.7025878698643586       -0.11636779682913174     23
-0.702650801914152        -0.13073596728528994     23
-0.7027423006869157       -0.14982236022753684     23
-0.702840007093675        -0.16824325251097663     23
-0.7028602444170021       -0.1710434989985861      23
-0.7029981356086776       -0.1855542302765633      23
-0.703188544042378        -0.2028853757953651      23
-0.7033980870863183       -0.21921587248517604     23
-0.7034580903360874       -0.22275435018426779     23
-0.7038134576897013       -0.2388046575275659      23
-0.704253190711206        -0.2550824929975846      23
-0.704744136374409        -0.2698650001633805      23
-0.7049452168596979       -0.27485314326020527     23
-0.7057663253007744       -0.29140677740556803     23
-0.706733034653186        -0.3065195509674077      23
-0.7078308032129978       -0.31966330952972055     23
-0.7087418951241328       -0.32934927526242574     23
-0.7100290187640801       -0.34159593882728884     23
-0.7122971045661088       -0.35708305191359285     23
-0.715062652164872        -0.36965510119141126     23
-0.7165841118581733       -0.37506951930251864     23
-0.7193371821338858       -0.38383045961625395     23
-0.7221070933013432       -0.39129049085144924     23
-0.7247986642345237       -0.39714781108145975     23
-0.7351532597196921       -0.41107780893704604     23
-0.7414181082477269       -0.4160754613708143      23
-0.7535861666089443       -0.42301827670138586     23
-0.7637658713052227       -0.42671564573369847     23
-0.7762344517207331       -0.4291861589643114      23
-0.7872993551295251       -0.4304979830681028      23
-0.8019209464218471       -0.43196285745064145     23
-0.8092702276110644       -0.43240676366414216     23
-0.8210942143076697       -0.43219390027737953     23
-0.8254790430673118       -0.4319024132294103      23
-0.8396686180529007       -0.4309021800377748      23
-0.8429005794982551       -0.43062237045040824     23
-0.853889331902091        -0.42897016187074627     23
-0.8638726711880502       -0.4263040569141093      23
-0.8733652100281617       -0.42270601419553283     23
-0.877269223833449        -0.42088468102773974     23
-0.8857956641271787       -0.41562717730464993     23
-0.8887568222381834       -0.4131850189816141      23
-0.8935171586511172       -0.40810203301460524     23
-0.8977256815738607       -0.4018818310237259      23
-0.8988947602862858       -0.39970313770737476     23
-0.9009221497773634       -0.39501498985012906     23
-0.902574500924167        -0.38983200330422757     23
-0.9035319506679819       -0.38580248365441117     23
-0.9043481485107593       -0.3812427682293239      23
-0.9050980169278444       -0.37482334903949116     23
-0.9052150089261465       -0.3732589979797908      23
-0.9053854959620011       -0.3694757252791273      23
-0.9054224856839048       -0.3653497602232869      23
-0.9053790213629545       -0.36200781367841667     23
-0.9053020163278664       -0.35926318980205196     23
-0.9051374609396261       -0.35583965243088655     23
-0.9046589216102486       -0.34938802559945104     23
-0.6999999999999998       0.13855518810132034      24
-0.7006610569505312       0.13662787102419927      24
-0.7047604062850485       0.10902104271493132      24
-0.7046070583851155       0.10356944688113878      24
-0.7038950254542222       0.07707828686609415      24
-0.7033854375670993       0.046771132793326356     24
-0.7032436717276204       0.017710571015565005     24
-0.7032460711971893       0.013715070507529023     24
-0.7032452479561495       -0.00386586687703243     24
-0.703261650083896        -0.028724542443014936    24
-0.7032988086592816       -0.05302731609402609     24
-0.7033063860062799       -0.05657905990609515     24
-0.7033416255094184       -0.07110879414756233     24
-0.7034004136843117       -0.09231010926676736     24
-0.703466823142667        -0.11302641152041362     24
-0.7034842535707165       -0.11684311456232827     24
-0.7035624336633781       -0.1300948100885943      24
-0.7036845856850076       -0.14921302200041908     24
-0.7038139847706295       -0.16766493934551838     24
-0.7038500492890897       -0.1714289887143613      24
-0.7040156579386333       -0.1846547950241328      24
-0.7042637125385967       -0.20205364361410802     24
-0.7045342242048179       -0.21844880794630314     24
-0.7046381998606885       -0.2231789650657924      24
-0.705049944360615        -0.2375628127214414      24
-0.7056155241555437       -0.2539743797106799      24
-0.7062452254562465       -0.2688802248510816      24
-0.706587949614728        -0.27547625720256885     24
-0.707479185258339        -0.2894494045491153      24
-0.7087239623486505       -0.30480680490328804     24
-0.7101440431157977       -0.31816183410764864     24
-0.7105246957722531       -0.32126737723105403     24
-0.7117287378263513       -0.3309220352149674      24
-0.7125429437263121       -0.3369486070828602      24
-0.7154013945254618       -0.35317749267873727     24
-0.7188926711516607       -0.3663316421353698      24
-0.7205471153907941       -0.371192919030768       24
-0.7241335705581817       -0.3804599603858632      24
-0.7278472764221698       -0.38834189186687146     24
-0.7317768584167473       -0.395036838800512       24
-0.7404488982725785       -0.40521440232271366     24
-0.749527736922965        -0.4122026193845846      24
-0.755221460933427        -0.4155429061339698      24
-0.7666801314338187       -0.42025146117995027     24
-0.7797986245507372       -0.4232626867306031      24
-0.7834632711478818       -0.42381789686472304     24
-0.7982723170753051       -0.4258275051684469      24
-0.7999654048937858       -0.4260256669415733      24
-0.8118423261366956       -0.42675368357106347     24
-0.8238742184183686       -0.42633354956591796     24
-0.8357544773956342       -0.4253196412952446      24
-0.8475468364687493       -0.4236911812568471      24
-0.8582568611268728       -0.42098908808230157     24
-0.8680126168831446       -0.4171899993155255      24
-0.8691498714058186       -0.4166502196339909      24
-0.8707756476391134       -0.4158435320817206      24
-0.8744576799884295       -0.41379228480237495     24
-0.8811616420578641       -0.4089734796669432      24
-0.8870428356395862       -0.4030560873837176      24
-0.8922352151015818       -0.39581162541898685     24
-0.8949861548757809       -0.3906199943365822      24
-0.8952649540683513       -0.39000178352932113     24
-0.896892455189735        -0.3858522420084729      24
-0.8983066328662646       -0.38121390373892755     24
-0.8995187887560929       -0.3760240216689089      24
-0.899772938328386        -0.3747428210363719      24
-0.8999476171470197       -0.37381370101911326     24
-0.9000545298880303       -0.3732127786811028      24
-0.9008431116459865       -0.3676189076212296      24
-0.9013895990859697       -0.3613063895161691      24
-0.9014738979183934       -0.35980893417585513     24
-0.9015856227790714       -0.3564386423090968      24
-0.9016048101564889       -0.35280377504642624     24
-0.9015529738700834       -0.3497960085331503      24
-0.7                      0.14062467597609826      25
-0.7013195126702895       0.1369183323314814       25
-0.7054752988047756       0.10933389488833103      25
-0.7053094742859692       0.10305589225958886      25
-0.704655045350246        0.07764192087618527      25
-0.7041764742190388       0.04732285308217826      25
-0.7040674443112801       0.01825133635219353      25
-0.7040752196283059       0.013238386289238097     25
-0.7040862420137621       -0.0033322123953270517   25
-0.7041205963836739       -0.028200863910708196    25
-0.7041761079511251       -0.05251334866274274     25
-0.7041893721632655       -0.0570114564541139      25
-0.7042338761612562       -0.07054700055444023     25
-0.7043114761799092       -0.09176516623511533     25
-0.704397102725656        -0.11249801751780442     25
-0.7044253169818829       -0.11734212422104612     25
-0.7045158114575796       -0.12942429259681004     25
-0.7046700204219534       -0.14857578055354612     25
-0.7048325634785831       -0.1670601436804811      25
-0.7048900758123893       -0.17183403777016154     25
-0.7050762887012626       -0.18371725422563018     25
-0.7053844317095941       -0.20118667420052436     25
-0.7057184949996398       -0.21764924588962953     25
-0.7058812884052086       -0.22362624041104873     25
-0.7063285426181218       -0.23627867384428614     25
-0.7070242552070369       -0.25282852690766533     25
-0.7077974378088325       -0.26786191059993764     25
-0.7083280635944486       -0.27613630934966676     25
-0.709215665978494        -0.2874650390367018      25
-0.7107423454296073       -0.3030704396471966      25
-0.7124891831691722       -0.3166396529680291      25
-0.7134833321444332       -0.32322300648228214     25
-0.7149872777012524       -0.33263786076386503     25
-0.7183874408780002       -0.34942069770772466     25
-0.7225768032319113       -0.36313477492191804     25
-0.7253117391046298       -0.3699637966917859      25
-0.7297317456952792       -0.3793442230644455      25
-0.7344087123945473       -0.3873119946050718      25
-0.7394536664404003       -0.39406746985857244     25
-0.744985820628879        -0.3997806111320727      25
-0.7451830541824829       -0.3999570813387214      25
-0.745540716986528        -0.4002732612190586      25
-0.7468809590647217       -0.4014224232084594      25
-0.7574493803236513       -0.40872356512765345     25
-0.7694607190259227       -0.4140837786224283      25
-0.7831993143690473       -0.41761091486795987     25
-0.7945148330274142       -0.41950910827499754     25
-0.8023687099830068       -0.42049189101429507     25
-0.8144474443611819       -0.4210280312182463      25
-0.8266899112469126       -0.4203979657272075      25
-0.8319082202466319       -0.41987528282072595     25
-0.841461917544586        -0.41853398931740193     25
-0.8528712907507419       -0.4157881404958709      25
-0.8644099175861493       -0.4114253165405207      25
-0.8683257459471461       -0.4094130091332283      25
-0.8727474555017475       -0.40656644115163815     25
-0.878008575563114        -0.40221430698737615     25
-0.8827510512289019       -0.3971238581514718      25
-0.8870840688217151       -0.3912297144185419      25
-0.8874804113977248       -0.39062065401272467     25
-0.8880466847010897       -0.38971468332707926     25
-0.8889214993429586       -0.3882171894167744      25
-0.8921240078972029       -0.3815236185633671      25
-0.8948723323650902       -0.37366154138752294     25
-0.8949518543877308       -0.3733942647178451      25
-0.8959114996803126       -0.3697777667941777      25
-0.89675642735385         -0.36580739063070894     25
-0.8975945734893767       -0.360639144370135       25
-0.8976551208280945       -0.3601880544753686      25
-0.8980297349228092       -0.3567847025105898      25
-0.8982935381014834       -0.35311850078457346     25
-0.8984470059811008       -0.3497961619835064      25
-0.7                      0.14301408628349493      26
-0.7021288852697718       0.13727536685372743      26
-0.7063540434183907       0.10971845222338066      26
-0.706176765153754        0.10242179324099154      26
-0.7055900177237107       0.07833530039287638      26
-0.7051496032382012       0.04800157640331149      26
-0.7050808448969341       0.018916582950236946     26
-0.705097899856072        0.012650439057308423     26
-0.7051215419048035       -0.0026752607536804536   26
-0.705177996257693        -0.02755619309225183     26
-0.7052561011485023       -0.051880632627724375    26
-0.7052784947285317       -0.05754479758734058     26
-0.7053320485507387       -0.06985555111555852     26
-0.7054328019819105       -0.09109445628386044     26
-0.7055420807096264       -0.11184767593134717     26
-0.7055871424237701       -0.11795819547657081     26
-0.7056876672313976       -0.12860011796323614     26
-0.7058812793722187       -0.14779250757049983     26
-0.7060845617391501       -0.1663167518201245      26
-0.7061753329698247       -0.172334594425609       26
-0.7063752004014903       -0.1825690858379841      26
-0.7067569312590785       -0.20012493174054546     26
-0.7071688236586148       -0.2166700544998788      26
-0.7074219163973056       -0.22418057334261193     26
-0.7078807685225053       -0.2347197215946305      26
-0.7087344630988424       -0.25143745477612855     26
-0.7096818328552369       -0.26662567103043405     26
-0.7104990945237392       -0.27695981496079        26
-0.7112805883084694       -0.2851053464643304      26
-0.7131424897248693       -0.3010056546204002      26
-0.7152778879367665       -0.3148295632912559      26
-0.7153929775144735       -0.3154750464801479      26
-0.7173198369033515       -0.3257588980164919      26
-0.71921267148561         -0.33486279551614356     26
-0.7217777519003702       -0.34515529057893646     26
-0.7267597100340523       -0.35950510114220413     26
-0.7275385182875158       -0.3612904437895324      26
-0.7327455458787719       -0.3718923109928772      26
-0.7382773137916653       -0.3808947410241166      26
-0.7442650154128919       -0.3885241303187931      26
-0.7500813555277424       -0.394091239255345       26
-0.7529912744823288       -0.396345312829901       26
-0.7598091478252558       -0.40090496247558394     26
-0.7669219418795976       -0.4046828441626521      26
-0.7726185193182464       -0.40707939226955514     26
-0.7870613395513705       -0.41119242731853606     26
-0.7899078106654218       -0.41176217032155427     26
-0.7946989027265927       -0.4126133014316271      26
-0.8068998430430318       -0.41394364021299285     26
-0.819242506155885        -0.4140903577234165      26
-0.8280692126337011       -0.4134968219099745      26
-0.8309729660644899       -0.41314579570683074     26
-0.8444409732038995       -0.41043767836086525     26
-0.8588385959190574       -0.40552335637207665     26
-0.86331137686332         -0.40337095591074157     26
-0.8679366754683042       -0.4005705498816198      26
-0.8736604346574142       -0.3961620828826981      26
-0.8793114504113932       -0.39053978913783305     26
-0.8802048240501608       -0.3895078341030298      26
-0.8829331109733565       -0.38602224328250456     26
-0.8831397176362008       -0.3857355442790412      26
-0.885227656546861        -0.3825509723564693      26
-0.8871719213365482       -0.3790394533174721      26
-0.890069039429082        -0.37260173308257766     26
-0.8910052248339262       -0.3700779728867333      26
-0.8922329138355531       -0.36613715980406075     26
-0.8933215248890432       -0.36181072681892784     26
-0.8937056191939313       -0.3600504686398458      26
-0.8938907380859513       -0.3591535117045726      26
-0.8941759543863018       -0.35766667111202916     26
-0.8948135967873325       -0.35369841871639895     26
-0.895341017943301        -0.3493884859505189      26
-0.7                      0.14524190576100887      27
-0.7029298673329343       0.13762870010028366      27
-0.7072236783356795       0.11009902296154143      27
-0.7070393271856215       0.10179115159791313      27
-0.7065161346112134       0.0790221126432495       27
-0.706113515375012        0.04867387127263918      27
-0.706084647172612        0.01957552873974589      27
-0.7061138046888683       0.012066387055392284     27
-0.7061478119059392       -0.002024039046953221    27
-0.7062261734856641       -0.026917145095324387    27
-0.7063266746407721       -0.05125343514456465     27
-0.7063604427333574       -0.05807462535272645     27
-0.706420398156371        -0.06917028646009214     27
-0.706544097900549        -0.09042974560825709     27
-0.706676817249396        -0.11120315143234707     27
-0.7067424852787972       -0.11857082926612034     27
-0.7068473702627566       -0.1277844904412498      27
-0.7070799769489746       -0.1470173575280499      27
-0.7073235761387677       -0.16558106931276775     27
-0.7074547942645671       -0.17283289382255532     27
-0.7076555800529298       -0.18143729878909504     27
-0.7081098488549873       -0.19907833754897108     27
-0.7085984599476142       -0.21570483359218973     27
-0.7089605044308847       -0.2247341722772654      27
-0.7093968876930632       -0.2331970325420818      27
-0.7104048893963828       -0.2500787407382453      27
-0.7115223944942937       -0.26541818795375444     27
-0.7126839008458393       -0.277788545791472       27
-0.7132559403905298       -0.282848010404668       27
-0.7154385228308444       -0.2990304338857116      27
-0.7179456269063892       -0.31309798997257715     27
-0.7190914111232825       -0.31852592588946715     27
-0.7213777326550666       -0.32844112679766535     27
-0.7236818976600358       -0.33721612330965856     27
-0.7248771789967425       -0.3412558493935126      27
-0.7305837293050316       -0.3561868482770221      27
-0.731187652616978        -0.3574486452681413      27
-0.7371754205972222       -0.36855580484665823     27
-0.7435898349192971       -0.37798014963845433     27
-0.747010576432681        -0.38206751208441425     27
-0.7544324622460413       -0.3888806768382005      27
-0.7618025817810189       -0.3939191249755314      27
-0.7697847746425623       -0.39828778988227603     27
-0.7782035387675694       -0.4018366846507584      27
-0.7871824204790961       -0.40462524806373845     27
-0.7909105997474906       -0.405458310561883       27
-0.79271375744442         -0.4057831421207217      27
-0.803462058438283        -0.4072079406318745      27
-0.81439541572958         -0.4077739992112227      27
-0.825645440355044        -0.4074797270242161      27
-0.8298134877391933       -0.407086277957314       27
-0.8369195384310377       -0.40580491915203754     27
-0.8380973858942042       -0.40552141525997665     27
-0.8540131452185308       -0.4004115320095525      27
-0.8574916031148192       -0.39887411584331184     27
-0.8626566639038321       -0.3960655202528225      27
-0.867590805548872        -0.39270991579280456     27
-0.8711603325785776       -0.38981626690092164     27
-0.8721895501214129       -0.38889763475542183     27
-0.8755421291515794       -0.38556027701918133     27
-0.8787583111578645       -0.3818005199573415      27
-0.8799225132581094       -0.3802692488812196      27
-0.882312944507638        -0.37669932223015296     27
-0.8845382923231825       -0.372761597068402       27
-0.8853958063291725       -0.37107033835236025     27
-0.8861693182130569       -0.36943923654899696     27
-0.8878066300562882       -0.3654985123340798      27
-0.8897239045868236       -0.35984054358436274     27
-0.8902380472599911       -0.35806178686829193     27
-0.8910945497718064       -0.3546891464917755      27
-0.8913835127888274       -0.3534064768064379      27
-0.8922350299055011       -0.34898080991753144     27
-0.7                      0.14736894653020308      28
-0.7037354250047028       0.1379840517623802       28
-0.7080982810408808       0.11048176770936474      28
-0.7079111437827502       0.10115374370031995      28
-0.7074483979511735       0.07971348312909064      28
-0.7070838248037867       0.0493506280284819       28
-0.7070951114831229       0.02023884782059839      28
-0.7071393895547999       0.011476769923211302     28
-0.7071816726916225       -0.0013680005925250042   28
-0.7072821035345267       -0.02627337039328529     28
-0.7074051666074331       -0.05062159860836992     28
-0.7074527405682612       -0.058609521409118855    28
-0.7075165539689708       -0.06848010673165617     28
-0.7076633646089945       -0.0897602672834715      28
-0.707819692707246        -0.11055400406987664     28
-0.7079100678971607       -0.11918995333045114     28
-0.7080137289258288       -0.12696418196538556     28
-0.7082855539503687       -0.14623775883532855     28
-0.7085697013446078       -0.1648411646625911      28
-0.7087492062799526       -0.17333701593185        28
-0.7089383560133025       -0.18030339353142893     28
-0.7094652985190348       -0.1980297845922696      28
-0.7100307718884848       -0.21473780621445807     28
-0.7105221033127166       -0.22529605073886186     28
-0.7109026486147004       -0.23168474662441918     28
-0.7120639032062182       -0.2487293095446724      28
-0.7133503812672176       -0.26421895449921434     28
-0.7135367391903711       -0.2662054475464261      28
-0.7149191861752399       -0.278636424090389       28
-0.7151808289355623       -0.28064834161499        28
-0.7176759000887241       -0.2971056733325713      28
-0.7205452142054838       -0.31141065247144045     28
-0.7231095418165799       -0.3218405270132879      28
-0.7257863978346529       -0.33135521068615514     28
-0.7285374491626982       -0.3397728756104138      28
-0.7341796223776229       -0.35306654954276406     28
-0.7361200215760604       -0.35673750772898516     28
-0.7429431435379168       -0.3678810702128799      28
-0.7501902289576441       -0.37687501323994926     28
-0.758436750028445        -0.38408543903383313     28
-0.7584820930142344       -0.3841178655793251      28
-0.7670343041657403       -0.38961390338274976     28
-0.7759774990692527       -0.39415131937061576     28
-0.7854434536609648       -0.39780545260475786     28
-0.7860690750969297       -0.39800849320074494     28
-0.7947541181639669       -0.4000554217127043      28
-0.7995748293756466       -0.40072835006855956     28
-0.8113084496935201       -0.40169407517640665     28
-0.8233298295684479       -0.40173114662162435     28
-0.8281566891350847       -0.40140123497321123     28
-0.83570531923805         -0.40022179507949635     28
-0.8430291712689307       -0.39826274902553116     28
-0.8497349898817961       -0.39587948308102516     28
-0.8543543729842231       -0.3938749095517611      28
-0.8599043683028852       -0.39085198372772467     28
-0.8661478939389887       -0.38655153244833923     28
-0.8674838841618492       -0.38548526976940534     28
-0.8699723294739874       -0.383290367430126       28
-0.872373045966976        -0.38089364823103056     28
-0.8749759983678178       -0.37797569509518936     28
-0.8760939578644399       -0.37660299869041514     28
-0.8781387973251649       -0.3738493737976245      28
-0.8815119007660217       -0.36857441055867746     28
-0.8821853849409016       -0.3673870714673399      28
-0.8835588906805327       -0.3647265471887888      28
-0.8848642899322262       -0.36185973578511893     28
-0.8857767690900581       -0.3596324416182704      28
-0.8864557388078392       -0.357818529316954       28
-0.887573487525915        -0.35442222855154254     28
-0.888607124577656        -0.3507177492686252      28
-0.8891290418677014       -0.348573133884544       28
-0.6999999999999998       0.149603020080123        29
-0.7046235486337393       0.13837582533587572      29
-0.7090625265017962       0.11090374203391619      29
-0.708877409235966        0.10044728177578327      29
-0.7084772285088269       0.08047646827717533      29
-0.7081546424021117       0.05009748570341667      29
-0.7082102433514593       0.020970875897434522     29
-0.7082746437111901       0.010824103018479922     29
-0.7083235322270074       -6.434313128484137E-4    29
-0.7084483377235876       -0.025562345957169073    29
-0.7085963195682774       -0.04992375941797841     29
-0.7086618878165757       -0.05920163838862153     29
-0.7087269345393807       -0.06771800692450489     29
-0.7088992643428069       -0.08902102606674216     29
-0.7090816613367775       -0.10983721240044801     29
-0.709203950319086        -0.11987604931306434     29
-0.7092997121914267       -0.1260597406421558      29
-0.7096147778831668       -0.14537820259035594     29
-0.7099436322050591       -0.16402537357843275     29
-0.7101852799524409       -0.17389630963452896     29
-0.7103470870454426       -0.17905815073508177     29
-0.7109538390461685       -0.19687827479275746     29
-0.7116037217574729       -0.21367582694604073     29
-0.7122605888066722       -0.22592157472342378     29
-0.7125418131474407       -0.2300384790105008      29
-0.7138698981402956       -0.24726032484723914     29
-0.7153403194050973       -0.26291347438154705     29
-0.7158130239855921       -0.26725979843126757     29
-0.7174299834080661       -0.2795888083156567      29
-0.7200679422081657       -0.2950478584080938      29
-0.7233245051322592       -0.30960667312096746     29
-0.7249469087461781       -0.31566799656206684     29
-0.7279980357739728       -0.3258731005659584      29
-0.7311500195621705       -0.3349005113663894      29
-0.7344447568120411       -0.34288344346567035     29
-0.7379005976026793       -0.34983771207441794     29
-0.7422638091437062       -0.35727221999283854     29
-0.7452970639391973       -0.3618154379002916      29
-0.7534311640881299       -0.3715824374669944      29
-0.7625182139131559       -0.37919778085823097     29
-0.7640594516441126       -0.3802324054379909      29
-0.7735698601341745       -0.3858389857259092      29
-0.7835626227749258       -0.39042930154656796     29
-0.789412890634406        -0.39243618179791934     29
-0.7987944099124915       -0.39437592577430647     29
-0.8080603436376546       -0.3952967783334864      29
-0.8208933436042003       -0.39568248959068436     29
-0.8288377156070519       -0.39520487931613457     29
-0.836768972676194        -0.39388421283314023     29
-0.8444694462550918       -0.3917434752491983      29
-0.8466995828128137       -0.3909531226903162      29
-0.8492482681323019       -0.3899135618947958      29
-0.8555183501442254       -0.3867692805421027      29
-0.8638302688373527       -0.38132291396329365     29
-0.8644173349331792       -0.38087555841428916     29
-0.867230099945332        -0.37855025959958366     29
-0.8699391010939882       -0.37600490895420496     29
-0.8716889426896428       -0.37416928331404736     29
-0.8743949412342389       -0.37096169775516874     29
-0.8778258106765275       -0.36620560561355325     29
-0.879198027276209        -0.3640249293483093      29
-0.8807815963614327       -0.36119124178283973     29
-0.8808748617860488       -0.36101269025589366     29
-0.8825133064686104       -0.3576712591261677      29
-0.8831300258671679       -0.35628731561910515     29
-0.884449187718308        -0.3529480641444654      29
-0.8856661923963043       -0.3493133350317029      29
-0.8860959990363594       -0.34789263948156657     29
-0.7                      0.1518051553145618       30
-0.7055402764767482       0.13878021694447135      30
-0.7100578278682017       0.11133930708331127      30
-0.7098804692621378       0.09971391837739356      30
-0.7095403338234643       0.08126487173183844      30
-0.7092611335257647       0.050869224409653344     30
-0.7093625250434564       0.021727290968077906     30
-0.7094515215227718       0.01014750633375507      30
-0.7095044322415344       1.0591118189745043E-4    30
-0.7096544457676386       -0.024827011407762348    30
-0.7098281983635023       -0.049202060921330726    30
-0.709915417932985        -0.059815489569509654    30
-0.7099783909340612       -0.0669300442784091      30
-0.7101771059265825       -0.08825669774678785     30
-0.7103864564978399       -0.10909609548210919     30
-0.7105468810903719       -0.12058815374504003     30
-0.7106272485344116       -0.12512607473933726     30
-0.7109869520987735       -0.14449087210591938     30
-0.7113619579319891       -0.16318322240782684     30
-0.7116776219572073       -0.17447751761953736     30
-0.7117953283759074       -0.17777798295075117     30
-0.7124841282669517       -0.19569446890927744     30
-0.7132207877260973       -0.21258406263225144     30
-0.7140739329872291       -0.22657403359130035     30
-0.7142119954212284       -0.22836105924466452     30
-0.7157100677298632       -0.24576354270419426     30
-0.7173679129367038       -0.26158329079853326     30
-0.7182113603368818       -0.2683706822975742      30
-0.7200754064618268       -0.28059225819708256     30
-0.7224626018473802       -0.2929877916958198      30
-0.7261068373302976       -0.30780071974521284     30
-0.7268154916876879       -0.3102597728448397      30
-0.7302251248444396       -0.3210682678287273      30
-0.7337626281649026       -0.3306283775531449      30
-0.7374748904258268       -0.33908118817666344     30
-0.7414107510472964       -0.3465514761862118      30
-0.7415035437366302       -0.34671129311967835     30
-0.7415979128170069       -0.34687322584174035     30
-0.7476865493608904       -0.3562344677767081      30
-0.7565245973038288       -0.3665307381785222      30
-0.7664139216151943       -0.37453257049805994     30
-0.7711523922086632       -0.3774927176541248      30
-0.7816741135495336       -0.3830230379506836      30
-0.7831124253585052       -0.38366753732584385     30
-0.7926831478156011       -0.38698645193791104     30
-0.8027458219914929       -0.38882136925946703     30
-0.8048806627042024       -0.3890342479704969      30
-0.8185081850435209       -0.3897612545375547      30
-0.8201406433954282       -0.38976810260863126     30
-0.8287804712280065       -0.3892665442755622      30
-0.8371069001279487       -0.3878825589941262      30
-0.8376803950496624       -0.3877528348495023      30
-0.8455321329369375       -0.3854258456411867      30
-0.8469382055427421       -0.38489156613999365     30
-0.8510660441787755       -0.3830491094534287      30
-0.8550680333130463       -0.38085217641941377     30
-0.8616686385809297       -0.37644622363551417     30
-0.8644130876759192       -0.37429675591692635     30
-0.8644504444112036       -0.37426569425216566     30
-0.867612755211812        -0.371401232679554       30
-0.8706713045545177       -0.3681495232107417      30
-0.8736457959664874       -0.3644828024257242      30
-0.8741254332903088       -0.3638427656554128      30
-0.8742984614009871       -0.3636084925276913      30
-0.8750615014496492       -0.36254098894801245     30
-0.8756775428156305       -0.36163747516961137     30
-0.8776892952484772       -0.35842038461519954     30
-0.8796339585065102       -0.35488524142686384     30
-0.8806296275954757       -0.35285833189616383     30
-0.8817596466698538       -0.3503150909224458      30
-0.883201015504371        -0.3466957970573748      30
-0.7                      0.15407523782412774      31
-0.7065273667529273       0.1392156471843813       31
-0.7111295224917893       0.11180830344704204      31
-0.7109670526137014       0.09891948889307184      31
-0.7106863580446559       0.08211476820274836      31
-0.7104539275140749       0.05170115633361368      31
-0.7106046811219575       0.022542704060550197     31
-0.7107245424742368       0.009415636171135795     31
-0.7107785771240699       9.144223963968396E-4     31
-0.7109557891271165       -0.02403361421786241     31
-0.711157347354552        -0.04842337649849586     31
-0.7112714087184342       -0.06047951553428253     31
-0.7113283168374503       -0.06608008163377377     31
-0.7115554931094668       -0.08743222906998349     31
-0.711793918071428        -0.10829666457124519     31
-0.7120013696785407       -0.12135941298791236     31
-0.7120568908988126       -0.12412059693383673     31
-0.7124646656094704       -0.14353529355737055     31
-0.7128893726475655       -0.16227629809114766     31
-0.7132960404440977       -0.17510782739079667     31
-0.7133483221888147       -0.1764052195813263      31
-0.7141251045613324       -0.19442503737597222     31
-0.7149548174016142       -0.21141333011081184     31
-0.7150002173548446       -0.21227283731337854     31
-0.7160484488071596       -0.22728448358214498     31
-0.717665935226485        -0.24417265262552845     31
-0.7195229883750278       -0.26016947391485756     31
-0.7208526152736141       -0.26959408346665564     31
-0.7229887745958395       -0.28169734379179207     31
-0.7249632476708316       -0.2908365476794596      31
-0.7290123138650587       -0.305914835967629       31
-0.7306120092471696       -0.3109107491318048      31
-0.734453783080329        -0.3216226970210083      31
-0.7384769592370497       -0.33109465949500183     31
-0.7427345396531008       -0.33946644989507924     31
-0.7455484384080382       -0.34411410229012307     31
-0.7456818485996004       -0.34431660318839935     31
-0.7499916864598348       -0.3504715860511031      31
-0.7500948259885708       -0.350609608220592       31
-0.7596423576571769       -0.3614393117081827      31
-0.770340265639694        -0.36983067235228495     31
-0.7796867243709453       -0.37522899176530083     31
-0.7858283142663797       -0.3780840459857936      31
-0.7960471388381394       -0.38138051903766534     31
-0.8068104915338593       -0.3831076051073542      31
-0.8160512711067521       -0.383661884388858       31
-0.8191791684228749       -0.3837166129946334      31
-0.8282579269829933       -0.38324216100326003     31
-0.8356439284776891       -0.38204496398771426     31
-0.8442943564064486       -0.3795656079125318      31
-0.8452907079318068       -0.3792024671755323      31
-0.8498520665218764       -0.3772664944006947      31
-0.8542683932233619       -0.3749424742027627      31
-0.8585711233139955       -0.3722262992336989      31
-0.8595905168795549       -0.3715125058236657      31
-0.8608830583668667       -0.3705516508323539      31
-0.8652945899946585       -0.36677743513208083     31
-0.8702646285765273       -0.36157163150299754     31
-0.8714137100548924       -0.3601996059918984      31
-0.8728908573375102       -0.3582969357093244      31
-0.8741463804305306       -0.35654299761760855     31
-0.8757981616463206       -0.3540170728243571      31
-0.8758941508849469       -0.3538622289059288      31
-0.877671441229517        -0.35080785988088226     31
-0.8785282087775715       -0.34919519900308527     31
-0.8803060319723828       -0.34549895463318314     31
-0.7                      0.15607117354331404      32
-0.7074298942642203       0.13961377467104735      32
-0.7121094064039647       0.11223712149051619      32
-0.7119665642638112       0.09818871980515294      32
-0.7117354289969412       0.08289276371418224      32
-0.7115458115266968       0.05246270709280995      32
-0.7117417512083166       0.02328913347592198      32
-0.7118938422048694       0.008743396187163943     32
-0.7119459649075349       0.0016551906775698257    32
-0.7121480965018675       -0.023306693598692613    32
-0.7123751306033992       -0.047709935904061175    32
-0.7125169674680043       -0.061089463152835394    32
-0.7125648240494623       -0.06530153153899168     32
-0.7128180703281882       -0.08667703097919413     32
-0.7130831268954102       -0.10756440061193683     32
-0.7133390501410308       -0.12206873338347786     32
-0.7133643045763899       -0.1232010834470057      32
-0.7138160405431833       -0.142661413141204       32
-0.7142861995325286       -0.16144691216521329     32
-0.7147864240943356       -0.17568827267443582     32
-0.7156195909559095       -0.19326892795387496     32
-0.716534050305055        -0.21034710884303853     32
-0.7166897819943223       -0.21295929494459565     32
-0.7178742767461527       -0.22794143422768964     32
-0.7194324895180184       -0.24273574869380546     32
-0.7214694687837087       -0.2588925038299139      32
-0.7233244334291749       -0.27073900332244616     32
-0.7257152498585395       -0.28273153802971396     32
-0.7271855478733035       -0.2889247575457711      32
-0.7315943832772578       -0.30423886895884306     32
-0.7349328904951553       -0.31365375533730616     32
-0.7392155300007174       -0.3240283323026892      32
-0.7437402650120745       -0.3331986352018151      32
-0.7491239021493714       -0.34183452010895204     32
-0.7506725183854698       -0.34393250285854143     32
-0.7555208984856505       -0.3499467777981544      32
-0.7604613132005971       -0.35523956054579875     32
-0.7623378778917012       -0.3570374201199938      32
-0.7737348625830982       -0.3657655550385064      32
-0.7779061470108901       -0.36824601010753855     32
-0.7882129036201633       -0.3731816606312883      32
-0.799000771129692        -0.376458429671936       32
-0.8103793295998322       -0.3780908383582966      32
-0.8138925327946901       -0.37830274509529543     32
-0.8190773776977373       -0.3784278846165546      32
-0.8246593617163579       -0.3781949773741726      32
-0.8337938962491758       -0.3768596370121441      32
-0.843169895782043        -0.37424186294467016     32
-0.8435282939107556       -0.37411635393252995     32
-0.8484937613481094       -0.3721169133239519      32
-0.853294901689601        -0.36969899880673973     32
-0.8546146528935149       -0.3689420471632523      32
-0.8578762394576411       -0.3668635390673849      32
-0.8585819057980317       -0.366372185645039       32
-0.8610040900509297       -0.3645420757843749      32
-0.8633859169834722       -0.36251801216383983     32
-0.8666176180602643       -0.35942626266107286     32
-0.8677687463523607       -0.3582176418439145      32
-0.8694398162467671       -0.35632172327344835     32
-0.8710863205233914       -0.3542816148273172      32
-0.8715582157905395       -0.3536649702306656      32
-0.8719553614710333       -0.3531327537809547      32
-0.8720779481782016       -0.3529654193514679      32
-0.8741460063152371       -0.3499388333484248      32
-0.8761751295699393       -0.3465719136274423      32
-0.8774110484403944       -0.3443021122089915      32
-0.7                      0.15788280239061492      33
-0.7082766791472457       0.13998731268845696      33
-0.7130287699397765       0.11263945452994087      33
-0.7129096402446669       0.097499212309876        33
-0.7127207928036535       0.08362351373359898      33
-0.7125713884763032       0.05317801100381018      33
-0.7128097702077487       0.02399023432002673      33
-0.7129956110131866       0.008109980283063358     33
-0.7130433613779087       0.002351545829335863     33
-0.713268918497082        -0.022623355865491968    33
-0.7135199010540528       -0.04703926999403221     33
-0.7136906328877562       -0.06166420475213938     33
-0.7137269267933566       -0.064569829214398       33
-0.714004674365756        -0.08596727549619751     33
-0.7142947600320777       -0.10687619924270834     33
-0.7146009676715928       -0.12273787961611571     33
-0.7150842195200289       -0.14184133224106868     33
-0.7155970322597089       -0.16066858649946197     33
-0.7156032834843485       -0.16088864717374085     33
-0.7161941160824754       -0.17623651283743097     33
-0.7170168441476938       -0.1921880364944819      33
-0.7180105362890756       -0.20935025729929047     33
-0.7182917198636406       -0.21361015046644713     33
-0.7196054108205717       -0.22856431310002207     33
-0.7210718441198888       -0.24140230817391561     33
-0.7232757940298182       -0.25770748121541714     33
-0.723414179108479        -0.25862804163714975     33
-0.7256956360355366       -0.2718373191269555      33
-0.7283307437347992       -0.28372363531119377     33
-0.7292192382259514       -0.2871752238208291      33
-0.7339573087036312       -0.30270514370726204     33
-0.735358176875999        -0.30658001307630295     33
-0.7398711326429581       -0.3177558083874287      33
-0.7446330111579379       -0.32763492204645905     33
-0.7460969184736721       -0.33030188867592875     33
-0.7523793619288406       -0.33975896050559007     33
-0.7541056563040744       -0.34191991192330284     33
-0.7594425208016118       -0.34799746250419716     33
-0.7649173233353022       -0.35333051327819354     33
-0.7705944861496338       -0.35798236537610273     33
-0.7765407757565506       -0.36200825416395543     33
-0.7768914698445807       -0.36222041712080444     33
-0.7788007222175071       -0.3633336716997653      33
-0.7836825979811419       -0.3658948072134361      33
-0.7946830215961658       -0.37022324510314186     33
-0.8062088519731114       -0.37281461466882554     33
-0.8123060733722745       -0.3734825200172202      33
-0.8133878458799567       -0.3735501409908228      33
-0.816081870403817        -0.37362550385842763     33
-0.8222727627000206       -0.37341078741222333     33
-0.8320728763297609       -0.3720359096866979      33
-0.8421238496086991       -0.3692893702289422      33
-0.8424710197917077       -0.36916995093871546     33
-0.8477919848068453       -0.36706311176912787     33
-0.8490610361513322       -0.3664779454121794      33
-0.8526412428275202       -0.3646119468314803      33
-0.856235283718172        -0.36241341414372863     33
-0.8563805637369455       -0.3623175237670405      33
-0.8590579124763108       -0.3604225122155488      33
-0.8616857656336646       -0.358318509103837       33
-0.8637948824947045       -0.356455135608057       33
-0.8640583818829048       -0.35621107142741426     33
-0.8655960134799904       -0.3547090791711177      33
-0.8665736032973934       -0.3536881216608526      33
-0.8692767008022886       -0.3506170259697451      33
-0.8702865686548538       -0.3493580088318612      33
-0.8721760998751651       -0.3467655289017339      33
-0.8740215674453001       -0.3439163802249424      33
-0.8745879425684658       -0.34298062087954645     33
-0.7                      0.15988493051873523      34
-0.7092425848118411       0.14041339786568413      34
-0.7140774642006976       0.11309838544571833      34
-0.7139917311088246       0.09670806740049966      34
-0.7138460824947712       0.08445803338819871      34
-0.7137426017489833       0.053994891136387675     34
-0.7140294524832623       0.02479089448932672      34
-0.7142579749463054       0.007384236927501296     34
-0.7142976599478359       0.003147463525993964     34
-0.7145499918955244       -0.021842316774634957    34
-0.7148283469784886       -0.04627271450150249     34
-0.715035421391039        -0.06232274498183015     34
-0.7150548674053031       -0.06373370931210222     34
-0.7153606127284046       -0.08515623435945266     34
-0.7156792992713277       -0.10608978809946253     34
-0.7160486092205766       -0.12350550813799095     34
-0.7165311710216296       -0.14090564626018603     34
-0.7170926503211751       -0.15978054190058832     34
-0.7171485573973265       -0.1615291333633206      34
-0.7178111282590957       -0.17686627490665194     34
-0.7186051284145967       -0.1909593666232819      34
-0.7196888859772446       -0.20821711719792435     34
-0.720139300350909        -0.21436080876926622     34
-0.7216019985771879       -0.22928270478829893     34
-0.7229216279277522       -0.23989770588736556     34
-0.7253139810017998       -0.25637034790591445     34
-0.72592350637143         -0.26004971350983014     34
-0.7284660162141376       -0.27312052973346135     34
-0.7313865401364226       -0.2848827461507664      34
-0.7314831921590063       -0.28522760000856245     34
-0.7365877751881624       -0.3009977631755992      34
-0.7405817617067298       -0.3109568153538558      34
-0.7456006877915347       -0.3216042320889392      34
-0.7491098431852752       -0.32785128501197114     34
-0.7559838520912432       -0.3374608721621308      34
-0.7591010082529774       -0.3410132317545297      34
-0.7650121702238923       -0.3469977538307991      34
-0.7711265384999026       -0.35222605469859225     34
-0.777516030537066        -0.35676020854344764     34
-0.7815491089110167       -0.3590987911317653      34
-0.7818273582265538       -0.35924299422541983     34
-0.791322943261146        -0.36346867015070494     34
-0.801113015602125        -0.36646153446299723     34
-0.8114162992930962       -0.36827711824171394     34
-0.8114550657387329       -0.36828159986642517     34
-0.8161584663543072       -0.3686025814112626      34
-0.8211877407805812       -0.3685151255747433      34
-0.8275991375362051       -0.36783407032982324     34
-0.8340356630698132       -0.3665296540022241      34
-0.8411051233359454       -0.3644662232458554      34
-0.8418433638351329       -0.36421373329493384     34
-0.8446563404373117       -0.36314924694143846     34
-0.8485764742144895       -0.3613740005389635      34
-0.8524947523754823       -0.35924981246230414     34
-0.8545454500893024       -0.3579997051712311      34
-0.8550252518341059       -0.3576926879415734      34
-0.8574628312529383       -0.35602453727387817     34
-0.8618779998579472       -0.35255332009588447     34
-0.8632348907348683       -0.35135164673333297     34
-0.8649546670750579       -0.3496971285199919      34
-0.8666579244682447       -0.3479097337811926      34
-0.8671576368261448       -0.34735756651215177     34
-0.8684877357604199       -0.3458177665864753      34
-0.8702996289557057       -0.3435423260237235      34
-0.8721019247466488       -0.3410745577041933      34
-0.7                      0.16239978886982195      35
-0.710499872523683        0.14096801896085165      35
-0.7154425151120478       0.11369576076107507      35
-0.7154105496702973       0.09567073207181727      35
-0.715312976001986        0.08554588789592221      35
-0.7152693598440937       0.05505975129827308      35
-0.7156193933002242       0.025834610799094125     35
-0.7159102163214213       0.006434349840018981     35
-0.7159344334580346       0.004186081470256902     35
-0.7162217047185027       -0.020823114389337448    35
-0.7165357790684147       -0.045272412217538686    35
-0.7167956187244596       -0.0631847100814873      35
-0.7171295082556925       -0.08409818697414757     35
-0.7174855062016179       -0.10506387188363948     35
-0.7175100361894076       -0.10643148967223356     35
-0.7179462746939528       -0.1245117670032205      35
-0.7184153511623097       -0.13968722190999727     35
-0.7190402027072353       -0.15862415483759032     35
-0.7191774143905746       -0.16237005539914462     35
-0.7199341735232088       -0.17769311678076213     35
-0.7206640266803971       -0.18936663771462864     35
-0.7218645363531776       -0.20674822385293046     35
-0.7225773386273231       -0.21535136570975777     35
-0.7242366645126618       -0.23023068320956097     35
-0.7252989535731987       -0.23796400445327984     35
-0.7279334407127708       -0.2546518761069131      35
-0.7292920310615698       -0.26195816796896215     35
-0.732184978730696        -0.27484311358072755     35
-0.7354886458198427       -0.2864387382843378      35
-0.7399203131023723       -0.2988346828287431      35
-0.7414574097849737       -0.3025789914125671      35
-0.746793073844637        -0.31417312303218414     35
-0.7528981690437182       -0.3247699981835238      35
-0.7605159876723769       -0.33457135173601926     35
-0.7651272664199896       -0.33931298383966974     35
-0.7717721812041651       -0.3452408022313837      35
-0.7786994970390329       -0.3503917330263255      35
-0.7809887024901216       -0.35185791232177627     35
-0.7873793924786401       -0.35519123959147564     35
-0.7884483775261202       -0.35565433683622416     35
-0.7991535810603217       -0.3594696889120225      35
-0.8103365650055933       -0.3619604015506248      35
-0.8143356887674034       -0.36244876091932443     35
-0.8194934415366099       -0.3626472408788626      35
-0.8224249764522951       -0.3625658531185779      35
-0.8294931803418961       -0.36186996967461055     35
-0.8365829304419354       -0.3604858697705118      35
-0.8402616784852496       -0.35947516566614873     35
-0.8410249200861537       -0.3592329974872956      35
-0.8440268662268884       -0.35814052114611766     35
-0.8477646113510058       -0.35650407554185404     35
-0.8524285572033414       -0.3540759274119291      35
-0.8529522488049134       -0.35377505411082955     35
-0.8555425070537093       -0.3521571838396177      35
-0.8581274179438709       -0.35032630428840955     35
-0.8600506961623711       -0.34883384256078065     35
-0.8615705175763219       -0.34756500001187024     35
-0.8628697703253552       -0.3464016350147672      35
-0.8662559439003207       -0.3430414610902857      35
-0.8675309849414633       -0.3416436515061221      35
-0.8696159069248319       -0.33916849452884046     35
-0.7                      0.1647646419452284       36
-0.7117261210672209       0.14150894790158478      36
-0.7167738664615717       0.11427838843133722      36
-0.7168057622162022       0.09465065571801615      36
-0.7167460485383146       0.08660866062677783      36
-0.7167609167191897       0.05610005984522714      36
-0.717172676144529        0.026854262990536563     36
-0.7175316883438467       0.005502152305193637     36
-0.7175353353718565       0.005201937020421561     36
-0.717856780213671        -0.019826248885939035    36
-0.7182057910055916       -0.04429403260006659     36
-0.718523114937126        -0.06403066150797769     36
-0.7188590844841323       -0.08306365803902668     36
-0.7192515644690981       -0.10406075990111474     36
-0.7193201320887075       -0.10743527897215353     36
-0.7198118247125956       -0.12550099628052402     36
-0.7202539253291429       -0.13849828912903306     36
-0.7209406152146479       -0.1574957577512483      36
-0.7211754975995837       -0.16319822229580527     36
-0.7220250163516113       -0.178507417084167       36
-0.7226632568360917       -0.1878200670477252      36
-0.7239771350726321       -0.2053218999205684      36
-0.7249922593577699       -0.21633253016210602     36
-0.7268463484732973       -0.23116967287337026     36
-0.7275864440752825       -0.23610337434868808     36
-0.7304539154407146       -0.25299834247097963     36
-0.7326989514928203       -0.26388837572666735     36
-0.7359463314136088       -0.2765853321017827      36
-0.7396375088829202       -0.2880124662152177      36
-0.7430748364031732       -0.29678714802754486     36
-0.7478927307199545       -0.3073199145899737      36
-0.7491284449316257       -0.3097549962134163      36
-0.7564607449603973       -0.32187232816843225     36
-0.7647780489827807       -0.3318540205809194      36
-0.7652321411790695       -0.3323106811681955      36
-0.7723604858168065       -0.33887589448938005     36
-0.7797778625148893       -0.34458882764617216     36
-0.7858354497291057       -0.34832826847098886     36
-0.7928432860083169       -0.35152924865566215     36
-0.7973758902635262       -0.3531263591281418      36
-0.8093569794849089       -0.3562295802916602      36
-0.8114757262893583       -0.35660092426904333     36
-0.8169311264753358       -0.3571933804002746      36
-0.8224982499606968       -0.3572814865862908      36
-0.8236684326926066       -0.3572385853194579      36
-0.8313236911292048       -0.3565159813356432      36
-0.8346429111788405       -0.3559445295240553      36
-0.839497475887159        -0.3547693435870714      36
-0.840906608342148        -0.3543483186597696      36
-0.8441817606670257       -0.3531954285321811      36
-0.8474665168297522       -0.35179663827585206     36
-0.850419924281216        -0.35035281546861596     36
-0.8519324171051746       -0.34954015357406726     36
-0.8547580388351361       -0.3478421158581334      36
-0.8584383837927967       -0.3452931737516688      36
-0.8589328451746571       -0.34492079974701706     36
-0.8613016566452141       -0.3429831070308769      36
-0.8616212659240116       -0.34270260898040283     36
-0.865427157079677        -0.3390743330495717      36
-0.867129889103015        -0.3372624313534872      36
-0.7                      0.16702851566780938      37
-0.7129392382382944       0.14204408426508355      37
-0.7180909609375237       0.11485477699046198      37
-0.7181973487846912       0.09363323041106422      37
-0.7181661639230159       0.08766182427849167      37
-0.7182389876554367       0.05713096242336977      37
-0.7187119149535006       0.02786469597798496      37
-0.7191456878721671       0.004574250768380937     37
-0.7194789293574957       -0.018837264262522534    37
-0.7198626003957826       -0.04332338771944282     37
-0.7198719250007902       -0.04388968746348097     37
-0.7202427261891968       -0.06487275168509647     37
-0.7205744606656317       -0.08203762272170517     37
-0.7210031231673275       -0.1030658835991014      37
-0.7211249676944658       -0.10843615117449089     37
-0.7216719532832828       -0.1264873507729162      37
-0.7220738154753803       -0.13732143856099588     37
-0.7228217152857874       -0.15637882769994946     37
-0.7231713049643701       -0.16402544589899387     37
-0.7241134776813113       -0.17932078988833974     37
-0.7246329353458574       -0.18629635703476977     37
-0.7260585063872921       -0.20391665921352103     37
-0.7274184333788472       -0.2173182667433025      37
-0.7294681933018633       -0.232113038135704       37
-0.7298211371669819       -0.2342856893191102      37
-0.7329162152654378       -0.2513829739307616      37
-0.7330354323439666       -0.2519777463191856      37
-0.7361997122556401       -0.265871749192124       37
-0.7398112869220169       -0.27837553834869805     37
-0.7439006483705096       -0.2896295409614437      37
-0.7461105937525309       -0.29481670171027485     37
-0.7489282939233427       -0.30086614646720977     37
-0.7519631420400701       -0.3067403733388605      37
-0.7598698407615414       -0.3190994933116924      37
-0.7688564954937702       -0.3292537553661353      37
-0.772909811326822        -0.33293270431808925     37
-0.7807847790888518       -0.33917040343356925     37
-0.7832331843332729       -0.34085461151694463     37
-0.7904630861678958       -0.3449581920683087      37
-0.7980601689091262       -0.34803280828906175     37
-0.8084458187494392       -0.35089906120689884     37
-0.8135131430958183       -0.3518089892245021      37
-0.8193327735156524       -0.35233039754742584     37
-0.8252787016881146       -0.3523163711160045      37
-0.8257305115943917       -0.3522940211948203      37
-0.8283634195561065       -0.3520989146905072      37
-0.8335053728428206       -0.35138941223891595     37
-0.8387598320789655       -0.3502270657568686      37
-0.83918122065539         -0.3501146888575211      37
-0.8427201278308838       -0.3490232454852642      37
-0.8462608446402053       -0.34766826949043456     37
-0.849035747381887        -0.34642955547713716     37
-0.8491110026074867       -0.3463938741527339      37
-0.8512197141908836       -0.3453223437082039      37
-0.8518384033334576       -0.34498298359960733     37
-0.8569409731564299       -0.34182172399410715     37
-0.8593466598676682       -0.3400617264797683      37
-0.8619787983373552       -0.3378651447783234      37
-0.8646307053309221       -0.33536944223634885     37
-0.8646456883557583       -0.33535455038267137     37
-0.7                      0.16939870623865         38
-0.7142497780721482       0.14262219620483013      38
-0.7195138282555719       0.11547745399522544      38
-0.7197135898970359       0.09252466690946723      38
-0.7197030694000355       0.08880159996288645      38
-0.7198386149405247       0.05824664628658942      38
-0.7203777405486834       0.028958226834210146     38
-0.7203901848231911       0.028476048390327975     38
-0.7209005179798447       0.003565384579025227     38
-0.7212365465811148       -0.017765688067060387    38
-0.721657772394325        -0.04227168284588221     38
-0.7217039375411622       -0.0448177357763123      38
-0.7221124715025864       -0.06578836221056987     38
-0.7224325141696339       -0.08092624637339124     38
-0.7229003686880533       -0.10198825793369824     38
-0.7230907966941234       -0.10952630231846675     38
-0.7236980074433861       -0.1275616892106666      38
-0.7240411124956598       -0.1360492658308996      38
-0.7248551800926888       -0.1551714289092455      38
-0.7253491689982535       -0.1649281284750533      38
-0.7263924475339946       -0.18020835820159528     38
-0.7267521751493717       -0.18465694893214865     38
-0.7282979200347733       -0.2024047160080038      38
-0.7283225653959557       -0.20267047390063453     38
-0.730082255625396        -0.21840055804286151     38
-0.7323468526728149       -0.23314880776747554     38
-0.7355437870309652       -0.24965918029499823     38
-0.7366039666869834       -0.2544550317851509      38
-0.740143937736217        -0.26810636980460256     38
-0.7441658421259778       -0.28039252196253506     38
-0.7487038281743933       -0.29145146135252015     38
-0.7493034614650996       -0.2927442783569743      38
-0.7499967919843938       -0.29420712391495535     38
-0.7549261390743018       -0.3035893070009341      38
-0.7634332340842742       -0.3162011584481685      38
-0.7731195347018522       -0.32653580073998856     38
-0.7734720499355783       -0.32684980645051226     38
-0.7818153654413078       -0.33362460729739896     38
-0.7874994357352243       -0.33742623969871705     38
-0.7952915577740244       -0.3414418574478042      38
-0.8035034597320418       -0.3443846256247669      38
-0.8075158890557472       -0.34545873900386087     38
-0.80993661994097         -0.3460123731646731      38
-0.816030921809223        -0.3469909838958315      38
-0.8167323894648317       -0.3470662295696664      38
-0.8244837471952532       -0.34741664630520497     38
-0.8251660744432208       -0.3474053619040048      38
-0.8277593184473325       -0.3472849641332115      38
-0.8280353571856367       -0.34726502757718913     38
-0.83128226337648         -0.34692942400664056     38
-0.8345544576477657       -0.34640719912060014     38
-0.8378628287284206       -0.34569858137471915     38
-0.8380635242074653       -0.34564991633420433     38
-0.8383129297897911       -0.34558824261369975     38
-0.8423872020716775       -0.3444084150371609      38
-0.8483575815198541       -0.3421198448021154      38
-0.850602220009882        -0.341066988874404       38
-0.8529435544301764       -0.3398182726419725      38
-0.8553035374679675       -0.338407743730716       38
-0.8555074005756975       -0.33827895314233114     38
-0.8578612007328227       -0.33669561676393467     38
-0.8602804748209534       -0.33488609360149774     38
-0.8627386392282232       -0.3328692888141447      38
-0.7                      0.17183811289153753      39
-0.7156411140762319       0.14323594935859274      39
-0.7210244168523442       0.11613851969751203      39
-0.7213382811390525       0.0913368126839074       39
-0.7213379347991726       0.09001402314508962      39
-0.7215401999364853       0.05943344207307469      39
-0.7221497432302308       0.03012145761610417      39
-0.7222263899718937       0.027369272964505954     39
-0.7227764389367834       0.0024869022694949646    39
-0.7231084844380748       -0.016624413379974945    39
-0.7235697077000726       -0.041151571970368214    39
-0.7236624531017086       -0.04580986711906544     39
-0.724111325336735        -0.06676719691940697     39
-0.7244107652256296       -0.07974297504674528     39
-0.7249203470938292       -0.10084092062292704     39
-0.7251963326859641       -0.11069392802273081     39
-0.7258680486607335       -0.12871237843566846     39
-0.7261312244825276       -0.13469767354710602     39
-0.7270155906072003       -0.15388865429038248     39
-0.7276864882863817       -0.16589690217407949     39
-0.7288382752398862       -0.1811609110266701      39
-0.7289927598227095       -0.18292367048862992     39
-0.730665559547532        -0.2008062009331071      39
-0.7309832255848657       -0.20389568043494907     39
-0.7329609839240816       -0.21957016408376717     39
-0.7354577502577304       -0.23426813896675683     39
-0.7382993325953908       -0.24785143065735632     39
-0.7416444486793456       -0.26112082807953674     39
-0.7457459817673749       -0.27411130308335163     39
-0.7503783142319318       -0.2858039517546133      39
-0.7524621852860485       -0.2902791634947396      39
-0.7533146344936753       -0.29197798458146157     39
-0.7556165100878085       -0.2962797254659507      39
-0.757978844113395        -0.300342838652444       39
-0.7671045130720369       -0.31321507329835596     39
-0.7775116421261976       -0.3237355570382881      39
-0.7828580057500312       -0.32801394635496356     39
-0.7873743408313165       -0.3311872270389198      39
-0.795524457361366        -0.33576810197042195     39
-0.8040911477018609       -0.3391930415454346      39
-0.8070170161782286       -0.34007572684915666     39
-0.8083055845227903       -0.34041594432167255     39
-0.8111996897198817       -0.3410637081094655      39
-0.8151208692803011       -0.3417249330985993      39
-0.8234718920679691       -0.34240662279820294     39
-0.8246365485946082       -0.34242349770452024     39
-0.8274266682996496       -0.3423689088740769      39
-0.8302576817230204       -0.3421804797137369      39
-0.8333370028563176       -0.3418281676972149      39
-0.8344636239185419       -0.34166065676301005     39
-0.8383585219015616       -0.34091621307964426     39
-0.8389313768394466       -0.34078461853587955     39
-0.8417520558140915       -0.34003106481728096     39
-0.8446043571388544       -0.3390958178876978      39
-0.8476954226806848       -0.33791185796955214     39
-0.8499853854278924       -0.3369083873757154      39
-0.8513211302196575       -0.33626107480078743     39
-0.8559152916847277       -0.33371281068851183     39
-0.8580749847760282       -0.33233433345424157     39
-0.8608315901006882       -0.33038402724561783     39
-0.7                      0.17416862716623144      40
-0.7007041467716053       0.17321164222183713      40
-0.7170243338398081       0.14384612223541793      40
-0.7225261935587292       0.11679572912912473      40
-0.7229691218291172       0.09014446243617544      40
-0.7232354331225288       0.060615807695175855     40
-0.7239151312412017       0.03128034619891136      40
-0.7240651498497205       0.026260957671847492     40
-0.7246549698798164       0.0014069194576014953    40
-0.7249758544586652       -0.015485923590904907    40
-0.7254769775690941       -0.04003419434968718     40
-0.7256237770334379       -0.04680342110717724     40
-0.7261130453842652       -0.06774743520718096     40
-0.7263835274628457       -0.07856298680282975     40
-0.7269347209048924       -0.09969676669303063     40
-0.7273090198762933       -0.11186551942656191     40
-0.7280454601607718       -0.12986697583753262     40
-0.728211051955659        -0.13335273184925983     40
-0.7291653707001109       -0.1526121916362711      40
-0.7300366332035705       -0.16687099184862098     40
-0.7312975239957228       -0.1821186908180633      40
-0.7330101345674885       -0.19922325788226203     40
-0.7336778425564663       -0.2051365237169436      40
-0.7358764521084808       -0.22075469726881913     40
-0.7386083507982153       -0.2354017556754956      40
-0.7410059650445079       -0.2460757700069606      40
-0.7418778873385795       -0.24963342725211413     40
-0.745890300989116        -0.26377825535972144     40
-0.7504360016107744       -0.2765091439402946      40
-0.7554861970080127       -0.28772535811487987     40
-0.7576992243184594       -0.2918396343300799      40
-0.7599458710210603       -0.2956388624833452      40
-0.765975790501784        -0.30454002775487055     40
-0.7706591086676949       -0.31032389418688955     40
-0.781764156238657        -0.3210243128201253      40
-0.7838514781009884       -0.32266786825854893     40
-0.7863815744761572       -0.32454535251106814     40
-0.7948403259545087       -0.3298070182359174      40
-0.79662450322816         -0.33072975540828026     40
-0.8072149383848372       -0.3350024911532867      40
-0.808255623172847        -0.3353161770266133      40
-0.8117544535559047       -0.3362114842971221      40
-0.8120904187214799       -0.3362851174878001      40
-0.8154928006651916       -0.33692682112624395     40
-0.8189428223145468       -0.3373913176524689      40
-0.8224506815457487       -0.33768190895243677     40
-0.8231950403343417       -0.33771973231303754     40
-0.8245691938357298       -0.337764752033925       40
-0.8277952146584584       -0.3377539509388623      40
-0.8310818507399073       -0.3375820123195334      40
-0.8318993821546463       -0.3375130848842426      40
-0.8345097965998758       -0.3372047998379447      40
-0.8386348892423733       -0.3364814632262193      40
-0.840947546096787        -0.3359477497849176      40
-0.8440308715330421       -0.3350686558421296      40
-0.8473259016049692       -0.333929376196737       40
-0.847445590589534        -0.3338842294157816      40
-0.8503389741695166       -0.33266627580344343     40
-0.8511542132401079       -0.3322822110254598      40
-0.8562881699790372       -0.3295386196555131      40
-0.8589245409731532       -0.32789876567709114     40
-0.7                      0.17641971836323692      41
-0.7019782267593997       0.17377969551566444      41
-0.7184096293026044       0.14445721075514967      41
-0.7240302238742803       0.11745392478804624      41
-0.7240727832710799       0.11619614373173023      41
-0.7246169871327542       0.08893966504855194      41
-0.7249354499764199       0.061801509757630574     41
-0.7256855008853393       0.03244250497374773      41
-0.725918600723044        0.025143787359471752     41
-0.726548509574105        3.1830799178892853E-4    41
-0.7268509190461023       -0.014342742612788235    41
-0.7273921064137551       -0.0389122125334258      41
-0.7276008496241684       -0.047804952942652607    41
-0.7281308384557028       -0.06873554442248712     41
-0.7283637662489167       -0.07737852653507496     41
-0.7289567289680342       -0.09854827654734845     41
-0.7294428844992444       -0.11304885478289507     41
-0.7302446978855078       -0.13103314684517958     41
-0.7302943415684988       -0.1320055513233772      41
-0.7313187293778415       -0.1513336041462787      41
-0.7313620693492678       -0.15211528791617243     41
-0.7324153884372407       -0.16785693994672857     41
-0.7337867112820291       -0.18308813047891834     41
-0.7353476644648101       -0.19764507135565768     41
-0.7364255548284554       -0.20640181683633113     41
-0.7388493672920848       -0.22196257074525327     41
-0.741821031435376        -0.2365577094066423      41
-0.7436839149260307       -0.24431892628408874     41
-0.7460395323300977       -0.25309350699688216     41
-0.7504956524653074       -0.2668979735254099      41
-0.7514081363806204       -0.269360663876962       41
-0.7584703833494751       -0.2852051856307662      41
-0.7589527839153436       -0.2861146110869131      41
-0.7621942835002954       -0.291697798356218       41
-0.7634283149307916       -0.29362698340289184     41
-0.7699960916060196       -0.30273407620171355     41
-0.7770530099881157       -0.3106535752574586      41
-0.7847114615149459       -0.3175249555284326      41
-0.7856746543747591       -0.3182784188781082      41
-0.7871896834976695       -0.31940479049707354     41
-0.7961446344197574       -0.3250202987927066      41
-0.8074124813087493       -0.32993897741104117     41
-0.8077016640278596       -0.33003719216465494     41
-0.8113892345006284       -0.3311461496421188      41
-0.8151881786461403       -0.3320254860065013      41
-0.8172738042183659       -0.3324064074952001      41
-0.8209973491754413       -0.33292898050798536     41
-0.8237388389963131       -0.33317276884207087     41
-0.8271835871808408       -0.33329151734977863     41
-0.8307217855756455       -0.33322282370103        41
-0.8313927899667123       -0.3331891307227145      41
-0.8341968162133091       -0.33295712846855474     41
-0.8370445263475894       -0.3325759963132666      41
-0.838906084109572        -0.33225330985057044     41
-0.8403303407992966       -0.33196163348481894     41
-0.8420024643002647       -0.3315649417860043      41
-0.847156575142398        -0.3300290975866413      41
-0.8491974385714123       -0.32927428300520234     41
-0.8524248191770311       -0.3278583280012071      41
-0.8557475592604256       -0.32613547349173266     41
-0.8566370423319868       -0.3256331634528651      41
-0.8570174918456182       -0.3254135041085645      41
-0.7                      0.17874243475887142      42
-0.7033283006046068       0.17438163095302142      42
-0.7198775521882337       0.14510474830028042      42
-0.7256239636793755       0.1181513792278399       42
-0.7257495930982122       0.11483819027907215      42
-0.7263799448716869       0.08765072057374128      42
-0.7267398543300463       0.06306001843576559      42
-0.7275645779580743       0.03367602471687313      42
-0.7278963511768046       0.023951695287310948     42
-0.7285690373601362       -8.433099671583184E-4    42
-0.7288437761667104       -0.01312774641071205     42
-0.7294275446490743       -0.037719747235584695    42
-0.7297105921877646       -0.04887369182052962     42
-0.7302840340173133       -0.06978995996533892     42
-0.7304677020629818       -0.07612007811198791     42
-0.73110504320685         -0.09732804514566154     42
-0.7317246387446189       -0.11431420237991374     42
-0.7325963559808865       -0.13228014050115494     42
-0.7336016752495397       -0.1499780724078501      42
-0.7337972131337753       -0.15319103250553573     42
-0.7349647499946113       -0.16891360107070622     42
-0.7364544251716227       -0.18412709916665518     42
-0.7378144463309987       -0.19597962018442242     42
-0.7393936467854115       -0.20776859252428442     42
-0.7420607245128247       -0.22326732145986475     42
-0.7452913844474566       -0.23780637616371356     42
-0.7464889946089344       -0.2424786802559355      42
-0.7505610322845433       -0.25636373073389        42
-0.7540908344330659       -0.26623154052605574     42
-0.7616010250731109       -0.2825613302454962      42
-0.7635329894630273       -0.285979090327254       42
-0.7670892673139604       -0.2915433432604864      42
-0.7701047363422382       -0.29572181267165093     42
-0.7774613607505036       -0.3044966477548977      42
-0.7854239360669202       -0.312115452962437       42
-0.7893157302344085       -0.31518777240887424     42
-0.792799840239484        -0.31756640184258833     42
-0.7965445264648944       -0.31978793001760125     42
-0.8076107434704906       -0.3248570278242773      42
-0.8105518811432154       -0.32586168970232504     42
-0.8145278009792511       -0.32696952823158204     42
-0.8186273334543563       -0.32783286843519077     42
-0.8194841730214267       -0.32798034100141443     42
-0.8224777314535476       -0.3283976555191323      42
-0.8261158889980013       -0.32869648175445354     42
-0.826549657632864        -0.32871753922174357     42
-0.8304631281561385       -0.3287798486998946      42
-0.8314941352278729       -0.3287558215642653      42
-0.834618597883234        -0.32856739665549806     42
-0.8392000974147903       -0.3280110960176287      42
-0.841263599868749        -0.3276420019877905      42
-0.8437963755998288       -0.3270635395293424      42
-0.846384386366401        -0.3263382391591893      42
-0.8469882162951828       -0.3261511071022097      42
-0.8484271567938954       -0.32567222376790034     42
-0.8500911208691337       -0.32505839614649096     42
-0.8528508269853752       -0.32391564577893905     42
-0.8556995708655202       -0.3225882547608768      42
-0.7                      0.1813090662752258       43
-0.7048612473051779       0.17506510093203376      43
-0.7215443110490215       0.14583999737337783      43
-0.7274335818602371       0.11894330663690132      43
-0.7276748814696249       0.11327900810526792      43
-0.7284041470078697       0.08617077349292226      43
-0.7287935155361404       0.06449237501627474      43
-0.7297032270251673       0.03507994044026055      43
-0.7301605583718969       0.02258694098179739      43
-0.7308822177425807       -0.002173176298676021    43
-0.7311152506988382       -0.011742883993277931    43
-0.731747553477325        -0.03636056572353356     43
-0.7321260007890156       -0.050097272897510536    43
-0.7327491912215262       -0.07099714249814944     43
-0.7328649205390975       -0.07468620556184023     43
-0.7335528263337723       -0.09593771696088406     43
-0.7336035246732713       -0.09744065208801264     43
-0.7343430216488117       -0.11576622751479118     43
-0.7352949556946474       -0.1337111039263638      43
-0.7361968409267501       -0.14843715569775887     43
-0.7365985272649229       -0.1544285358262284      43
-0.7378974567208014       -0.17012915136275308     43
-0.7395232807621283       -0.18532229662698463     43
-0.7406047578981616       -0.19409573749040154     43
-0.742838795150938        -0.20935504776074082     43
-0.7457882377572251       -0.22478178255374354     43
-0.7493195214394185       -0.2392557390202563      43
-0.7496375880911215       -0.2404130752447227      43
-0.7506381565640594       -0.24393717625520903     43
-0.7570920019861891       -0.2627309514597992      43
-0.765103312761755        -0.27960361646544957     43
-0.7652219675967242       -0.27981588853704326     43
-0.768860950259181        -0.28582144471790083     43
-0.7727833964497615       -0.2913636721330116      43
-0.7779170218791388       -0.2976263960175596      43
-0.7862189559086309       -0.30607922070426763     43
-0.7880847891469744       -0.307716209780345       43
-0.7933525145321887       -0.3117612376103942      43
-0.7953192197357328       -0.31307971350877184     43
-0.7993603731899652       -0.3155120703330652      43
-0.8035222316978966       -0.3176602527322773      43
-0.8078215497626318       -0.3195388350994536      43
-0.8084773045514819       -0.31979599881910625     43
-0.8106747697306047       -0.3205983110942017      43
-0.815145508994569        -0.3219804945344932      43
-0.8197870783372114       -0.3230911681879567      43
-0.8202673121090214       -0.323187765192104       43
-0.8233848362221332       -0.3236982782749801      43
-0.8263924420806711       -0.32402658807377954     43
-0.8306291422892781       -0.3242626255186007      43
-0.8309005821533478       -0.32426894921326777     43
-0.8338478435533274       -0.32424319349209035     43
-0.8368742903596772       -0.3240463769706143      43
-0.8394949636618378       -0.3237565753891689      43
-0.8398246941475387       -0.3237129380834526      43
-0.8425357489499695       -0.32326833865042015     43
-0.8432177639774282       -0.3231332432068631      43
-0.8484240961231921       -0.32183428040391127     43
-0.8513807778175808       -0.32088078233526096     43
-0.854501868273075        -0.3196936269887997      43
-0.7                      0.1837781566111485       44
-0.7063758982877879       0.1757404136972548       44
-0.7231911771437961       0.14656647124922573      44
-0.7292216022491832       0.1197257823928079       44
-0.7296001040874871       0.11171987918154666      44
-0.7304282800123448       0.08469087695610455      44
-0.730827909128964        0.06591129311307745      44
-0.7318218111160959       0.03647068451433212      44
-0.7324175589271533       0.021226530489326812     44
-0.7331880356107099       -0.003498809860461107    44
-0.7333689070984263       -0.010368884855071571    44
-0.7340493634553511       -0.03501204604192895     44
-0.7345338078412769       -0.051317003234084016    44
-0.7352065903125814       -0.07220052589852304     44
-0.7352424447453829       -0.07326411294463744     44
-0.7359804997786311       -0.09455881097174461     44
-0.7361417005195081       -0.09891348570473249     44
-0.7369596486801784       -0.11721727892979192     44
-0.7379917457426435       -0.1351411077555594      44
-0.7387645080462089       -0.14691256664933114     44
-0.7394053989673228       -0.1556684942492606      44
-0.7408359816900844       -0.17134711320418053     44
-0.7425982247036058       -0.18651986525839048     44
-0.743351611444245        -0.19224119553910882     44
-0.744100575486437        -0.19756104395698415     44
-0.7468542696608647       -0.2137452824151595      44
-0.7501942529599189       -0.22892714090463417     44
-0.7525483593357504       -0.23783494848875822     44
-0.7530520115182556       -0.2395869305360649      44
-0.7538357724655731       -0.24217866036684443     44
-0.7600121351410217       -0.2593248816510063      44
-0.7685110353285036       -0.2767257637902027      44
-0.770265680419056        -0.27967808386062126     44
-0.7742513586513469       -0.2856619513867449      44
-0.778544264942234        -0.29118189512855724     44
-0.7869902945808673       -0.300222789039231       44
-0.791554244199116        -0.30426023838023075     44
-0.7972459642730758       -0.30845636917077535     44
-0.799176597820152        -0.30970065840733835     44
-0.8035430434124049       -0.31223021764681663     44
-0.808043543264108        -0.3144590999309045      44
-0.8093744058846521       -0.3150447169673313      44
-0.8133754197804781       -0.3165685351109919      44
-0.8154695639899172       -0.31724495573209094     44
-0.820423288216067        -0.3185908427660068      44
-0.8213151225542932       -0.3187943582030484      44
-0.8246486597561697       -0.31941463166867573     44
-0.8280945226157375       -0.31983921665413745     44
-0.830784289241415        -0.32004109693277055     44
-0.8330898404342033       -0.32012148586740763     44
-0.8362912811506812       -0.32007000757080406     44
-0.8399593013590376       -0.3198039490661893      44
-0.8426471522752278       -0.31945192499602376     44
-0.8440808110484492       -0.3192025616245323      44
-0.8498841693020622       -0.3178532719033451      44
-0.8499107286497863       -0.3178459188915834      44
-0.8533041656806297       -0.3167989992167231      44
-0.6999999999999998       0.18621908299457465      45
-0.7079110888800533       0.17642488412371307      45
-0.7248603757674038       0.14730279656280104      45
-0.7310338693070104       0.12051886900677646      45
-0.7315753527482606       0.11012023699472577      45
-0.7325050092015928       0.08317252597408702      45
-0.7328954085430524       0.06735330135775856      45
-0.7339748710658247       0.03788406025854985      45
-0.734725734879674        0.01983527394888645      45
-0.7355461357634596       -0.0048545009355215754   45
-0.735662799035558        -0.008970355094575378    45
-0.7363922686783344       -0.03363945063419035     45
-0.7369962868192563       -0.05256442889877591     45
-0.7377197873715169       -0.07343123345172492     45
-0.7384506058346272       -0.09315580347844513     45
-0.7387440290281444       -0.10042354534656216     45
-0.7396424112359284       -0.11870500582245479     45
-0.740756697443728        -0.13660725508246466     45
-0.7413708521690796       -0.14536501257736936     45
-0.7422909916430908       -0.15694322830308294     45
-0.7438569199544423       -0.1725992337645835      45
-0.7457594079199014       -0.1877510206648027      45
-0.7461263007894604       -0.19036786020973107     45
-0.746536899147324        -0.19320063344034974     45
-0.74935774096737         -0.2096812251879244      45
-0.7510641390629745       -0.21788330842025302     45
-0.7553567973011109       -0.2349959967804644      45
-0.7566522727269146       -0.23935678427990062     45
-0.7589171338541699       -0.24608647917910065     45
-0.762831493671125        -0.25603635627891674     45
-0.7718011564214025       -0.27394722662832355     45
-0.7753166579992714       -0.2795400806959737      45
-0.7796495311675306       -0.2855022283279111      45
-0.7843134311543177       -0.29099985629993264     45
-0.7877333358034057       -0.2945812073310511      45
-0.7892624306644276       -0.29607717070427314     45
-0.7948800559938911       -0.3009473519839044      45
-0.800978216421036        -0.30528832973187847     45
-0.8035635433036366       -0.3068815411313033      45
-0.8082622106224686       -0.3094554747657934      45
-0.8096260611592287       -0.3101237834335171      45
-0.8137928962482297       -0.3119075928038241      45
-0.8181732510765127       -0.3134071504432857      45
-0.8210413164861807       -0.31421912766394144     45
-0.8243314037221743       -0.3149821610789348      45
-0.8279388179746603       -0.3155886170075725      45
-0.8313831125878908       -0.3159714178565563      45
-0.8333882432359061       -0.316100413366172       45
-0.835228932289608        -0.31615092182980165     45
-0.8406216556225592       -0.3159967785355551      45
-0.8420934060080953       -0.31587259316978133     45
-0.8456249264623048       -0.31538627880438497     45
-0.8493342036441337       -0.3146195841438091      45
-0.851246720789325        -0.3141381642417895      45
-0.8521064630881844       -0.3139043714446462      45
-0.7                      0.18877478159035005      46
-0.7095580483780629       0.17715918713184953      46
-0.7266510996951467       0.1480927297313133       46
-0.7329780777061861       0.1213696959582973       46
-0.7337219961975181       0.1083817918613673       46
-0.7347619387712787       0.08152242578470399      46
-0.7351198448074974       0.06890476754499925      46
-0.7362913624752366       0.03940472054957678      46
-0.7372255382875597       0.018328513670391386     46
-0.7381000081368128       -0.006322743062286121    46
-0.7381348219100029       -0.007463223262174462    46
-0.7389171109388254       -0.03216026707267913     46
-0.7389365507047813       -0.03275221658565601     46
-0.739663281721535        -0.053915456833817973    46
-0.7404417126364804       -0.07476415478828691     46
-0.7411115301409962       -0.0916444122036143      46
-0.7415699968243987       -0.10206337671453553     46
-0.7425557254321903       -0.12032058520620048     46
-0.7437592639681059       -0.13819940039257747     46
-0.7441716999098844       -0.14370196920247755     46
-0.744945869147958        -0.15309657701055335     46
-0.7465480659637289       -0.16889679104607302     46
-0.7484907774333396       -0.18418828818133368     46
-0.7491146452900928       -0.18851271821330282     46
-0.7492276441033334       -0.18926927679529468     46
-0.7502726808489587       -0.19584025650480055     46
-0.7538941890895186       -0.21452339992138258     46
-0.7582989895147535       -0.23202183758091188     46
-0.7604750318748891       -0.2391124148702565      46
-0.7615637713625325       -0.24228819462004697     46
-0.7647891868506932       -0.25060237903575583     46
-0.765691825637977        -0.2527000391184145      46
-0.7751390924931544       -0.27112830928228526     46
-0.7782542442362774       -0.27602293107930215     46
-0.7827702800332099       -0.28222447509037285     46
-0.7876312670733494       -0.2879427898130126      46
-0.789536991828326        -0.2899540207232301      46
-0.7919287834715766       -0.2922919372076928      46
-0.7922338462181182       -0.292575487455408       46
-0.7982252654757085       -0.29761514328749394     46
-0.8047322368059247       -0.30210181280797505     46
-0.8084872432109304       -0.3043061981154521      46
-0.810247283810145        -0.30524453806351814     46
-0.8146024212510342       -0.3072695498609333      46
-0.8191758438540748       -0.30898861330667127     46
-0.8220889802317713       -0.3098962830829603      46
-0.8235299745313279       -0.310289989432479       46
-0.8272601794302821       -0.31113079584060555     46
-0.8326631542010069       -0.31196448019248757     46
-0.8343867620871827       -0.31213258844593106     46
-0.8371269355020703       -0.3122761301825062      46
-0.839964640457034        -0.31227897532025983     46
-0.8412757850427991       -0.3122368838853444      46
-0.8449521085512715       -0.31194413671713583     46
-0.8450821912641361       -0.31192877215287557     46
-0.8481808746796822       -0.3114833481356292      46
-0.8514279402681375       -0.3108708170905549      46
-0.7                      0.19161126672489537      47
-0.7114325212095748       0.17799492780459364      47
-0.728689196779713        0.14899178539411218      47
-0.7351908618259269       0.12233805735811983      47
-0.7362010850936441       0.10637411796092311      47
-0.7373683935309093       0.07961677859471057      47
-0.7376599766135188       0.07067642028738953      47
-0.7389366140391829       0.0411411953738418       47
-0.7401011551446082       0.01659523126798188      47
-0.7410378225362962       -0.008011716601818958    47
-0.7418054728632849       -0.030468114835998764    47
-0.7419425859657551       -0.03432759552563805     47
-0.742731323254581        -0.055469644212831515    47
-0.7435729446293202       -0.07629751280759242     47
-0.7441543546847084       -0.08991610356469507     47
-0.744830674533284        -0.10395545828565908     47
-0.7459171857684759       -0.12218468418514011     47
-0.7472237060429447       -0.14003646050659288     47
-0.74736604966959         -0.1418052783800629      47
-0.748733024410243        -0.15672688967288068     47
-0.7502210120233546       -0.16991828601790396     47
-0.7525621581986758       -0.18702784931620664     47
-0.7533152473601268       -0.1917418839886184      47
-0.7570277244879329       -0.210803185749232       47
-0.7615566928641346       -0.22872873920989156     47
-0.7620685064719688       -0.2304936336548408      47
-0.7647669969170113       -0.23883805153138066     47
-0.7650477399247315       -0.2396282086021128      47
-0.7684036319930714       -0.24819405476380313     47
-0.7721499889996991       -0.25626320079421816     47
-0.7787312044835187       -0.26809473806315887     47
-0.780974728398331        -0.2716025694962333      47
-0.7856540406931447       -0.2781111113168677      47
-0.7877169510716735       -0.28067484705201495     47
-0.7935996193065165       -0.28710548041425143     47
-0.7939601166789343       -0.28746189349131657     47
-0.7983818697141765       -0.2914835353335153      47
-0.8030817972250978       -0.2951406883094331      47
-0.8080822153836125       -0.2984587019513461      47
-0.8086313779066152       -0.2987921133838451      47
-0.8087257384215824       -0.298848864900635       47
-0.8091073436668665       -0.2990763160965298      47
-0.8154587885553964       -0.3023915250841581      47
-0.824054572623946        -0.3056809586230393      47
-0.8270628103814567       -0.3065309225122423      47
-0.8301974778127811       -0.30722689912022605     47
-0.8339746507424882       -0.30785907859107847     47
-0.835234893361134        -0.30802164044000585     47
-0.8381565300520335       -0.30827818683764013     47
-0.8437122075587533       -0.30837610572009466     47
-0.8442003293658306       -0.3083629990818973      47
-0.8475408789643959       -0.30816141431428185     47
-0.851019957334384        -0.30776486935039665     47
-0.7                      0.1944723174788136       48
-0.7133719602816002       0.17885963391692175      48
-0.730797931060594        0.14992200089312901      48
-0.7374803375161779       0.12333998062053533      48
-0.7388078076402526       0.10426308078484507      48
-0.7401090392573538       0.07761302088202895      48
-0.7402979824049571       0.07251633669793377      48
-0.7416837899648415       0.042944578423587496     48
-0.741853372046777        0.03987118028219714      48
-0.743111465957252        0.014780761880466288     48
-0.7441132442256044       -0.009779801698365224    48
-0.7448108606266747       -0.028707402792661468    48
-0.7450894926836122       -0.035976801253116183    48
-0.7459431420367331       -0.057096665281853004    48
-0.746850915157931        -0.07790272839321027     48
-0.7473191142057829       -0.08811853648785581     48
-0.7476929495356873       -0.09574961625723322     48
-0.7487634092847818       -0.1141606680594638      48
-0.7500554067262576       -0.1321904098240965      48
-0.7506947637200823       -0.1400611503038627      48
-0.750872112791142        -0.1421298624453889      48
-0.7516414662743797       -0.1503706518173682      48
-0.7536480526609781       -0.16823450816376057     48
-0.7560657045400851       -0.18551884641183955     48
-0.7575641341467265       -0.19431205221977046     48
-0.7601767581083985       -0.20706457168750392     48
-0.7648305085605825       -0.22541935343078384     48
-0.7662374782142325       -0.2301086951047585      48
-0.7691407373110628       -0.23855846071316295     48
-0.7725448724015287       -0.2469357444667633      48
-0.7764916137359936       -0.2551776018854627      48
-0.7808539724008542       -0.2629569955227188      48
-0.7822093857994932       -0.2651573823338979      48
-0.7834331498390471       -0.26706782104362337     48
-0.7856480305604099       -0.27032331790625164     48
-0.7913042686304048       -0.2776018631250955      48
-0.7975889437702439       -0.2843083370380676      48
-0.801074997072081        -0.28750534093679275     48
-0.8059944823140512       -0.2914430523807018      48
-0.8101436462994833       -0.2943237282498334      48
-0.8126865596029795       -0.29589583918402973     48
-0.8148614362527006       -0.29710907098927153     48
-0.8181290400188099       -0.29871675704647105     48
-0.8258800308078951       -0.3017661599272373      48
-0.8266126048177602       -0.30200596060962703     48
-0.8298448992926972       -0.3029345031624806      48
-0.8332093207622899       -0.3036960275298639      48
-0.8354029573982958       -0.30409496109956324     48
-0.8370759086656379       -0.3043405671500976      48
-0.8401735486486994       -0.30465378066424204     48
-0.8463612090577244       -0.3048473129338506      48
-0.8469008832491096       -0.3048394804929345      48
-0.8506119744006304       -0.3046589216102385      48
-0.7                      0.19738937378375193      49
-0.715398835601305        0.17976332380497062      49
-0.7330017339700969       0.1508941535449756       49
-0.7398730302480961       0.12438707385595608      49
-0.7415792023933802       0.10201868490118936      49
-0.743022817402379        0.07548268153360452      49
-0.7430661086142498       0.07444700753097917      49
-0.7445664711575943       0.044836913876980564     49
-0.7449723355825033       0.03790124395582995      49
-0.7462968420103903       0.012860771654916068     49
-0.7473675176917456       -0.01165071014502568     49
-0.7479708504714963       -0.026856116830704314    49
-0.7484194564926321       -0.03772194207822126     49
-0.7493417938763336       -0.05881833095615152     49
-0.7503195668231897       -0.07960132014855198     49
-0.7506452395512391       -0.0862293144554648      49
-0.7512027112057789       -0.09672072357575691     49
-0.752370365252476        -0.1151239432171215      49
-0.7523863193223995       -0.1153507925674073      49
-0.754181199724275        -0.13843556970770052     49
-0.7547301834610005       -0.14448203094955375     49
-0.755122612278084        -0.14843867345636536     49
-0.7572026059644863       -0.16648808062855336     49
-0.7596996101568236       -0.18395369681897067     49
-0.7601641182296988       -0.18681076146989428     49
-0.7620757354619767       -0.19704113749656554     49
-0.7634080123713688       -0.20322834315502666     49
-0.7681898029347605       -0.22202356024615144     49
-0.7705725823680816       -0.2297084168561628      49
-0.7736887700928377       -0.23826772827543813     49
-0.7754600735189514       -0.24257269100328582     49
-0.7794651346436492       -0.2511670835403378      49
-0.7838974450461202       -0.25927685264747447     49
-0.785796439792382        -0.26239282642365747     49
-0.7873302905119093       -0.2647460394682365      49
-0.787764020991335        -0.2653837947492706      49
-0.7917539974606838       -0.2708078792097396      49
-0.7960601140920422       -0.2759063525578636      49
-0.8015453132308663       -0.2815343002979786      49
-0.8026487372434576       -0.2825653322128709      49
-0.8056071971672399       -0.2851587724356522      49
-0.8116146739993999       -0.289756501798868       49
-0.813672394213247        -0.2911386130802799      49
-0.8167480904615149       -0.2930089344752767      49
-0.8196820574571572       -0.2945880464854902      49
-0.8232453943431642       -0.296255596812066       49
-0.8269749090837152       -0.297745699011976       49
-0.8278272176769974       -0.29805367258519755     49
-0.8287547033074423       -0.29837208268715676     49
-0.8318368248698683       -0.2993088427912515      49
-0.8373202688057318       -0.30059426190695837     49
-0.8378758554673689       -0.3006988480424902      49
-0.8415634815009226       -0.30122427099353266     49
-0.8455164678854491       -0.30150579810288747     49
-0.8488225955956781       -0.3015684461371866      49
-0.8502039914668768       -0.3015529738700803      49
-0.602268989225664        0.2                      50
-0.6204336202000758       0.21401406508492155      50
-0.6405354632077019       0.2229401910837155       50
-0.6600841973773579       0.2239236454680494       50
-0.6796047377600548       0.21670757643299707      50
-0.6996399996440953       0.2007974666918605       50
-0.7001488519498597       0.20028492420555555      50
-0.7003223698438358       0.20010949576120773      50
-0.7010829429930038       0.1993377203160885       50
-0.7175720929085625       0.18073227864575486      50
-0.7353646966695141       0.15193651556589233      50
-0.74243852449094         0.12550978870828697      50
-0.744606595185151        0.09956697068314357      50
-0.7462057457611444       0.07315555943013309      50
-0.747671451909038        0.04687517782820306      50
-0.7483620595641823       0.035760295422324395     50
-0.7497587438487117       0.010774105094826677     50
-0.750904297998652        -0.013684034086306092    50
-0.7513818389352295       -0.024857782858317818    50
-0.7520385172409786       -0.039618590517273455    50
-0.7530355059331065       -0.06068946620595617     50
-0.75408935586937         -0.08144737827464132     50
-0.7542339680562956       -0.08419093518353478     50
-0.7549248487650506       -0.09629163712106556     50
-0.7560696657692083       -0.11348861715613144     50
-0.7579079761756715       -0.13669792832310734     50
-0.7589015937391798       -0.14702523472001414     50
-0.7609917240699967       -0.16462640642406673     50
-0.7635733170309088       -0.18228526307954213     50
-0.7648809422113213       -0.1897869241523944      50
-0.7670069207931884       -0.20002403078526848     50
-0.7717330613173079       -0.2184418042799774      50
-0.7722809224463079       -0.22031327438703302     50
-0.7752059662317948       -0.22928059719780666     50
-0.778549733279618        -0.23795699179995725     50
-0.7809095723064879       -0.243340615805253       50
-0.7852359926852832       -0.25200129878589955     50
-0.7852851428039163       -0.2520921619514039      50
-0.7896210820958345       -0.2595157622675335      50
-0.7904609503143954       -0.2608266458745413      50
-0.7933602278092908       -0.26501272050788655     50
-0.7945165168755696       -0.2665579669391882      50
-0.798976682088028        -0.2720159000589668      50
-0.8037853395376404       -0.27715407957683        50
-0.8046843657318464       -0.27803800210268526     50
-0.8075782239056444       -0.2806951096792196      50
-0.8130995280098449       -0.28514634761026203     50
-0.8143554727438349       -0.2860596930375588      50
-0.8174885633904849       -0.28815937116725376     50
-0.8207967892639193       -0.29013115069273554     50
-0.8214979519206278       -0.29051937451120435     50
-0.8252189960829897       -0.29240530431394823     50
-0.82597579189018         -0.2927554401064787      50
-0.8305114001032685       -0.2946448238054037      50
-0.8312455861863399       -0.29491729877599515     50
-0.8337756549682067       -0.2957625221112678      50
-0.8364226192807247       -0.2965071050784821      50
-0.8391979682204791       -0.2971658877786517      50
-0.8417326322826558       -0.297649860182835       50
-0.8458229825638499       -0.298165963048345       50
-0.8466675402349568       -0.29823768341588414     50
-0.8502038380163239       -0.29844700598107887     50
-0.1                      -0.0682710576203029      51
-0.1113522720590854       -0.07767765004297313     51
-0.12492387130650819      -0.08993533322990142     51
-0.1346998907781292       -0.10007546919595864     51
-0.14141324756055001      -0.10854717875358744     51
-0.14564524807408         -0.1157084663108628      51
-0.1497427924748865       -0.12396475996984829     51
-0.1568712767715783       -0.13720034211480558     51
-0.16412429007918983      -0.14902696027507525     51
-0.17171654286357846      -0.1595847555762812      51
-0.17749236974998867      -0.16662796989066136     51
-0.17943083356168177      -0.16888371420153458     51
-0.19371111974048383      -0.18429282736145775     51
-0.19416499980873636      -0.18474276024794264     51
-0.21190439534637356      -0.1997988696797936      51
-0.22980921085287567      -0.21048993370511893     51
-0.2312462103673806       -0.2111831010363942      51
-0.24940308086564927      -0.21885845793855876     51
-0.2781754005829879       -0.22687082706269113     51
-0.2852196821362581       -0.22805358078180574     51
-0.31062270221355026      -0.22954915648422858     51
-0.3112522440980648       -0.2295280004827959      51
-0.3317164130381549       -0.22759282146412863     51
-0.3371577199056793       -0.2266681883710957      51
-0.3676059599678892       -0.2184271491876135      51
-0.3976675117798909       -0.2047684985731139      51
-0.4130255998361962       -0.19569365899320354     51
-0.41894069305176745      -0.19177939492156768     51
-0.44226414199564223      -0.17245978642421694     51
-0.463993916432239        -0.1475923180754989      51
-0.48461368075762257      -0.11637345685785316     51
-0.4922481416340109       -0.10268588899448194     51
-0.5004574181085647       -0.08607536200593134     51
-0.5075738818682907       -0.06936378467786751     51
-0.5205799216744225       -0.03217014004284268     51
-0.5326359041845894       0.011902774059427555     51
-0.5342596434511875       0.01879710921940676      51
-0.5416067049981251       0.05749003080098568      51
-0.5455432292812392       0.08285967042385026      51
-0.5515865399318736       0.12275282244353773      51
-0.5550637857631275       0.13711902232017925      51
-0.5638692608562956       0.15641285012884626      51
-0.5783048481331835       0.17714767728013733      51
-0.5992010822376665       0.1996005275529218       51
-0.5997641433869464       0.20013616316023933      51
-0.5999486484053923       0.20031119163531125      51
-0.6009324240166053       0.20123872917877403      51
-0.6186975139318305       0.21558160504021476      51
-0.638692275457403        0.22533813466834773      51
-0.658078736919895        0.22724852823017103      51
-0.6773753165687401       0.22108521718838092      51
-0.6971164814932757       0.2063875213642426       51
-0.7012299118076978       0.20235422945445028      51
-0.7026631395479          0.20090455884002684      51
-0.7085396743759083       0.1947775156375538       51
-0.7198412888852863       0.1817440080985877       51
-0.7378319726026309       0.1530248927664457       51
-0.7451172727434952       0.1266820659243402       51
-0.7454468297753356       0.12344228054335606      51
-0.7478289078684075       0.09695740186802239      51
-0.7495936082308672       0.07067860464254042      51
-0.7509263198378731       0.049011835185017054     51
-0.7519495688938211       0.03349442572917568      51
-0.7534226425054751       0.008565684647431598     51
-0.7546474441711699       -0.015835999452497085    51
-0.7549656339366403       -0.022758209852564264    51
-0.7552978777941444       -0.02983845863318077     51
-0.7563418055969922       -0.05105740036371641     51
-0.757443780957198        -0.07196120933337903     51
-0.7580086320692537       -0.08221348981160974     51
-0.7580947417136943       -0.08374674327571957     51
-0.7583211621152341       -0.0876648117804769      51
-0.7598989593864276       -0.11155265579069415     51
-0.761782420647355        -0.13489143546148555     51
-0.7632908014140445       -0.14970122407700417     51
-0.7649198476867665       -0.16269643585948046     51
-0.7675891325934817       -0.18055562209386405     51
-0.7679096641270708       -0.18246906222023349     51
-0.7699031131136322       -0.19295575082110838     51
-0.7722573298779469       -0.2032000237707154      51
-0.775367920901163        -0.2147674518633416      51
-0.7768750489236695       -0.21974692947975466     51
-0.7800215111547162       -0.22883595784904517     51
-0.7836018047856994       -0.23763403874860556     51
-0.7866687844118936       -0.24421348976485427     51
-0.7890429855632854       -0.24880457761220598     51
-0.793563037564666        -0.2565504499887423      51
-0.7936115818104021       -0.2566276253423146      51
-0.7965649411435016       -0.26104376845867394     51
-0.7997608432555735       -0.265295795222835       51
-0.8009281533904319       -0.2667382176546964      51
-0.8058272029037091       -0.27229657985179234     51
-0.8081381121075787       -0.2746475402070895      51
-0.8111717241427898       -0.27745831509344676     51
-0.8143842006038406       -0.28014399860059175     51
-0.814644369615628        -0.280349944765581       51
-0.8171674395505997       -0.2822516854165691      51
-0.8173512671028615       -0.28238359210492037     51
-0.8208576149995614       -0.2847478628546458      51
-0.8245741386263403       -0.28697557159633275     51
-0.8262032648861944       -0.28786231375555826     51
-0.8284271147077702       -0.2889798685503341      51
-0.8332853865614411       -0.2911219260095775      51
-0.8334256332761882       -0.29117816150131803     51
-0.8361049045123297       -0.2921676216400678      51
-0.8389069404957474       -0.2930456266349067      51
-0.8423387773182647       -0.2939448714210974      51
-0.8434252493892392       -0.29419236785987174     51
-0.8469137703957608       -0.29484678976249895     51
-0.8506115140489724       -0.29534101794323453     51
-0.1                      -0.0667097857335445      52
-0.11166460223166906      -0.07627429591296225     52
-0.1255714397447332       -0.08866727345375609     52
-0.13563093506034724      -0.09890868458782598     52
-0.1425872894570659       -0.10745433636250604     52
-0.1470308166121453       -0.11466754152227226     52
-0.14765259013985324      -0.11588110917769331     52
-0.1552891522903901       -0.12995198663008428     52
-0.16307312185835973      -0.14252433186580968     52
-0.1712367196740981       -0.153747028039314       52
-0.1805398809839317       -0.16470635846576143     52
-0.18618923336431625      -0.17078159641193208     52
-0.20106321857160914      -0.18509690842843224     52
-0.215665678453196        -0.19648079572865587     52
-0.23041719706370395      -0.20512481951853537     52
-0.23428394687782328      -0.20691802948536184     52
-0.25696161314382626      -0.2155163927378519      52
-0.2830196188874723       -0.22152405073436152     52
-0.30959418146734174      -0.22306113932045338     52
-0.32909254405118493      -0.22137622150981764     52
-0.3494953600889008       -0.21721420404416805     52
-0.367316452732164        -0.21153468717440663     52
-0.3980459126996275       -0.19727884261235062     52
-0.40635361720483254      -0.1924468099750898      52
-0.4158390873102492       -0.18629281553423024     52
-0.43981405171803056      -0.1663238305794317      52
-0.4621568103485799       -0.1406331220099448      52
-0.4833648894199861       -0.10839088811134354     52
-0.48814801694369         -0.0999215463352685      52
-0.4936799957046688       -0.08934850527320397     52
-0.5034832385528423       -0.067745041781559       52
-0.5171147396910796       -0.03030388339528353     52
-0.5297126926113032       0.014068328819371138     52
-0.5304719380912025       0.01712136195118092      52
-0.5383535483437005       0.055557934875514046     52
-0.5431291359114636       0.08414072435318856      52
-0.5495538167912258       0.12403686854116124      52
-0.5521001641164377       0.1350963641545775       52
-0.5601471455973996       0.15416961044145         52
-0.5737056262962001       0.174644971028539        52
-0.5935864762294426       0.19679312921077657      52
-0.5980578973906859       0.20112120167151468      52
-0.5995777792708998       0.20255866561018654      52
-0.6068764805893611       0.2091354330236212       52
-0.617010355693669        0.21710494954832107      52
-0.63690105480791         0.22766847028630968      52
-0.6561298187033071       0.23047966876899567      52
-0.6752087519994752       0.22533943411003438      52
-0.6946641117765251       0.21181996923036062      52
-0.7023489271472191       0.2044961869962788       52
-0.7050851584322997       0.20172721891967713      52
-0.7155818773001699       0.19047081809497718      52
-0.7221224058265425       0.1827610525577255       52
-0.7403122100909381       0.15411898763358167      52
-0.7478100934971639       0.12786050156622258      52
-0.7485999064195701       0.12063294470732486      52
-0.7511362699446014       0.09427895635924319      52
-0.7530708895977386       0.06813627336243244      52
-0.7542141356687011       0.05117012118505835      52
-0.7556094211062551       0.03118286429544069      52
-0.7571604244519375       0.0063127309356158755    52
-0.7584660716762672       -0.01803135965448111     52
-0.7585941774159926       -0.020632420867298214    52
-0.7595290925418434       -0.038997251164756684    52
-0.7604708596940559       -0.05664121247369813     52
-0.7618023560040208       -0.08056506019304974     52
-0.7621686380087838       -0.08677388118666786     52
-0.7637180811133903       -0.10962183698900835     52
-0.7656465732929452       -0.1330897412517756      52
-0.7659406045834695       -0.13626440860832775     52
-0.7677228426767512       -0.1524033279935407      52
-0.7688274347972235       -0.16077655531663232     52
-0.7715839531900867       -0.17883502379280758     52
-0.7728181322991337       -0.1857062015703811      52
-0.775038752205705        -0.19619617223097363     52
-0.7776263638414569       -0.2064477734091645      52
-0.7789480257783592       -0.21114844906450908     52
-0.780315495599857        -0.21567817453998672     52
-0.7835192509948279       -0.22500229483103243     52
-0.7871668094922899       -0.23402742123922501     52
-0.7885146358384165       -0.23704374015802088     52
-0.7889532468394224       -0.23799165128014876     52
-0.7927592658297042       -0.24555335461372185     52
-0.797461394217135        -0.2536179346571827      52
-0.7995317808162521       -0.2567818695909408      52
-0.8027715392468168       -0.26126454084457584     52
-0.8062690521964387       -0.26558362838610217     52
-0.8078762489579867       -0.26742199283943646     52
-0.8105504528662135       -0.2702772461042776      52
-0.8124200283231806       -0.2721258371738849      52
-0.8178732013726892       -0.2769714653053364      52
-0.818512703717038        -0.2774910956054067      52
-0.821148488483366        -0.2794985751226479      52
-0.8233338781789736       -0.2810260566779461      52
-0.827238775457936        -0.28351181441792683     52
-0.8287572685087536       -0.2843933299032032      52
-0.8316364391696385       -0.2859138506957251      52
-0.8346758806939124       -0.28733256173336863     52
-0.8358663240803221       -0.2878441958427109      52
-0.8367888756083524       -0.28822315651884267     52
-0.8408657817672007       -0.2896972645325672      52
-0.8460922359949787       -0.2911972078904619      52
-0.8471600005565647       -0.29145589610911365     52
-0.8510191900816209       -0.2922350299053902      52
-0.1                      -0.06517503592161324     53
-0.11197179662068069      -0.07489401775741478     53
-0.1262083599278783       -0.08742006494699935     53
-0.13654666976843755      -0.09776108593657036     53
-0.14374202606189265      -0.10637946406362722     53
-0.14839360163212484      -0.11364373312171681     53
-0.15387487549563097      -0.12347260963788442     53
-0.1621334721406639       -0.13671156771639237     53
-0.1708078009571842       -0.14852862538653475     53
-0.17119527016130182      -0.14900666691564668     53
-0.18338696026634776      -0.16291112961943227     53
-0.19847306607859028      -0.17747795216833748     53
-0.21392073643761841      -0.18963734339313693     53
-0.2295079450329806       -0.1988922562247676      53
-0.2384166186653668       -0.20284660899152865     53
-0.25329322641213237      -0.2080910573973817      53
-0.2806061139752273       -0.2143610508284019      53
-0.3084658775994007       -0.21594367971826106     53
-0.3206807200550154       -0.21514666677033778     53
-0.3424816977846203       -0.2116902915232745      53
-0.36332346415604355      -0.205735066626226       53
-0.3836085598468541       -0.19730032229133146     53
-0.39843801227688486      -0.18951805033398395     53
-0.39930972635204126      -0.18901897579704885     53
-0.4126021808974594       -0.18056689629007175     53
-0.43725708168623245      -0.15992020727015285     53
-0.4602395645866281       -0.13337034645117046     53
-0.48206162233000033      -0.10006009750819508     53
-0.4838124521035945       -0.09699846771096383     53
-0.4860044699361702       -0.09305538585327498     53
-0.49912569377726956      -0.06602068106202003     53
-0.5134234656093475       -0.02831585943980029     53
-0.5265987507843631       0.016375179136721263     53
-0.5347797028804995       0.05343537731336118      53
-0.5405545012951852       0.08550697051130635      53
-0.547385914162129        0.12540630585175944      53
-0.5490386483169917       0.13300689367922694      53
-0.5563020816752906       0.15185227221017533      53
-0.5689544832699612       0.17205959555080275      53
-0.5877864089296778       0.1938929970736613       53
-0.5961996731022844       0.20219397927256058      53
-0.5991751525710224       0.20499859103240592      53
-0.6121889645806756       0.21619309007086146      53
-0.6153359086490358       0.21861681704946068      53
-0.6351233293669951       0.2299812489577111       53
-0.6541955838021676       0.23368646562044224      53
-0.6730585105117741       0.22956159939990806      53
-0.6922302184216048       0.2172114885726458       53
-0.7035346281957626       0.20676579065012043      53
-0.7076504338666929       0.20259853735025413      53
-0.7224001141689429       0.18630108821311228      53
-0.724468653201729        0.18380713566269177      53
-0.7428632633015533       0.15524432108922182      53
-0.750579799648951        0.12907258389378207      53
-0.751915133206405        0.11767913594601366      53
-0.7546137164471496       0.09146276909211186      53
-0.7567269936616514       0.06546320013529298      53
-0.7576140384082598       0.05340198661240014      53
-0.7583366758561801       0.04391719760392162      53
-0.7601142081718131       0.018787443248731477     53
-0.7616498498453801       -0.00581019573710379     53
-0.7623595208250329       -0.018681453111998043    53
-0.7624499472230021       -0.020418881723997376    53
-0.762981257425225        -0.03054363210388931     53
-0.7643052446800384       -0.05491806544714285     53
-0.7656709976334923       -0.07888407771902935     53
-0.7663516451833062       -0.0898820947204851      53
-0.7676098036763442       -0.10765431365964026     53
-0.7695841828044123       -0.13125379715029042     53
-0.7703467131515634       -0.13901164306916441     53
-0.7722958328083473       -0.15519136488499385     53
-0.7727993876699918       -0.15882505050765933     53
-0.7756445764587062       -0.1770860838020719      53
-0.7771679419666189       -0.18531097829912646     53
-0.779494326675334        -0.19589059721096796     53
-0.7821931805173499       -0.20623138861166684     53
-0.7828177595230857       -0.2084119170905219      53
-0.7832992272141267       -0.2100376794873326      53
-0.7844997416456496       -0.21388052946377678     53
-0.7882777453986817       -0.2245292132695983      53
-0.7926189286569694       -0.23484149223431305     53
-0.7939305484925457       -0.23762924898423113     53
-0.7965316412110086       -0.2426902145205299      53
-0.8012502212472052       -0.25076781232492473     53
-0.8039366749359087       -0.2548355981287005      53
-0.8073421861397794       -0.25946148528766044     53
-0.8110870368434624       -0.2640191987097212      53
-0.8131161015497684       -0.26627213841852965     53
-0.8153555313881562       -0.268581661678657       53
-0.821036178719762        -0.2738168819542809      53
-0.822023758319016        -0.2746431815759378      53
-0.8247910098215959       -0.276799279491178       53
-0.827729185535067        -0.2788657134890557      53
-0.829785697937667        -0.2802010739382463      53
-0.8303813375837343       -0.2805720180267074      53
-0.8333377020919907       -0.28228318685311793     53
-0.8385905721867333       -0.2848970709756556      53
-0.8407940242577789       -0.2858382731682771      53
-0.8444283039506453       -0.28715883133802234     53
-0.8495498643245359       -0.28866610256018166     53
-0.8514268661142694       -0.28912904186754584     53
-0.1                      -0.06292595583387592     54
-0.1124222542108037       -0.07287003296508893     54
-0.12714231426123498      -0.0855912081760727      54
-0.1378894665920565       -0.096078293081739       54
-0.14543528572692327      -0.10480331422898742     54
-0.15039193518870725      -0.11214246134931971     54
-0.15201024785379413      -0.11492999231834133     54
-0.160894607977897        -0.12904783403381614     54
-0.17024230083823816      -0.1416485168613405      54
-0.1745558860593983       -0.1468011563188309      54
-0.18730118230380416      -0.16044301278265222     54
-0.19516650080959969      -0.16775166144858705     54
-0.21169315922714044      -0.18090105397635203     54
-0.2283472021062022       -0.19093582223892955     54
-0.24388953079575418      -0.19745481216997368     54
-0.2488226281774193       -0.19904193212973834     54
-0.2776648180897819       -0.2056316291297124      54
-0.30709083356801303      -0.20726975718487797     54
-0.3248045648040986       -0.20587718697747978     54
-0.34759521691454764      -0.2016536262490638      54
-0.36946606803266524      -0.19479691743864874     54
-0.3908353305360301       -0.18531749641215917     54
-0.3962133919781836       -0.1824279236776545      54
-0.39755906807528996      -0.18165534975878603     54
-0.41519657283443523      -0.1697929039532088      54
-0.42327679819741815      -0.1632225745026018      54
-0.4476662555968838       -0.138572739775384       54
-0.47063187401280404      -0.10735569817199545     54
-0.47845807141771607      -0.09472207461935919     54
-0.47958686903641734      -0.09280581671188716     54
-0.48260032501722383      -0.08747417302397971     54
-0.4942624118743999       -0.06409619084717151     54
-0.5093037818505365       -0.026097105204761422    54
-0.523123404525516        0.018949762756352344     54
-0.5306518314892997       0.05098377588649452      54
-0.5376784586380453       0.08703316075440215      54
-0.5449642189054946       0.12693606083006115      54
-0.5457394347777026       0.13075519558788648      54
-0.55215848491399         0.14935501458729541      54
-0.5638344589336168       0.16927349012490978      54
-0.581536021272807        0.1907676971113911       54
-0.5940769634703194       0.20341944778080803      54
-0.5987169155188862       0.2077755162419111       54
-0.6172706563370837       0.2229441386754599       54
-0.6333110115480314       0.23233903149320922      54
-0.6522237110389627       0.23695566284399217      54
-0.670866427936171        0.23386592289854108      54
-0.6897489644579393       0.22270792033338038      54
-0.7048310629339792       0.20924735463493557      54
-0.7104539587265181       0.20355077929986928      54
-0.7105427589599576       0.20345862503585768      54
-0.7292058694807703       0.1821389914953585       54
-0.745604018432128        0.15645333681234322      54
-0.7535554672336602       0.13037479932547674      54
-0.7555629579717769       0.11442898823531344      54
-0.7584400355160668       0.08836404966279213      54
-0.7607498939959753       0.0625219525692641       54
-0.7612885811184256       0.05581413938979793      54
-0.7617165461320932       0.050587568943369354     54
-0.7636686469737289       0.025327214342710652     54
-0.7645134875321644       0.013389059233660313     54
-0.766376659683625        -0.016973001237439344    54
-0.7667089850965778       -0.023113986182767228    54
-0.7670094676761762       -0.028671904165839347    54
-0.7683693695138795       -0.05309167486597151     54
-0.7697714316214842       -0.07710237800893414     54
-0.7708171933040032       -0.09320025233427093     54
-0.7717319495905112       -0.10557029607565632     54
-0.7737549325679721       -0.129309149412906       54
-0.7750744584675904       -0.1419594199233937      54
-0.7772026416944126       -0.15818292266228667     54
-0.7799347151880116       -0.1752382898322469      54
-0.7801972283373123       -0.17672485746146716     54
-0.7823539707288866       -0.1875877729358434      54
-0.7848868996340235       -0.1982012455625138      54
-0.7874510526267212       -0.20747000746305927     54
-0.7896506770253457       -0.21439905722947816     54
-0.792385503388496        -0.2219308439265701      54
-0.7968463694350492       -0.23257316658414512     54
-0.7992446568330203       -0.23757141818876942     54
-0.8020139581038576       -0.24274461120686294     54
-0.8050225281071571       -0.24780191800896414     54
-0.8050915886305413       -0.24791219548324137     54
-0.8051466804403792       -0.24799996653031786     54
-0.8091288853367002       -0.2539163262013617      54
-0.8149834384752442       -0.2614004690344722      54
-0.8175819392361916       -0.2643162278910993      54
-0.8204367767993459       -0.2672218882653235      54
-0.8241803891090999       -0.27068101575669307     54
-0.8266719591600715       -0.27277500741519645     54
-0.829642348925204        -0.27503847334309006     54
-0.8329093179996362       -0.277299006891699       54
-0.8333022518142476       -0.2775567902897173      54
-0.8355273213807604       -0.27893507912934024     54
-0.8356365625274009       -0.2789994596754019      54
-0.8413266848008436       -0.28204872511464574     54
-0.8421156125072566       -0.2824258364947468      54
-0.8458280398254369       -0.2840026945291274      54
-0.8498767648190629       -0.2854155111086891      54
-0.8521073605195901       -0.28609599903683725     54
-0.1                      -0.05936322902931228     55
-0.11313644296165892      -0.06966105790888771     55
-0.12862307447778207      -0.08269160350437743     55
-0.14001843590490778      -0.09341026893630959     55
-0.14811990472670866      -0.10230436980837126     55
-0.1535602408802108       -0.10976223414184892     55
-0.15914705516810668      -0.11823730311930405     55
-0.16944460133937309      -0.13194337456550223     55
-0.17956643690377938      -0.14351282366843        55
-0.19313713890508707      -0.15676314418845658     55
-0.20867756222114275      -0.16907424587072667     55
-0.22677583888778657      -0.18016474844931932     55
-0.2310104727270049       -0.1822526769845837      55
-0.2516291983910671       -0.18982985599561816     55
-0.2738547447598254       -0.19432377772832832     55
-0.3053096395652505       -0.1960337978670535      55
-0.30589807948564623      -0.19601162162807267     55
-0.3312690458015271       -0.19351544862252668     55
-0.3553162726116359       -0.18816339970992374     55
-0.3785147251526002       -0.1800024080707995      55
-0.3927737371540374       -0.17305055565592867     55
-0.40423252470456283      -0.1659979465379871      55
-0.4224257351425986       -0.1520387769511699      55
-0.4394692644133975       -0.13541826368000914     55
-0.455764457560468        -0.11592777034883162     55
-0.4716780858964705       -0.0933105110958094      55
-0.47558637725347047      -0.08700655398356316     55
-0.4857383234100775       -0.06825354704183478     55
-0.4888064076137098       -0.0619371494793101      55
-0.5046820032677433       -0.023607935791684295    55
-0.5192244933839559       0.0218381289828546       55
-0.5258344114281429       0.048122641714308495     55
-0.5266050368838046       0.05159641069143835      55
-0.5344518873307025       0.08874536124478555      55
-0.5422473703181525       0.12865226052132742      55
-0.5477056119575892       0.14667136278074308      55
-0.5583322782879627       0.16627943104548643      55
-0.5748191074977401       0.18740912616824126      55
-0.5916398902654013       0.204826402561597        55
-0.5981931510489972       0.21094953884330778      55
-0.6002437547990513       0.21278184230562924      55
-0.6222485133710295       0.22955724242000247      55
-0.6314222334956935       0.23479628698042865      55
-0.6501686465474191       0.24036278487302748      55
-0.668581863157087        0.23835184234893203      55
-0.6871630283821537       0.22843624213611102      55
-0.706291092733182        0.21204206327676342      55
-0.7136095287108005       0.20462259648153283      55
-0.7192233112653174       0.19859431119526869      55
-0.7362822506027318       0.17781139208988123      55
-0.7486504532932005       0.15779719551953456      55
-0.7568630146186465       0.13182225241732234      55
-0.7597287638685747       0.11071732844638221      55
-0.7628096814189177       0.08482532055668991      55
-0.7653440351658157       0.05916305589998954      55
-0.765401171191695        0.0585138482651618       55
-0.76564233470668         0.055768868656267526     55
-0.7664391869204219       0.04646025097201499      55
-0.7688498269122669       0.015243993933649981     55
-0.7707875124484136       -0.015097106492529171    55
-0.7714073303042113       -0.026087082805479157    55
-0.7714367792990525       -0.026614731789339142    55
-0.7728361540143748       -0.051084331717479545    55
-0.7742781226636375       -0.0751441535510331      55
-0.7744966057595818       -0.07864244287776857     55
-0.7757636382533888       -0.09687574379161361     55
-0.7762595392469058       -0.10328129984566777     55
-0.7783359066242285       -0.12717323109161263     55
-0.7784913863085564       -0.12879269765373538     55
-0.7803405049945056       -0.14524283073080577     55
-0.7826681399743446       -0.16151509928985888     55
-0.7846346517969354       -0.17321399293359266     55
-0.78557191651152         -0.17824463866467732     55
-0.7879181307623626       -0.18916495836206215     55
-0.7883216290748077       -0.19085996198102032     55
-0.792514056774062        -0.2064407411844978      55
-0.7943394536808914       -0.212203340592323       55
-0.7969344947244694       -0.21940066809550263     55
-0.8014173331494387       -0.23012051620212226     55
-0.8032770154365071       -0.23406365109395977     55
-0.8060730251933425       -0.23943808197652158     55
-0.8099968827811264       -0.24614432669984412     55
-0.8109534597980543       -0.24765161909368383     55
-0.8134346958913286       -0.25129761700336156     55
-0.819097072774361        -0.2586357396173736      55
-0.8204735807113603       -0.26024758270879556     55
-0.8233495731816922       -0.2633687801663204      55
-0.8264305994941088       -0.26640217912719666     55
-0.827663139912143        -0.2675419605152115      55
-0.8285590106475293       -0.2683433083107616      55
-0.8313142933038999       -0.2706607855539893      55
-0.8367423297606855       -0.27471644943316975     55
-0.8385266760169156       -0.27590923608598844     55
-0.8409674656216625       -0.2774064025296804      55
-0.8435519657204238       -0.2788479977007754      55
-0.8444897565559979       -0.279340989652407       55
-0.846194891771381        -0.2801944437317978      55
-0.8496161038007574       -0.28173860060335537     55
-0.8533042029433172       -0.2832010155046569      55
-0.1                      -0.05486325679742325     56
-0.11403947957263756      -0.06560355636465777     56
-0.13049538160390445      -0.07902527695867108     56
-0.1427103534559088       -0.09003675811103747     56
-0.15151439846583856      -0.09914464725895436     56
-0.1575663191484187       -0.1067526203552699      56
-0.16855868751323616      -0.1211649802494194      56
-0.16945924742500423      -0.12223246458558162     56
-0.18548401468456804      -0.1396292258700612      56
-0.20002954019707792      -0.15241713327956546     56
-0.20546083246735675      -0.156458619362936       56
-0.22509966968857692      -0.1686752710853509      56
-0.23841316500510137      -0.1748371477911371      56
-0.2602876047831622       -0.18129977786675155     56
-0.27000154242646635      -0.18288792449618332     56
-0.30350828292635107      -0.18467065051748055     56
-0.3125054670137003       -0.18416228577572294     56
-0.3390539904527546       -0.18053953421925048     56
-0.36435472105700745      -0.1738938062334815      56
-0.366237922128628        -0.17326249054096726     56
-0.3891111021754169       -0.16306528740090642     56
-0.38986995643727745      -0.16263949997847185     56
-0.4103045321544469       -0.14925230338886192     56
-0.4292352079705052       -0.1331195935126464      56
-0.4471187313312294       -0.11404669768067724     56
-0.46436853649802695      -0.09178869467421139     56
-0.47142603945990924      -0.08097557249116505     56
-0.4786603010899857       -0.06816221097759964     56
-0.489304536813716        -0.046410051468367505    56
-0.4997925936469898       -0.02097462728112563     56
-0.515099809930496        0.024893750398536422     56
-0.5205065503941793       0.04495834940111843      56
-0.5225637780274666       0.053423267067673974     56
-0.5310399160560595       0.0905559454015108       56
-0.5393744106174116       0.13046707367448085      56
-0.5432738637641393       0.1440004424194425       56
-0.5528562003995602       0.16329957600667544      56
-0.5681340592649082       0.1840664885372973       56
-0.589031529173514        0.20633224411812104      56
-0.5976354834533917       0.2143290150282715       56
-0.6054727069126329       0.22096934596404064      56
-0.6268948320265021       0.23572989605173636      56
-0.6295588761934898       0.23722047067412627      56
-0.6481412408275794       0.24372405101250078      56
-0.6663280459559628       0.24277738655442482      56
-0.684611895990561        0.23408746740701156      56
-0.7078598127746608       0.2150448207950827       56
-0.7169978828945752       0.2057734808700324       56
-0.7276951777873316       0.1938469384326841       56
-0.7431885111971336       0.17358783081932527      56
-0.7517909772473854       0.15918255928191205      56
-0.7602727155529694       0.13331441007530628      56
-0.7620886734419041       0.12127355185100583      56
-0.7656664223842204       0.09542380845137977      56
-0.7687365272613973       0.06982229898023426      56
-0.7697559565381558       0.059715690503934646     56
-0.7701382393691232       0.05548735215429371      56
-0.7707655979661817       0.048322206475797776     56
-0.7732507604715999       0.017126559769943386     56
-0.775264069344977        -0.01319326839015836     56
-0.776199342453705        -0.02911945154554339     56
-0.77737416939522         -0.04904497788666913     56
-0.7788566809674337       -0.07315470169632303     56
-0.7794655383770948       -0.08239611846178983     56
-0.7808307356280771       -0.10064088690040475     56
-0.7808563470770677       -0.10095730924763287     56
-0.7829869149994748       -0.12500465867029376     56
-0.7837182814060968       -0.13212900125213778     56
-0.7857674332288511       -0.1486265522236993      56
-0.7883006133637322       -0.16494907643563075     56
-0.7893949301119322       -0.1711637064230295      56
-0.7910772460959254       -0.17974744044779328     56
-0.7932941904399335       -0.18948587864805583     56
-0.7976319117487651       -0.20540032419278023     56
-0.7991177426990068       -0.2100953207891653      56
-0.8017439118996275       -0.21746642377988495     56
-0.8046959081906208       -0.22473023172978798     56
-0.8059907479399672       -0.22766655064168106     56
-0.8072184012627535       -0.2303188395092965      56
-0.8098690582797214       -0.23560661543908723     56
-0.8148837695897682       -0.24438309192537838     56
-0.8167397443846932       -0.24727936435605782     56
-0.8193892908988472       -0.25107399887356985     56
-0.8222451136435097       -0.2548031218422629      56
-0.8231449391121898       -0.2559152121404702      56
-0.8242816611018587       -0.25727604242915786     56
-0.8263116939964105       -0.2595804540455925      56
-0.8317205029361766       -0.2651021034492364      56
-0.8343220825719708       -0.26745601305972677     56
-0.8371680417199125       -0.26979497977350975     56
-0.8404177550067833       -0.2722400685936865      56
-0.8405594593759808       -0.2723421003065263      56
-0.8430287718969542       -0.274028940790025       56
-0.8448716343093269       -0.2751927288960094      56
-0.8491790273863209       -0.27768128727147856     56
-0.8507499515421431       -0.2785114274544337      56
-0.8545010453670441       -0.2803060319724765      56
0.5700667204455736        0.6                      57
0.6057878659920826        0.5795309063129016       57
0.6463947301226185        0.5618596401634913       57
0.6541082870522322        0.5590803890148033       57
0.6650526391130991        0.5547485860194961       57
0.6744773940380618        0.5505042594310152       57
0.6825834436405848        0.5462868314172411       57
0.7029394014003065        0.533433842896915        57
0.7199555311557118        0.5189213019519321       57
0.7310610150819374        0.5060057902675212       57
0.741734964844324         0.48791383961753465      57
0.7461071490049596        0.4761603624364925       57
0.7511935943647372        0.4489216993220027       57
0.7514218834750225        0.43724293095257605      57
0.7499987524530956        0.41938088733009504      57
0.7475984021447777        0.4035745408849327       57
0.7420129301387278        0.37612999371088696      57
0.7350148099673501        0.3495520667646949       57
0.7308429882366028        0.3340890527734008       57
0.7254557207231886        0.3147569717661657       57
0.7156707419117454        0.2879647049674512       57
0.7039689181300783        0.26462383743689666      57
0.6927548536175854        0.24734958971917076      57
0.6831228232674118        0.23496000791514038      57
0.6669846754703367        0.21787824014058527      57
0.6491506007365758        0.20306877576045892      57
0.63245275889886          0.19177399904805298      57
0.6166718458632913        0.1826541331387806       57
0.5926011863930669        0.17112213189981493      57
0.5777543948090231        0.16498035033598848      57
0.5516136814729462        0.15504808173202517      57
0.5459570625736803        0.1530313894712077       57
0.5108953985436606        0.1415296789909532       57
0.4932235899080498        0.13567842747122275      57
0.4720156914134518        0.12740986419639838      57
0.4620995925271978        0.1232362689570126       57
0.4413274116063679        0.11464738846350245      57
0.42123818534723606       0.10655447244040919      57
0.4138799085806661        0.10363664516366423      57
0.3897495506527234        0.0946345249107903       57
0.3684851283816554        0.08755833286578188      57
0.33391867100889844       0.07756650925147404      57
0.3175630839992604        0.0732651125243541       57
0.3116745016168836        0.07171351863630825      57
0.2737997695550059        0.06184056858626849      57
0.2333028480093427        0.0514689036968948       57
0.19515627826650597       0.04209397634045045      57
0.1851285605406549        0.039788151050028635     57
0.17001011984072217       0.03621180447026799      57
0.12429235185373          0.023282495147973228     57
0.07067460767885544       0.00548535786430825      57
0.056097418073292105      8.323758734078372E-4     57
0.02351988231514916       -0.0070860417365900645   57
0.016068389410992832      -0.008572008095298001    57
-0.0026424308328356332    -0.012083312721674804    57
-0.024485216276777216     -0.01589403640343849     57
-0.03207365848730181      -0.01739886837484195     57
-0.053469911563788        -0.0239637180457142      57
-0.07577188805897696      -0.034422558845655614    57
-0.09879309413379543      -0.04904411631498282     57
-0.10001329418586927      -0.04993128829927373     57
-0.10008410426657019      -0.04998309587353058     57
-0.11810116981956167      -0.06349734500726528     57
-0.1325564144986216       -0.07498939015994627     57
-0.1456736122851213       -0.08632320242107432     57
-0.15525105211611195      -0.0956664293845103      57
-0.1619762041370465       -0.1034396419832973      57
-0.1676794257356341       -0.11046751750930181     57
-0.1747598783944778       -0.11855085137418714     57
-0.19168777919854207      -0.13555780896595448     57
-0.207255272774711        -0.1478609399767155      57
-0.22349936826806677      -0.1577058373580475      57
-0.24581460728375343      -0.16742287076474363     57
-0.26894454913917937      -0.17277114010478387     57
-0.301859739520849        -0.17427146513443956     57
-0.3222084008876331       -0.17264221035653338     57
-0.3496868155991919       -0.16756609660682212     57
-0.36115779583459995      -0.16420754706456753     57
-0.38557169604236824      -0.15341597211061697     57
-0.39742328151463163      -0.14629110684818974     57
-0.4183594354723652       -0.13067678758051215     57
-0.43793088367032446      -0.11204767427236664     57
-0.4566006492711985       -0.09017145430842002     57
-0.4671625249548591       -0.0747950221732754      57
-0.4713172777012347       -0.06772204996954334     57
-0.48272906162092094      -0.04585356939143726     57
-0.4933365298458319       -0.02171359840153285     57
-0.4947231156090174       -0.018244338617067396    57
-0.5108232215890011       0.028061905014464684     57
-0.5147085539660718       0.04151483700234997      57
-0.5183772049422641       0.05531581293201054      57
-0.5275052582640942       0.09243163393533249      57
-0.5363981459965168       0.1323471432695641       57
-0.5388441808884427       0.14133076678121692      57
-0.5473826745155558       0.16032110966308022      57
-0.5614521264502355       0.1807254086683338       57
-0.586213120989025        0.20795934865539126      57
-0.5970364792730245       0.21795899169931113      57
-0.6103497732441989       0.22860586616247566      57
-0.6312284736028849       0.24148715688523317      57
-0.6461921543105885       0.24695547057906975      57
-0.6641612942912692       0.24703197085240786      57
-0.682159314497448        0.23952038439654144      57
-0.6838765485033682       0.2384152849212946       57
-0.7094775056343499       0.21814131938522413      57
-0.7204896089969949       0.20695947644258406      57
-0.7356236626716148       0.18940405998430399      57
-0.7496518074007931       0.16963516683383514      57
-0.7548922182753971       0.16055059436181698      57
-0.7636397665880935       0.1347879032301783       57
-0.7640324903341174       0.13241688511332766      57
-0.7680932290973672       0.10659118130755768      57
-0.7716836456763765       0.08103176199054152      57
-0.7739867452241431       0.06070341407366362      57
-0.7747982090179343       0.05189548457989235      57
-0.7749553886963413       0.0501253647580804       57
-0.7775127204277658       0.018949677547332712     57
-0.7795992645887654       -0.011349550086772277    57
-0.7808630272405074       -0.03207061517364543     57
-0.7817735229983658       -0.04706793773349201     57
-0.783295338680239        -0.071226038734481       57
-0.7843224547059657       -0.0860651736977293      57
-0.7857836037535909       -0.1043211511449168      57
-0.7874927702393264       -0.1229037651394189      57
-0.7888572582051088       -0.13540918699658044     57
-0.7911030785337144       -0.1519533582762027      57
-0.7938383464785098       -0.16832529282244196     57
-0.7939958238240603       -0.16918206802075514     57
-0.7942193742482028       -0.17038056237005375     57
-0.7944704414488604       -0.1716972854213713      57
-0.798089819558769        -0.18816068755247958     57
-0.8025676646818093       -0.20439692701879975     57
-0.8033215834534558       -0.20681152171145062     57
-0.8059234105957492       -0.21436948982133852     57
-0.8088572808752873       -0.2218150900241907      57
-0.8108426628913352       -0.22639263742028182     57
-0.8130350543133138       -0.2310213383148376      57
-0.8143304549632617       -0.23355528820419047     57
-0.8195239286973175       -0.24271077785319278     57
-0.821599921938349        -0.24596252898331877     57
-0.8243581187879694       -0.249915837778985       57
-0.8274593605145155       -0.253980919490692       57
-0.8282798216065111       -0.2549963923596338      57
-0.8306138787879556       -0.2577193576504357      57
-0.8354914321438494       -0.2628344906627706      57
-0.8360865680522336       -0.2634140252832153      57
-0.8388826961732863       -0.2659726830350255      57
-0.841897245345237        -0.26847505464563626     57
-0.8438135851924653       -0.26996057921602495     57
-0.8465153847890041       -0.27190320676327817     57
-0.8487521968930996       -0.27337823134334177     57
-0.853423563777423        -0.27617899247786265     57
-0.855697887790771        -0.2774110484402961      57
0.5598028067852447        0.6                      58
0.5996278369427099        0.5756835679934079       58
0.6417729198026982        0.5556972264035975       58
0.6458185270601617        0.5540828629262518       58
0.6577512039359019        0.548904718042891        58
0.6680181124995923        0.5437790600132907       58
0.6768386155390601        0.5386353940880403       58
0.6844019387464135        0.5334065175630509       58
0.7030002312357375        0.517036904384122        58
0.7045840378212764        0.5153326150325368       58
0.7212117458111786        0.49337990832446355      58
0.730486064184491         0.4722151076170652       58
0.7354255200378208        0.44476989222797847      58
0.7354935545474476        0.44379431652112183      58
0.7355712143319305        0.4249731176142424       58
0.7336605370544568        0.40245196575448255      58
0.7294692632370574        0.37406551349490025      58
0.7236488947423944        0.34668848357554227      58
0.7223673604662646        0.3417404307868309       58
0.7183913662784565        0.3283108643650498       58
0.7147517181702647        0.3174906878575967       58
0.7034031545749224        0.290380389240808        58
0.689897406421215         0.266766680105279        58
0.6892854948337771        0.26585384316838445      58
0.6888253760950702        0.26517340066407363      58
0.6730189386816334        0.24443344425438293      58
0.6555958021120677        0.22639256634928404      58
0.6363372637753664        0.21075756436095075      58
0.6361192987097688        0.21060143975560602      58
0.632015304184194         0.207721655756785        58
0.609166068177205         0.19357311809269476      58
0.5844512305726173        0.18126460378365206      58
0.581914476991133         0.18014258669757444      58
0.5561735208679718        0.16941674037558158      58
0.5366666662666171        0.16201157036852087      58
0.5017481575978345        0.15013902809241106      58
0.4926510223965021        0.14713623493654537      58
0.4714327583562198        0.13916468405086815      58
0.46213325826669205       0.13538560256202647      58
0.4413295363617157        0.12709556372244948      58
0.42120902396898613       0.11930994340271037      58
0.40795180958524574       0.11427984770572698      58
0.40697304975046283       0.11391072801381827      58
0.37230719223217335       0.10180327172355694      58
0.33751021456308955       0.09153352259540766      58
0.30958533898623575       0.08400364814240358      58
0.2771583399603746        0.0752892426979653       58
0.2372156663055054        0.06475132683529602      58
0.1945044111898996        0.05368957424219084      58
0.18992122015556928       0.05250784823036043      58
0.18683042945374642       0.05169462230137018      58
0.16747840604989536       0.04611572169628561      58
0.16562427929136445       0.04554100505133794      58
0.11943717765889897       0.030153806625729737     58
0.06520552585241661       0.010286779733792106     58
0.0575680462832978        0.0075336128338732095    58
0.025786245224542096      -0.0015556221527606318   58
0.013863961335522881      -0.004293831085250779    58
-0.005200252159634558     -0.008296020926068586    58
-0.0274569963828127       -0.01256205691994886     58
-0.028959639763761223     -0.012847302005760971    58
-0.050447665246172        -0.018742103487913726    58
-0.07288871054753596      -0.02852753889672814     58
-0.07663460607421585      -0.030510114199187522    58
-0.10095655164060967      -0.04505601240232598     58
-0.10624408442688815      -0.048745000733725286    58
-0.11808823521464233      -0.05737057342341464     58
-0.13576139728848657      -0.07085478658217885     58
-0.14916502702653842      -0.08191570418985986     58
-0.1592426556017714       -0.09115940965731922     58
-0.16672186650119603      -0.09905979399476626     58
-0.16716320600328957      -0.09956896333433615     58
-0.16835911077245985      -0.10095037319430648     58
-0.18070670726386348      -0.11442041410030067     58
-0.1986478422783975       -0.13099004717984206     58
-0.21536189165510364      -0.1427493028859749      58
-0.22185203286561062      -0.14641400427442536     58
-0.22814724238295542      -0.14964342620111776     58
-0.2537438449658647       -0.1594798830915357      58
-0.27821881850660535      -0.1636343268495725      58
-0.30021879602030166      -0.1639202207520742      58
-0.30330668113377435      -0.16378095905502896     58
-0.33322858258407884      -0.16046604269748607     58
-0.35587901662837435      -0.15479851969590658     58
-0.3818938852132391       -0.1433893306531849      58
-0.3827468078376759       -0.14291721682021827     58
-0.40596793768626194      -0.1278935347766215      58
-0.42746255197539146      -0.10977005269259495     58
-0.4477501738322897       -0.0883288237811882      58
-0.4494619561790232       -0.08629253208127743     58
-0.46247781580133823      -0.06800389231697462     58
-0.4642477101908332       -0.0650865560924354      58
-0.4764365617341537       -0.042865592923904544    58
-0.4877467475670728       -0.01834205660675808     58
-0.498308873295           0.008742616588531232     58
-0.5060499333818145       0.03159802162405926      58
-0.5078734720745354       0.03745538482228331      58
-0.5137116163268655       0.05742489839620085      58
-0.5235661751959368       0.0945219333022216       58
-0.5330813458239034       0.13444232496601716      58
-0.5341062021817506       0.13847528780391033      58
-0.5415282037065451       0.15713534885117703      58
-0.5543051463426607       0.17715179725624874      58
-0.5829219070125837       0.20985941026593716      58
-0.5963419728118385       0.22216771399979285      58
-0.6152625698254408       0.2362983328571837       58
-0.6355938642031693       0.2472865964288481       58
-0.6441593298549186       0.25032572052138347      58
-0.6619014532144588       0.2514693434032188       58
-0.6796013635828717       0.2451867139440847       58
-0.6861399459952773       0.24121486743432566      58
-0.7112549539938589       0.2215436131558257       58
-0.7243232354943477       0.20826160150030965      58
-0.7275277431887455       0.20474522583180202      58
-0.7435704140292995       0.1849509455674901       58
-0.7561299944228002       0.16567339628730446      58
-0.7581720337574185       0.16199740310531427      58
-0.7672006978456158       0.13634624249447566      58
-0.7704696377684402       0.11752663881423052      58
-0.7745695606188787       0.09200843555562485      58
-0.7783747058616697       0.06172783114253796      58
-0.7796495650042493       0.04815609793741226      58
-0.7819361456879967       0.020841864548576644     58
-0.7840986996718345       -0.0094359821040069      58
-0.7843707377307297       -0.013653843255189927    58
-0.78572755126648         -0.035148869178741854    58
-0.7863444243967206       -0.045013805145855096    58
-0.7879070768073523       -0.06922216975178914     58
-0.7880629639900633       -0.07155727720304203     58
-0.7894108935608355       -0.08990912775397675     58
-0.7909725682953717       -0.10817684852776974     58
-0.7921717615218488       -0.12072214544832725     58
-0.7922417739197293       -0.12142060199104232     58
-0.794185895551797        -0.13820132186314893     58
-0.796619377624881        -0.1548015981547613      58
-0.7986944892556312       -0.16690978173600143     58
-0.7993418983183731       -0.17040626254152558     58
-0.7994924419462667       -0.17119254325269243     58
-0.8015540504387976       -0.18091393730699828     58
-0.8029745098753455       -0.18681088589939718     58
-0.8075950810978038       -0.20337489542753834     58
-0.8082628599451717       -0.20549882487925425     58
-0.8109282650196136       -0.21321587664020475     58
-0.8112503933127881       -0.214080123110055       58
-0.816051174409633        -0.22577659285981191     58
-0.817512122015092        -0.22893431846886897     58
-0.8199855095932038       -0.2338231565234655      58
-0.8226967936897914       -0.23867191091467588     58
-0.8241197912164857       -0.241054428278427       58
-0.8250372788556103       -0.24253453367266953     58
-0.8277704211869796       -0.24666993050237973     58
-0.8318255231488673       -0.2522141720928068      58
-0.833963668001331        -0.25487138242179713     58
-0.8364778549935188       -0.2577495519864078      58
-0.8391878366442455       -0.26061169260758743     58
-0.8391979204928071       -0.2606219393207959      58
-0.842189594545072        -0.26351966404460514     58
-0.8470931735558997       -0.2677753000806935      58
-0.8490934103884274       -0.26934327072348063     58
-0.8524449562107459       -0.2717199404629131      58
-0.8561533205957274       -0.2740700617596516      58
-0.8570193791209642       -0.27458794256885677     58
0.552475744236099         0.6                      59
0.5951239933811412        0.5728706251029533       59
0.6383937294636064        0.5511916392848086       59
0.6494536953316528        0.5462614260413734       59
0.6607562088223718        0.5405109111101049       59
0.6704643011724816        0.5347304101803292       59
0.678786363010419         0.5288448884324268       59
0.6859019967640784        0.5227816783731652       59
0.6927613303289694        0.5158989616725905       59
0.6989018143753736        0.5089549493026297       59
0.714925599256927         0.48532163089403824      59
0.7233066241490906        0.4621956302976819       59
0.7262190091425287        0.44234577521446145      59
0.7266673816370508        0.42842431506893836      59
0.726504413548735         0.420857181732857        59
0.724415144980606         0.39111233956121405      59
0.7203749555259257        0.3625893760715663       59
0.7155403641895383        0.3422960283207691       59
0.7137226205136022        0.3366039288911568       59
0.7056119457616622        0.3145506001468991       59
0.696425720977103         0.29464917234113497      59
0.6860001988047155        0.27659595849169444      59
0.6807224159115725        0.26894328997223704      59
0.6679581628740102        0.2529907585232294       59
0.6509889552108972        0.235540423872468        59
0.6322934431707109        0.2203321268432677       59
0.6302574641438405        0.21888446765368086      59
0.6146566241928584        0.20846155574258865      59
0.603525621978934         0.20177852328161397      59
0.5783266970137905        0.18888647447725274      59
0.5597627475891305        0.18072686976455063      59
0.5296825406329007        0.16876248922358061      59
0.4948716500887899        0.1566111713424675       59
0.4922211524208502        0.1557384823865108       59
0.47099510617710505       0.1479899212896637       59
0.45234485026884785       0.14066371350073076      59
0.4318395678927037        0.13283764805006046      59
0.40199356333604586       0.12173569141898995      59
0.3751526695516335        0.1124084452691003       59
0.3401840724903767        0.10193178417478096      59
0.33495597094768914       0.1005052102394154       59
0.3037058474894842        0.0919178054325676       59
0.285239212861643         0.08684113856304158      59
0.24609769402844892       0.07625151119194508      59
0.20423639325150725       0.06515295791117648      59
0.1895150934303113        0.06123426846567363      59
0.1798316753655779        0.058496093104807315     59
0.1611736905178034        0.05262611727610657      59
0.13247149743253223       0.04241153901789334      59
0.11538487179420176       0.035888854366987584     59
0.06064083023688479       0.014294221942830783     59
0.05889988014670395       0.013602403198379916     59
0.027838714263936727      0.0034528497577281667    59
0.011970898308265974      -6.199263605269089E-4    59
-0.007396793311498        -0.005043666199018182    59
-0.03000902659258676      -0.009700703792593789    59
-0.03932423749343621      -0.011854610292519522    59
-0.061510452607268215     -0.019515824368218776    59
-0.07751453179270007      -0.026880509552095463    59
-0.10186588896885021      -0.04035605446795051     59
-0.11259785171147949      -0.04746795629692893     59
-0.12885336477296         -0.059101232229702774    59
-0.14460902537252313      -0.07094883947507874     59
-0.15657668273666742      -0.08063177533871191     59
-0.16559500124821894      -0.0886874040243263      59
-0.17276093555384192      -0.09577026291509858     59
-0.18009275207986142      -0.10315783576978542     59
-0.19474984912126983      -0.11656004895737992     59
-0.20859389733939662      -0.12716295048415524     59
-0.22193323728247055      -0.1351017412648936      59
-0.232529270536822        -0.14017157699516047     59
-0.2359196162680573       -0.14166807433551598     59
-0.2628638250321551       -0.1503440881827931      59
-0.2888858151525939       -0.15312542825205164     59
-0.29847880742510347      -0.15294418948383304     59
-0.3134543064553712       -0.15193545339285067     59
-0.3215376274650469       -0.1509787802777068      59
-0.35002386447641165      -0.1443621508512837      59
-0.37781450603304934      -0.13226791242125588     59
-0.3909082757627895       -0.12451098595180142     59
-0.4147401564304992       -0.10700200870202664     59
-0.4369939948559729       -0.08608943405857525     59
-0.44323629931450126      -0.07910945205831008     59
-0.4570000614536913       -0.06006313444349577     59
-0.46476854236393184      -0.04693272178458114     59
-0.47721624067231433      -0.022742645121899524    59
-0.4887924074090801       0.0039617042989128805    59
-0.4996305569467071       0.03346184299311627      59
-0.5004443851179067       0.03589758110625318      59
-0.5026303956050157       0.04252682326329897      59
-0.5081811365265723       0.05992495905699169      59
-0.5188968781069866       0.09699972536193906      59
-0.5291496883486367       0.1369259044251942       59
-0.534963256316107        0.15356297607642938      59
-0.5462908355812988       0.17314450578968307      59
-0.5502064138840779       0.17856991550836634      59
-0.579004582074251        0.21212093406373234      59
-0.5799004931140945       0.21300757829588327      59
-0.5955225586542777       0.22713337930456715      59
-0.5999272626937422       0.2306796478993357       59
-0.6203373722645144       0.24424446864750993      59
-0.6401032092369975       0.2532772800353251       59
-0.64198616863747         0.2539286368712509       59
-0.659485603202411        0.25621305155169904      59
-0.6768668236140178       0.25124422057416074      59
-0.6887965453763024       0.24450079895887392      59
-0.7133411841980332       0.2255369601297244       59
-0.7149680431424117       0.22398690443428204      59
-0.7288182699053971       0.20978837959045782      59
-0.7378624593492868       0.19935666873188831      59
-0.7520145899565869       0.18021908976033024      59
-0.7630136816607062       0.16146363987582482      59
-0.7712415687761545       0.13811461356867627      59
-0.7729731680221505       0.12904706837644056      59
-0.7776098522388075       0.10357228595299042      59
-0.7832642165278619       0.06286934051298594      59
-0.7850779089647112       0.043971973549551964     59
-0.7868688128105068       0.0229518874520022       59
-0.7891161271626207       -0.007302116757588957    59
-0.7897764836345962       -0.017140328843655926    59
-0.7911814895444605       -0.038600102487098685    59
-0.7914475416648017       -0.04272049829774139     59
-0.7930557856551977       -0.06698497898407112     59
-0.7936836329558641       -0.07587515236795186     59
-0.7951433785114561       -0.09423961288051551     59
-0.7968183025163105       -0.1125205633392779      59
-0.7973928501467704       -0.11828776823638117     59
-0.7993104147052591       -0.13479922530946814     59
-0.800204004900056        -0.14137580186062682     59
-0.8038300677174921       -0.1643761359056168      59
-0.8053167200108117       -0.17239898836103987     59
-0.8068716080734272       -0.1797905381374376      59
-0.8092666441616871       -0.18961734499876212     59
-0.8120202235292499       -0.19938241011476934     59
-0.8129114493192992       -0.20229412235772465     59
-0.813278012399289        -0.2034591727216123      59
-0.8165722299137217       -0.21299257885026648     59
-0.8215277723733989       -0.2251288399704104      59
-0.8220192494393661       -0.22622263561292127     59
-0.8244697233381324       -0.23131506842268787     59
-0.8271656654898348       -0.23636186388178        59
-0.8293703175746443       -0.24015989119036096     59
-0.8311001003433356       -0.24294254583571429     59
-0.8332745360114437       -0.2461955102814713      59
-0.8363118608386754       -0.2503987964178049      59
-0.8385671222867536       -0.25327334168071314     59
-0.8393325817382329       -0.25419951470050123     59
-0.8433428745765235       -0.2587704973475932      59
-0.844336192613174        -0.25983048268428305     59
-0.8465125310106654       -0.262022185012651       59
-0.8488570345768454       -0.2642168909789984      59
-0.8503905163409528       -0.26557819069021316     59
-0.8523354832931841       -0.2672058323742149      59
-0.8553747115676829       -0.26955454926803746     59
-0.8589254422961881       -0.27210192474694095     59
0.09773124401951906       0.7642943925460945       60
0.10057557036390476       0.765064291516545        60
0.10082544257071334       0.765128167786008        60
0.10613725197523147       0.7663885775885142       60
0.11105935033457522       0.7673673586701053       60
0.11115020810568423       0.7673834954177573       60
0.11572479547633889       0.7681136732641337       60
0.11756931492096148       0.7683629892492045       60
0.12183082019771685       0.768850636278564        60
0.12362805786287429       0.7690221819019485       60
0.12858886086912963       0.7694221826375515       60
0.13339661367796118       0.7696981713416097       60
0.13589599968484828       0.7697886241975607       60
0.13878860313758282       0.7698523139989046       60
0.14428180181672245       0.7698862718061996       60
0.15414049922224798       0.7696333803283697       60
0.16333207075923237       0.7691490498324088       60
0.17871967190961208       0.7681228050950122       60
0.19473504733765012       0.7667398744301303       60
0.21019255830087438       0.7650592113336713       60
0.21120220304917153       0.7649372335015292       60
0.21418214127050011       0.7645748624756614       60
0.21595447543580543       0.7643569849878236       60
0.2429609351629233        0.7607914781670535       60
0.2687830136353245        0.7569106371889177       60
0.28331447021048284       0.7544878329418643       60
0.2862130764356059        0.7539781572138468       60
0.313061000543571         0.7486072407586275       60
0.33882290735673926       0.742233477233318        60
0.3588820210835233        0.7364080268048343       60
0.3670685904015079        0.7337604892918959       60
0.3858896431094754        0.7266823714162447       60
0.4165660369180863        0.711850616178793        60
0.4287217439273798        0.7044603495770491       60
0.44690316321617807       0.6910338207064156       60
0.46596213028248956       0.6740067446789944       60
0.4846531456051597        0.6537691899970348       60
0.48513079605256837       0.6532026184458866       60
0.49407644396704564       0.6435697089345029       60
0.5062509027360876        0.6323539968898944       60
0.5223677904360409        0.6191848944646894       60
0.5433033985584484        0.6036077078633972       60
0.549297372089817         0.5993729569974069       60
0.5508615591248043        0.5982768817503885       60
0.5925962428706252        0.5712918806971589       60
0.6364971826613026        0.54866291021507         60
0.6389847434022445        0.5475626057024994       60
0.6516849869471406        0.5414605735803846       60
0.6626007017610522        0.5353587339253423       60
0.6719657888253434        0.5291762858603868       60
0.6799819039805617        0.522835407839168        60
0.6868227428279704        0.5162600780427976       60
0.6876846824534086        0.5153347473588074       60
0.6960035547389151        0.5057019742417597       60
0.7117193042211015        0.48121144754093104      60
0.7196446982383842        0.4570851225942022       60
0.7217477997631375        0.44116848504983225      60
0.7222305526927683        0.43014406579698544      60
0.7213893172117588        0.40131802867747485      60
0.7184148952954267        0.3721090112725255       60
0.7180099002922748        0.3692960029540924       60
0.7117754039790791        0.34260242992456635      60
0.7042756455567645        0.3220053663097969       60
0.6948660840707496        0.3011718332787101       60
0.6841889601542979        0.28228346299758933      60
0.6757062784662619        0.2701743261612888       60
0.6666867989972387        0.25921413286110395      60
0.6492743538612415        0.24131585289943425      60
0.6300901855072002        0.2257175300286588       60
0.6174360009092389        0.21704434926344487      60
0.6011379662497073        0.20695541054614872      60
0.6003013046045897        0.2064690795929702       60
0.5748256548498686        0.1932434578148323       60
0.5618799568340715        0.18739847687218844      60
0.5595212766186599        0.18636754598642086      60
0.5256951829882246        0.17261670510070642      60
0.49094573348550113       0.16030622942403555      60
0.470745511359476         0.15302298997815028      60
0.4585270147134599        0.14827861524984481      60
0.43780578648857527       0.14042985063213248      60
0.39858343456245693       0.1260029516352646       60
0.3767752644403916        0.11845590179658987      60
0.3417088037459765        0.10786125195696103      60
0.3317023689511197        0.1051031322738264       60
0.3003753523037523        0.09640085686117796      60
0.28988236086413155       0.09347868414335486      60
0.2512011735391044        0.08285934411745077      60
0.20982824373866416       0.0717396457151709       60
0.18928534646705097       0.06617082748655932      60
0.1759634969045517        0.06225523402242122      60
0.1730947089690107        0.06135270995541962      60
0.1466521749747027        0.05232083894693667      60
0.11652771793372767       0.0407244814004068       60
0.11298224909896343       0.039289179100976984     60
0.05793441032463789       0.01667024485984974      60
0.029131598691192032      0.006607769619188005     60
0.02756941747963053       0.006150253147241674     60
0.010825507983815076      0.0016029552150275143    60
-0.0087258018792941       -0.003075841788310009    60
-0.03155312241395894      -0.007969453358920584    60
-0.033831512576184865     -0.008453580831754938    60
-0.05589189308652599      -0.015065858940455253    60
-0.07811185076949703      -0.024416629148971507    60
-0.1024831733953169       -0.037165587357629495    60
-0.11719644755799229      -0.04654368397472656     60
-0.12442619321399533      -0.051568696528825016    60
-0.14168920690034337      -0.0639204719265522      60
-0.1548681326945488       -0.07388489869420223     60
-0.16487282372697062      -0.08204001929178308     60
-0.17699099830912596      -0.09289968100920548     60
-0.17919545765591527      -0.09497233249053583     60
-0.194845367798005        -0.10847397939356634     60
-0.20973066346538388      -0.11897880466063548     60
-0.22418795891483712      -0.12661039713865296     60
-0.22522787042706952      -0.12705625505637275     60
-0.24035427869700987      -0.132964068237269       60
-0.25477934571976324      -0.13744162688066933     60
-0.2687099853259498       -0.14051616627178784     60
-0.2823515981528768       -0.14219354659266492     60
-0.29591127641275405      -0.1424576935907243      60
-0.29918944061927777      -0.14230203746328293     60
-0.31382097970943357      -0.14084834703500396     60
-0.3441459464829583       -0.13388520360448014     60
-0.37371926552297774      -0.12110325219696763     60
-0.3743074309083972       -0.12078227221715059     60
-0.4007157702463857       -0.10395068729314837     60
-0.4251370448580714       -0.0836208685925952      60
-0.43666193227934436      -0.0715240348820105      60
-0.45121548829241054      -0.05167760052577049     60
-0.4529352127223617       -0.04892854074921746     60
-0.4665732163362685       -0.024845157271811243    60
-0.47921465980750794      0.0017298002531417854    60
-0.4910056062750596       0.03107654583750898      60
-0.4944090829380966       0.040805651998586615     60
-0.5030951415888303       0.06695988707017217      60
-0.5134387054918913       0.09989613921366347      60
-0.5245537792097184       0.13982908345476905      60
-0.5277630920612527       0.1496449445633033       60
-0.5375010691994236       0.16874947334534485      60
-0.5466855674210569       0.1822503277883415       60
-0.5742825812548242       0.21484700795202438      60
-0.5793780786066132       0.21983201431109461      60
-0.5945453580363317       0.2330552335458785       60
-0.605936342632607        0.24141187589257854      60
-0.6255596391739566       0.25242150459993423      60
-0.644743587583966        0.2594420419425397       60
-0.6569588270326331       0.261174571781095        60
-0.674006724520884        0.2575798636500214       60
-0.6919034383030477       0.24834369581577537      60
-0.7157810303830504       0.2302071793414967       60
-0.7208547460221999       0.22536584992055603      60
-0.7340681704751104       0.21157155463036167      60
-0.7485901616130782       0.1937632073052431       60
-0.7607798626359548       0.17530730123456345      60
-0.7701591267816142       0.15709380400574352      60
-0.7757371888631981       0.14008199254691583      60
-0.7807480600611076       0.11550856388601655      60
-0.7819980521636221       0.10900993281589064      60
-0.7886009944736361       0.06411526928766303      60
-0.7888811617822199       0.0614651626577534       60
-0.7910303271605094       0.03938389690570059      60
-0.7922569935713561       0.025256763197885175     60
-0.7945968955995256       -0.0049711968069315075   60
-0.7957170069994878       -0.020971724079016055    60
-0.7971749728393089       -0.04239275801893254     60
-0.7986873870316842       -0.06453796421216107     60
-0.7995243121707811       -0.07594891099803652     60
-0.8010526108264325       -0.0943486865216982      60
-0.8027972644311246       -0.1126651931055922      60
-0.8031219699696297       -0.11584926632837136     60
-0.8033024466514953       -0.11759126769456357     60
-0.8057897889483518       -0.1383802306449404      60
-0.8093183819041552       -0.16166846734244553     60
-0.8099075977644329       -0.1650757381379429      60
-0.8117035957279434       -0.17452914266567213     60
-0.8123652120430978       -0.1777022209437924      60
-0.8147064555543662       -0.18772327722558527     60
-0.817412952326396        -0.19767831950435685     60
-0.8187983669088025       -0.20231375323717402     60
-0.8195206840317304       -0.2046096488940862      60
-0.8218873939650146       -0.21145491505069705     60
-0.8220427080040161       -0.21187465894938962     60
-0.8271573343867983       -0.22446299502718636     60
-0.8274105904614962       -0.2250327179807737      60
-0.829914321745269        -0.23031979502032074     60
-0.8302210347598377       -0.230929607769493       60
-0.8324687303655174       -0.23519240733459587     60
-0.8349174386918272       -0.23949092647108466     60
-0.8362461222920385       -0.24168060258832527     60
-0.8384719463786205       -0.24511499099870226     60
-0.8408473131564005       -0.248536492475757       60
-0.8408942523234713       -0.2486020950056444      60
-0.8428922957844293       -0.2512951951142437      60
-0.8434024194583076       -0.25195487334739175     60
-0.8474932420785727       -0.2569322321775263      60
-0.8493122088016236       -0.2589616713765317      60
-0.8516081228062379       -0.2613383142502438      60
-0.8517604166305032       -0.2614897874798646      60
-0.8553616863321645       -0.2649412390982662      60
-0.8573447489895072       -0.2667214827375529      60
-0.860831505471412        -0.2696159069250251      60
0.09819131655510155       0.7631815456195138       61
0.09875078170606047       0.763326414973119        61
0.10148116036749122       0.7640033148364139       61
0.10683003156328957       0.7651845559942791       61
0.11179232352180035       0.7660791530877767       61
0.11378043544087042       0.7663782910897123       61
0.11754827063720807       0.7668702905605533       61
0.12185619525189893       0.7673147537387887       61
0.12463003853991811       0.7675409329955761       61
0.12961827376039406       0.7678593443463456       61
0.13445574258699716       0.7680500245327622       61
0.13598125359340327       0.7680836472367345       61
0.13677682341984174       0.7680969778922736       61
0.1433091835744169        0.7681197129405151       61
0.1532439110800805        0.7678154111402345       61
0.16417352697861132       0.7671693267759353       61
0.17573471870580018       0.7663320077105612       61
0.19186866329380953       0.7648789881263016       61
0.20744103967299543       0.7631223628998199       61
0.21164701721097634       0.7625960743149861       61
0.22452524775772081       0.7609381637548543       61
0.24432527587313826       0.7581866888390381       61
0.27011223266821915       0.7541820891313367       61
0.2817666584924466        0.7521925286008696       61
0.3012676403424397        0.7484514758828986       61
0.32754791530202726       0.7423688433591045       61
0.357542836705801         0.7339211208911218       61
0.3694589757165363        0.7299917271760084       61
0.38377483113949706       0.7245437059073581       61
0.41488369101747935       0.7096650956737489       61
0.42902972466832695       0.7010361019087425       61
0.4475263732059421        0.6871885205158135       61
0.4669334731905515        0.669656761313947        61
0.48318845132991156       0.6521726118510949       61
0.4877336895336762        0.6471219702210588       61
0.4984006423209994        0.6366811884698462       61
0.5126682707629265        0.6244638483974588       61
0.5313351151294562        0.610055466568317        61
0.5479644763915553        0.5981834470040349       61
0.552481520561847         0.595036958876306        61
0.5907569191307006        0.5701431035323357       61
0.6351171558181297        0.5468228744241728       61
0.6473747523518875        0.540958441706076        61
0.6588455395399662        0.5346140819397207       61
0.6686881800354342        0.5281913999752934       61
0.6771145349718118        0.5216092789594166       61
0.6843071028830893        0.5147885534389882       61
0.6880133119001391        0.5107169907920007       61
0.6940032830886345        0.503456891119641        61
0.7095064379264739        0.47837475094713505      61
0.7171173723589241        0.4535580391165104       61
0.7187362723507035        0.44037553591631257      61
0.719202374975097         0.43131781193415103      61
0.7190649167185799        0.4091579027969801       61
0.716909203195784         0.3794218679340354       61
0.7155990741647472        0.3696953454493433       61
0.708999566090825         0.34282833435204996      61
0.7033094560960442        0.32739541000830286      61
0.6937384147521747        0.30588793392034364      61
0.6828793744126602        0.2863957177822925       61
0.6720274561928132        0.27107716492938094      61
0.6657833770744781        0.26363641739593074      61
0.6480559706144191        0.2454198307547445       61
0.6285245666383035        0.22954435835804693      61
0.6240470946542772        0.22638846512360686      61
0.6076861766784859        0.2156450681876197       61
0.5908579743041947        0.20581009267855435      61
0.5723043508255369        0.19638117484554465      61
0.5634352220315807        0.19229932376332917      61
0.556608210818865         0.18925848555886243      61
0.5228293415882412        0.17538685325631304      61
0.48812405172600004       0.1629619857843004       61
0.47056627207668694       0.15663734235342086      61
0.4629238055059173        0.1536943770264741       61
0.44204899535549236       0.14582946863103885      61
0.39612918523361834       0.1290740733485786       61
0.3779403645988615        0.12279826267011165      61
0.3428036331700248        0.11211889131015228      61
0.3293756758303393        0.10839116614478755      61
0.2979936718629339        0.09960674526733394      61
0.2932330416156209        0.0982686017167714       61
0.25488404786333685       0.08762781985431901      61
0.2138635460341081        0.07649286228916147      61
0.1891212246544848        0.06969730288734777      61
0.17323944032471716       0.06490250395950356      61
0.1644144527283987        0.061975901456006705     61
0.1372255657109312        0.05212266820385939      61
0.10617784921121957       0.039629331729677704     61
0.055971545911923576      0.018393484777832272     61
0.03010763182813229       0.008989503256211775     61
0.026842871775414185      0.007986767180543936     61
0.009983907452062717      0.0032362659529234818    61
-0.009702319921644845     -0.0016299398672857486   61
-0.03268768050878697      -0.0066973793292462195   61
-0.05220468646385211      -0.012145547793915686    61
-0.05463914595831741      -0.013012596553423962    61
-0.07856291092141818      -0.022556051614824872    61
-0.10294931028029182      -0.03475633428618473     61
-0.10384971171296814      -0.03526876058643595     61
-0.12084874463837711      -0.04580960835326992     61
-0.12116971251316756      -0.04602801286398369     61
-0.13954148518277856      -0.05875063764855673     61
-0.1536113798977678       -0.06892211979777035     61
-0.16434161387228247      -0.07715042334904784     61
-0.1804316829670822       -0.09056478252320183     61
-0.19491673788635366      -0.10243219239555437     61
-0.2105800376570804       -0.11286373658755593     61
-0.22587265229214043      -0.12026579521151132     61
-0.2298721568940662       -0.12177165208750639     61
-0.2458538080443402       -0.12700043488703724     61
-0.26124725103183183      -0.1306838602143088      61
-0.27627817773941116      -0.1328330829936491      61
-0.2911734275042145       -0.13343531621580576     61
-0.3067467070748209       -0.13229214665554162     61
-0.30725087569491893      -0.13222309910033744     61
-0.33914137275757517      -0.12496492690583111     61
-0.37023249808616654      -0.11159744329090089     61
-0.38777854173220255      -0.10113590154647528     61
-0.41419923484697385      -0.08134366407780641     61
-0.43083916384751053      -0.06480580216998559     61
-0.44609222246088326      -0.04425072248274241     61
-0.45654713055426766      -0.02682579421363551     61
-0.4701921004277937       -3.727281930542073E-4    61
-0.4828806135503313       0.02882951593862116      61
-0.4888836859514032       0.04529905420298622      61
-0.4934893902682385       0.05917446810619162      61
-0.5035160633114255       0.08908898051914765      61
-0.5080158175340879       0.10277382903862348      61
-0.5199875805783915       0.142713494723715        61
-0.520969114469766        0.14594794302823827      61
-0.5292071645440395       0.16460238018416298      61
-0.5429318140304924       0.18617420240762317      61
-0.569248216146223        0.21775341389973807      61
-0.5788292334730512       0.22700172044026334      61
-0.5935187177038131       0.23927669339330565      61
-0.6113204944627891       0.2510279811166106       61
-0.6302388044079414       0.2597481508646905       61
-0.6489013790967689       0.26496568523619624      61
-0.6546357802366773       0.2657360536447545       61
-0.6713772300235517       0.26340467533050865      61
-0.6719377425290032       0.26320445377292034      61
-0.6951335160800168       0.25233895926042293      61
-0.7183176137566223       0.23506256755254856      61
-0.7269654962065724       0.22679727792984444      61
-0.7395178817191518       0.21342259712840703      61
-0.7451568656090299       0.20677025436259924      61
-0.7585128077714893       0.18858950494358656      61
-0.7688873489494885       0.1707641159048744       61
-0.776768344844872        0.1530519007124814       61
-0.7801271802213242       0.14200314614650883      61
-0.7836032659774416       0.12636843464766784      61
-0.7869711278052023       0.1099377354274279       61
-0.7937162911747497       0.06530949086024515      61
-0.7946242947618072       0.056893768292404584     61
-0.7967632058627732       0.03496503955887251      61
-0.7974259769770049       0.027467873962601135     61
-0.7998547001086868       -0.002735101345475151    61
-0.799890419163653        -0.003218663407074333    61
-0.801451256764758        -0.0246700812572516      61
-0.8029603435996943       -0.04605372065762892     61
-0.8040973315898492       -0.062187262632977164    61
-0.8053918372728739       -0.07901643467245566     61
-0.8070213181249869       -0.09743662150185986     61
-0.8086604065021432       -0.11424857127400045     61
-0.8096258713223506       -0.1233593925551994      61
-0.8110899634623323       -0.13553782748812        61
-0.8145260703370341       -0.15909924594277378     61
-0.8158850417809089       -0.16695270876221857     61
-0.8177651837894093       -0.1765508068523428      61
-0.8190895283126027       -0.1825800658027951      61
-0.821629405020268        -0.19273750795014194     61
-0.82180852313766         -0.19340025366134417     61
-0.8244128536929773       -0.2024840959671349      61
-0.8263305615778211       -0.2084447702028753      61
-0.8289010542423368       -0.21549449094585665     61
-0.8318073482825813       -0.22257505110963016     61
-0.8323627341014705       -0.2238473185199866      61
-0.832607353048672        -0.2244000003755544      61
-0.8332571355204017       -0.22583704453920211     61
-0.8353938026899776       -0.23028416723099224     61
-0.8367612385297237       -0.23294481506095838     61
-0.8397367595209699       -0.23835657477352926     61
-0.8406767716876634       -0.23996875277261648     61
-0.8416271373880435       -0.24154656444696254     61
-0.8450098979238656       -0.24680868593158498     61
-0.8459577725480812       -0.2481902508350146      61
-0.8480452872259526       -0.2510711571065454      61
-0.850305875814036        -0.2539848220667438      61
-0.851321344287983        -0.2552367035392695      61
-0.8522253706947341       -0.25631691557603825     61
-0.8529845477053283       -0.25719667324533124     61
-0.8563782768217902       -0.2609095230084589      61
-0.8602291545394294       -0.26478929250724176     61
-0.8627375686466361       -0.2671298891031092      61
0.09842834944473071       0.7619740367977962       62
0.09963265500287516       0.7622582999272373       62
0.1003675851566823        0.7624307364912718       62
0.10457573918670893       0.7633512375238913       62
0.10855418583667353       0.7641036088427398       62
0.1123192728816074        0.7646914880612565       62
0.11380553499961836       0.7648922055460625       62
0.1175266639668597        0.765337701052023        62
0.12188224842801113       0.7657378263356291       62
0.12389884423433778       0.7658817565948506       62
0.12896940941977536       0.7661605232001003       62
0.12913494955324561       0.7661675094592304       62
0.13481948059244847       0.7663147840000653       62
0.13784829931387804       0.7663340997001669       62
0.14231299504172967       0.7663103435417468       62
0.15232559515002606       0.7659533855486677       62
0.15372146026657935       0.7658711642169083       62
0.1650454265670917        0.765117978555442        62
0.17271102319006637       0.7645179672043194       62
0.1889650758711784        0.7629939490024082       62
0.20465380852781379       0.7611603757180415       62
0.21210308437895145       0.7601956879701449       62
0.2139763933814113        0.7599518241599171       62
0.2358633921260963        0.7569516037042794       62
0.24573307276011833       0.755498933295452        62
0.2714837892028978        0.751366632968018        62
0.28018416290802034       0.7498457903366426       62
0.28859756503628936       0.7482841314897931       62
0.31543474348558936       0.742514272564892        62
0.32275093418234063       0.7407240097435488       62
0.35619160894938684       0.7314118500587408       62
0.37190982987248694       0.7261276278458959       62
0.38163676230742494       0.7223815212159108       62
0.4131828441403513        0.7074555407156616       62
0.4293416747582374        0.6975677215005501       62
0.44815761531459475       0.6832936609330375       62
0.467917335059871         0.6652507140472904       62
0.4817320139709113        0.6504832101965364       62
0.49097252625730636       0.6407756871980591       62
0.5034903385563103        0.629458928870475        62
0.5200104209546171        0.616156499843439        62
0.520504579253463         0.6157787513447446       62
0.5465869963729685        0.5969541488302074       62
0.5541358559303539        0.59172828813929         62
0.5889028659684634        0.568985126886401        62
0.6337260776316104        0.5449681035088138       62
0.6414832982883778        0.5412596516058044       62
0.6537321943810708        0.5346768580087063       62
0.6642462718648325        0.5280285145072368       62
0.6732516242987936        0.5212298767278997       62
0.6809430459197245        0.5141984544500157       62
0.6894065548906895        0.5046880080880392       62
0.6920635288968158        0.5012797321340112       62
0.707360521060465         0.47562387753053725      62
0.7146665097632938        0.45013766620876816      62
0.7158683262012208        0.43962039239518097      62
0.716289151980645         0.4324470006922913       62
0.716539116693108         0.4176770690546261       62
0.71527304920477          0.3873683528862259       62
0.7131347236376082        0.37010355402043865      62
0.7061620999272303        0.3430592542382231       62
0.7023383355222941        0.3328129627159608       62
0.6926049901805189        0.31062810398756374      62
0.6815631049763873        0.29052896016205787      62
0.6682860594065901        0.27199536043172884      62
0.6648874690098527        0.2680219213105475       62
0.6468477207932308        0.24948967538102818      62
0.6269719691913798        0.23333935854108034      62
0.6142892067366296        0.2246402346283098       62
0.597415180327553         0.21417098922131256      62
0.5800284703807347        0.20460355240046382      62
0.5697753582464838        0.19952846014286227      62
0.5650217075453726        0.19729855001140514      62
0.5536896630780537        0.19215486543416935      62
0.5199581071162853        0.17816221440394864      62
0.4852970599961671        0.1656227398688617       62
0.47038677545518326       0.16025688395272508      62
0.46729211778073354       0.15907506029367005      62
0.44626472047249344       0.15119411268560787      62
0.4436643702121095        0.15023689982417404      62
0.39366697427082153       0.1321551578422189       62
0.37910701519541323       0.12714640206972186      62
0.34389991952051885       0.11638219644764536      62
0.32705377820520803       0.11167242312197627      62
0.295616900250913         0.10280602608791674      62
0.2585879873917259        0.0924235701887072       62
0.2179219293416096        0.08127326618172795      62
0.1889576008217279        0.07321307822630327      62
0.17055558541411694       0.06751070544581861      62
0.15629971365714326       0.06255849213979711      62
0.12841309838487483       0.051937408249884465     62
0.0965022726179885        0.038605530867629356     62
0.05399345473307461       0.02013009259380058      62
0.031127111741763844      0.01147725650009786      62
0.026102067057370233      0.009859324203083901     62
0.0091257898677006        0.0049016316603324415    62
-0.01069800287569869      -1.5566101778014777E-4   62
-0.033844505171938113     -0.005400339876095064    62
-0.04872541768891664      -0.009389925876019774    62
-0.055096341422748066     -0.011511768958684228    62
-0.07903418911470111      -0.020612076703669997    62
-0.10343634099678935      -0.03223909034469149     62
-0.10837372979056552      -0.03495961841702736     62
-0.12484213552164643      -0.04500697624809331     62
-0.13733120053767048      -0.05343020659412661     62
-0.15231801801261113      -0.06381477562830046     62
-0.16379492992550077      -0.07211839394569351     62
-0.16556939698098125      -0.07344012379240777     62
-0.1842723130568118       -0.08795847526947737     62
-0.19499079774120137      -0.09616270501725703     62
-0.2114614227135298       -0.10651820634721226     62
-0.22762083769966596      -0.11368208053974024     62
-0.23706515946236542      -0.11671937725824874     62
-0.2538989711234685       -0.12100235016617661     62
-0.2702979040970161       -0.12361617885546757     62
-0.2865082419875711       -0.12455131314443384     62
-0.295007415266453        -0.12434683009441105     62
-0.31468280448426383      -0.12178047964268211     62
-0.3344062245269005       -0.11652488091100242     62
-0.3669334437480392       -0.10260338771441864     62
-0.37463641977456164      -0.09827653661164044     62
-0.403088197196386        -0.07903039432122486     62
-0.4074429304055843       -0.07553136536404328     62
-0.42511996694726195      -0.058207068912503615    62
-0.44106008587399304      -0.036955948806019705    62
-0.44612663976259276      -0.028884345223740934    62
-0.4608146126446314       -0.00255796566151446     62
-0.47443600079602694      0.02649409263593928      62
-0.4832991168057144       0.049840576806754355     62
-0.483548473679965        0.05059237961955855      62
-0.4934299738724741       0.08018369664558732      62
-0.5039376136853366       0.111251124017493        62
-0.5150144961421378       0.14585493072935157      62
-0.5207593430553246       0.16037832599275237      62
-0.538529568482198        0.19077595904358435      62
-0.5633441225412645       0.2211619256781118       62
-0.5647233988068359       0.2225856180467947       62
-0.5781973658147697       0.2352559713124535       62
-0.5923367798799386       0.2464392589778279       62
-0.5980492117266792       0.2503820866092751       62
-0.6166620821884807       0.2605680667705321       62
-0.6348809787686694       0.26701687674625396      62
-0.6530263014264616       0.2704456616835747       62
-0.6687223940461151       0.26928562302856934      62
-0.6762150292386151       0.2669512411773538       62
-0.6986863770287186       0.25673347123579304      62
-0.7211076790842571       0.24040315696151957      62
-0.7336750336145685       0.2283689703547348       62
-0.7455016055421588       0.21545502170963093      62
-0.7568923662654148       0.20100083857568027      62
-0.768118290903864        0.183581172491392        62
-0.7767356911948275       0.16636614692010038      62
-0.7831663088165102       0.1491391910092131       62
-0.7846123965545054       0.14396597222075616      62
-0.7863414012257834       0.136783023225957        62
-0.7919717875045469       0.1108706842628877       62
-0.7988599607882922       0.06651033639739583      62
-0.8004275439430716       0.05227452289059419      62
-0.802556093430144        0.030499927855687965     62
-0.8026286749550813       0.029693406645163532     62
-0.8051467985238289       -4.844210040766696E-4    62
-0.8056464174663615       -0.007001732597500782    62
-0.8072583429206697       -0.028415414936196027    62
-0.8088192000891578       -0.049761184811918116    62
-0.809550069919592        -0.059817966521936154    62
-0.8098157022026589       -0.06338512063810249     62
-0.8113277638079798       -0.08191101004092317     62
-0.8141867627348468       -0.1126513676158103      62
-0.8144120224989527       -0.11491160183635245     62
-0.8159737995791218       -0.12914986918729562     62
-0.8164014480592102       -0.13268935890548206     62
-0.8197448714960553       -0.15652454206192412     62
-0.8201696757355389       -0.15916978545924207     62
-0.8218763829595258       -0.16883404321909995     62
-0.8238408646423572       -0.1785771712745848      62
-0.8259433524827433       -0.18768245266685823     62
-0.8273930919582078       -0.1933192019243522      62
-0.8300259939736683       -0.20265439784437178     62
-0.830522547184259        -0.204295295489663       62
-0.8329176345007432       -0.21152471991371857     62
-0.835656143514748        -0.2187774141493798      62
-0.8373722760749464       -0.22295337587399447     62
-0.837820812860745        -0.22400670830357655     62
-0.8394399587913817       -0.2276404818324845      62
-0.8406045212973393       -0.23010968173733093     62
-0.8434766038135024       -0.2357742843143973      62
-0.8441053468502984       -0.23694273989587192     62
-0.845960148685249        -0.24023004648933444     62
-0.8479667563366843       -0.24356274434517364     62
-0.8489744019770954       -0.24516309877114908     62
-0.8509612706497226       -0.24815351313173306     62
-0.851932687303347        -0.2495421861684619      62
-0.8550982095875719       -0.25384415596383614     62
-0.8578846322336787       -0.25731118444784945     62
-0.8610561477273501       -0.2609004856791995      62
-0.864634803721455        -0.26463497443166456     62
-0.8646454496173333       -0.2646456883557641      62
0.09859760203096188       0.7606845410578814       63
0.10159284224181916       0.7613051626336202       63
0.10433884153574609       0.7618486101671025       63
0.10837709648253524       0.7625422650464486       63
0.1122010470064744        0.7630656640613728       63
0.11451865518604826       0.7633262702007456       63
0.11770850020724494       0.7636400889170811       63
0.1208046360173663        0.7638901414730302       63
0.12191154561878624       0.7639645476086916       63
0.1227402040583168        0.7640151755748009       63
0.12774792496370946       0.7642491199507673       63
0.13352905804690482       0.7643500447621028       63
0.1390716419536973        0.7643213581413373       63
0.14120006477840374       0.7642889370555734       63
0.1512996632542886        0.7638731521752183       63
0.15472171378933597       0.7636476362528928       63
0.16603168655051634       0.7627975706911982       63
0.1693714477166167        0.7625144171937555       63
0.18575815596433598       0.7609119832780515       63
0.20157540042658476       0.7589934233124835       63
0.21261322343008932       0.7575107088742897       63
0.2282476747416023        0.7553329999468127       63
0.24965423292567954       0.7521026607724179       63
0.2730296403621458        0.7481933943418069       63
0.2784180737862602        0.7472267947698549       63
0.3010883548602803        0.7426865134886825       63
0.32103211761565775       0.7380082117078908       63
0.3547040046908936        0.7286493239351884       63
0.35660497098036714       0.7280598982297766       63
0.3746552468225144        0.7217991108789752       63
0.37927734367012367       0.7199954900546288       63
0.41130591213475076       0.7050172351428696       63
0.42968652193391277       0.6937335787109831       63
0.44885542584703864       0.6789880640756676       63
0.46900495130959835       0.6603800215713337       63
0.4800056884844159        0.6487032669586511       63
0.4835581297442876        0.6448626234861718       63
0.49432935776845355       0.634444783550695        63
0.5087066432159594        0.6222462646576941       63
0.5192360473866993        0.6140803817377551       63
0.5451266532680318        0.595650901532359        63
0.5558677657885885        0.5882644684228228       63
0.5869867596730667        0.567788394027608        63
0.6322884415784116        0.5430512554378819       63
0.6353851927484934        0.5415714268888511       63
0.6484394910679898        0.5347418360412827       63
0.6596485571867912        0.5278599155901601       63
0.669253216313044         0.5208371664012283       63
0.6774609896762832        0.5135876568650826       63
0.6794057048861815        0.511655002399134        63
0.6909496375388492        0.49801062398517404      63
0.7052358936036103        0.4729002952316078       63
0.7122399619104224        0.44675122645074217      63
0.7130758296407662        0.43888511510073347      63
0.7134252910905112        0.4335570563001769       63
0.7136808701049397        0.42731753054975247      63
0.7134215441309824        0.3963607565894003       63
0.7105653916649479        0.3705291522953926       63
0.703203757574882         0.343300011322142        63
0.7013420772433482        0.3383707501653449       63
0.691442226623042         0.31549097457307823      63
0.6802127635680638        0.2947691925812178       63
0.6790228174434843        0.29283264252307195      63
0.6644091556236634        0.27294681140576793      63
0.6639815752820444        0.27245630542471777      63
0.6456260039923029        0.2536048819135737       63
0.6254020667153166        0.23717665725351156      63
0.6207026515220947        0.23386717135248936      63
0.603759462468906         0.2227537177722174       63
0.5863317403595198        0.21258030948850284      63
0.568342344466734         0.20330157386942987      63
0.5671892592929169        0.20274681328528682      63
0.5666722181179529        0.2024995277105009       63
0.5507090654013423        0.1951128239443201       63
0.517025828614641         0.18099658126148016      63
0.4824099648617627        0.16834006305389748      63
0.4702035487099358        0.16395164333578713      63
0.4505341906596272        0.15662714904824904      63
0.4412617918775772        0.1532400802070573       63
0.3911490969892034        0.13530590031168813      63
0.38029774880972905       0.13158429955004036      63
0.34501883636872244       0.12073350844311921      63
0.32469199848595026       0.11501004063728645      63
0.2931993040012664        0.10606025938247489      63
0.26238614647146136       0.0973413131856146       63
0.2220835484205098        0.08617527235925715      63
0.18879133192257397       0.07678568794596818      63
0.16786048836050618       0.07012983217775204      63
0.14850994612518723       0.06311775177256598      63
0.11995354457172773       0.051759567414612295     63
0.0872141745365755        0.03762273023234806      63
0.05196736662447582       0.02190883792306128      63
0.032211259221630734      0.014122812703637987     63
0.025334111834230528      0.011800510471283516     63
0.008236222259763889      0.006628033048295481     63
-0.011730177626387492     0.0013726501757961012    63
-0.03504372747801238      -0.004055763905664115    63
-0.04533137477310959      -0.006701803844041748    63
-0.0555947241070546       -0.009875736794022035    63
-0.07954792319409702      -0.018492975553682296    63
-0.1039672466918616       -0.0294950762627139      63
-0.11360100226694872      -0.034602420385161946    63
-0.12945629530030114      -0.04407957572933255     63
-0.13493953471304493      -0.0476731683984713      63
-0.15091851979574178      -0.058288310730778045    63
-0.163203383802569        -0.06667342432191631     63
-0.16961331945556357      -0.07114515914012547     63
-0.18877970111787423      -0.08489969639089887     63
-0.19507115495338573      -0.08936011907397891     63
-0.21241775251114103      -0.09963311156816637     63
-0.22951767244259014      -0.1065385483530761      63
-0.24627544792330314      -0.1109582014150417      63
-0.2640936283447752       -0.1140540386801643      63
-0.2816683133971083       -0.1153345434555344      63
-0.3033609247959569       -0.11424035459011521     63
-0.3234955280947517       -0.11010768742624744     63
-0.3297331965881347       -0.10819555966973768     63
-0.36367766962175224      -0.0937273249294272      63
-0.39138200489862995      -0.07659321595330759     63
-0.4008435538472368       -0.06938165235277646     63
-0.4192983755266667       -0.05149019422037909     63
-0.43593785565662985      -0.029530572028073417    63
-0.45071753348634236      -0.004910889622483592    63
-0.46534338181182244      0.023979458173003735     63
-0.47745960210767247      0.05458942802595133      63
-0.4830119392400255       0.07123096928859345      63
-0.4933683825848915       0.10196195196069976      63
-0.5043745945889428       0.13422449586368457      63
-0.5094380554758624       0.1493774994122073       63
-0.5118542030442751       0.15592560477474124      63
-0.516787034186314        0.16703348553906755      63
-0.5333249402373725       0.1962164626003707       63
-0.5563639093751973       0.2251916955943826       63
-0.5646454016559157       0.23355096418704271      63
-0.5774682181411888       0.24478101621977139      63
-0.5909728752658956       0.2547045467550676       63
-0.6041658181587761       0.2625043294329153       63
-0.6218716389821084       0.2698723449332083       63
-0.6394084099782733       0.27410593757271623      63
-0.6570492658051015       0.275790186569507        63
-0.6661174259939084       0.27505610414316506      63
-0.6810318468466441       0.2711706430478557       63
-0.702687390834533        0.26168230073887094      63
-0.7242496793077879       0.2464174007681301       63
-0.7293790724760856       0.24180488994866647      63
-0.7412124281241154       0.23013458624353592      63
-0.7522236318679123       0.21773821724876266      63
-0.7538948713344635       0.2157033052813318       63
-0.7662995637421052       0.19867104602246388      63
-0.7759281752976322       0.18196239880699472      63
-0.7832346154578371       0.1653515357737501       63
-0.78859027975874         0.14864194877233575      63
-0.7892148270856023       0.1462710172562342       63
-0.7893713063725266       0.14566329416093832      63
-0.7897705926871614       0.1441020515079964       63
-0.7970994431032369       0.11182732610757457      63
-0.8041342581565283       0.06774167840263859      63
-0.8064085056078708       0.04751382266808351      63
-0.8085263761780892       0.02589808135700327      63
-0.810579635524556        0.0018261141516127057    63
-0.8115927163174566       -0.010909874816733969    63
-0.8132574186536938       -0.032284574060443286    63
-0.814871757748118        -0.05359122239736256     63
-0.815155860896468        -0.05738216675352088     63
-0.8158082275718541       -0.06575802804989601     63
-0.8169120959029744       -0.07907560061859181     63
-0.819809395943564        -0.1110263384009949      63
-0.8207988191304403       -0.12072271433782941     63
-0.8224718475363443       -0.13507728256195176     63
-0.8250760767739955       -0.15389438342961237     63
-0.8262091765187833       -0.16094627193560196     63
-0.8279978292717451       -0.17075623184595215     63
-0.8300484821094176       -0.18064753926898658     63
-0.8304417372636081       -0.18241127494609247     63
-0.8307548313511925       -0.18378165367666538     63
-0.8330855400395576       -0.19323658447982692     63
-0.8357475654410307       -0.20282798950837996     63
-0.8365062419906437       -0.20535006785866047     63
-0.8389734064530376       -0.21277829017662167     63
-0.8404085608017783       -0.2167047917380256      63
-0.8424703397764072       -0.2220077819852759      63
-0.8434561335887515       -0.22440194433353433     63
-0.8451133578838138       -0.22819444262522526     63
-0.8469070991196489       -0.23203346525653817     63
-0.8474067105467823       -0.23306062130415298     63
-0.848427262796997        -0.23509202357713108     63
-0.8501177591662763       -0.23828526829009045     63
-0.853136805864495        -0.24359856726968487     63
-0.8538073905896836       -0.2447191705442319      63
-0.8556311474373435       -0.24764350889096975     63
-0.8557816646890606       -0.24787763408781618     63
-0.8589119499321131       -0.25252459620701273     63
-0.860576469565624        -0.254809361202581       63
-0.8636089099880404       -0.25861542282125294     63
-0.8671307111859756       -0.26273863922837964     63
0.09874440555907864       0.7595660794241407       64
0.09938430595006749       0.7596828807297391       64
0.10342548592564277       0.7604140431495934       64
0.10413236437459006       0.7605389381224694       64
0.1082227475180571        0.7611814164549299       64
0.11209800274675523       0.761648615295076        64
0.11345146600207326       0.7617804614843302       64
0.11671613996880834       0.7620584016376878       64
0.11988621125521765       0.7622693627862129       64
0.12273131460478139       0.7624163501346891       64
0.12652364219428394       0.7625558181607511       64
0.13239004284868439       0.7626158315307022       64
0.13378395219592612       0.7626039002987103       64
0.14018112840004335       0.7624959419359074       64
0.14021247550886773       0.7624951864308495       64
0.15038927437828012       0.7620271998946067       64
0.1556203695864781        0.7616499564152213       64
0.16691777015975084       0.7607128512360843       64
0.18294350866574882       0.7590846850068014       64
0.19887354528277976       0.7570915339882585       64
0.21306653766100817       0.7551248118700167       64
0.22061827778626902       0.7540568562745646       64
0.24225805921868196       0.7507986136205684       64
0.26319295989684865       0.7473423625855782       64
0.27441445303704304       0.7453507266996066       64
0.27685146681546724       0.7449036182886397       64
0.2874875541624551        0.7428498029783004       64
0.3195271502075434        0.7356303037857131       64
0.3534014829625135        0.7262305016707317       64
0.35898734017698714       0.7244639555904752       64
0.37710139145899374       0.7179424367361141       64
0.377206256908062         0.7179010429421617       64
0.40965834990538114       0.7028769017938691       64
0.4112120655234437        0.7020370657418878       64
0.42999095817079214       0.6903487401945402       64
0.449471463406679         0.6751870188671381       64
0.469965115178091         0.6560801015111754       64
0.4785050344032697        0.6470674911171942       64
0.48686025164699254       0.6385098371268478       64
0.49949047767008736       0.6272113552637896       64
0.518102378581311         0.612562573085163        64
0.5438215654995595        0.5944862080422025       64
0.5573964722371427        0.5852070555257137       64
0.5853155348212737        0.5667446055387456       64
0.6310345377079889        0.541379383610652        64
0.6438227406262641        0.5347985154625257       64
0.6556380355279794        0.5277128491330306       64
0.6657654614281661        0.5204946107227996       64
0.6744236411326221        0.5130548667475874       64
0.6818121390150195        0.5055064345278065       64
0.6923820087055048        0.4918123218598529       64
0.7035129642873376        0.47069165400701707      64
0.7102721955523428        0.44400505261303225      64
0.7108433234595309        0.4382972858700658       64
0.7111165713282547        0.43445193472390203      64
0.71169272705546          0.40475728830412744      64
0.7115361779854794        0.3993820031159321       64
0.7083322398630436        0.37089906383843674      64
0.700632494840018         0.34350926692690453      64
0.7004885964763943        0.34313203024212124      64
0.6904461030737636        0.3196569289291262       64
0.6790559446535497        0.29840174138271724      64
0.6760703138423858        0.2935870133436659       64
0.6610571200785341        0.2737694517556451       64
0.6445894308706089        0.2570964541655186       64
0.6240700733195221        0.24043243690898836      64
0.621663271822551         0.23872506349842848      64
0.6045348494871974        0.22731545454808097      64
0.5869253840143523        0.2168662008532057       64
0.5687569278339649        0.20733070097985073      64
0.5657232359799799        0.20586455767079295      64
0.5530836983798961        0.19995087935816666      64
0.5481187460426449        0.19768346850025387      64
0.5144775015367365        0.18345981720844437      64
0.4799009048583007        0.17070158098200763      64
0.4700443869575964        0.16716113317902068      64
0.4542157762732183        0.16131208362657096      64
0.4391713462196794        0.15585310027014843      64
0.3889583315291041        0.13804731182772073      64
0.38133191361745855       0.13543866070964558      64
0.34599062755129745       0.12451266918828158      64
0.3226472916407933        0.11789957742364543      64
0.2911062740882013        0.1088776064190626       64
0.26569927945603433       0.10163105887310693      64
0.22571372744937007       0.09045129082409764      64
0.18864756677517858       0.0798747609208307       64
0.16555588548833533       0.07236947211239207      64
0.1420908651638989        0.06357860414670932      64
0.11298253284381628       0.05161301943161397      64
0.0795604090915351        0.036812863080241565     64
0.050206032453994576      0.02345515020618293      64
0.033188885688042055      0.016508434411927505     64
0.024658802032595517      0.013507513788946043     64
0.007453971281118495      0.008146162938840837     64
-0.012637831751443104     0.0027165872933169735    64
-0.03609827669290096      -0.0028733963606348977   64
-0.04250355293014054      -0.004462135581984336    64
-0.05605332435326424      -0.008370297746584286    64
-0.08002064943984372      -0.016543027572482258    64
-0.10445577386212879      -0.02697009782099751     64
-0.11874036406040579      -0.03425122960144834     64
-0.13399285553940507      -0.043167771951188566    64
-0.14962801001662238      -0.053192229215099876    64
-0.16265790539663627      -0.06165249148913936     64
-0.17364236964813085      -0.06885863465002151     64
-0.19327051241545612      -0.08185216674431957     64
-0.19514526003496852      -0.08308680305671948     64
-0.21329967581018705      -0.09328370625114617     64
-0.23126692542874863      -0.09995081315059984     64
-0.23948873371642215      -0.10201656573878767     64
-0.25857037547525863      -0.10554150308841771     64
-0.27735964780211564      -0.10712946817120358     64
-0.2887617264908567       -0.10712244913847586     64
-0.31128736027191245      -0.10465057370925579     64
-0.33185770028348766      -0.0990316679399447      64
-0.3608917397570522       -0.0861321762997984      64
-0.38077421577593673      -0.0743847203534009      64
-0.39505297179338356      -0.06398562479099976     64
-0.41419025622071126      -0.04559651415737413     64
-0.43144338650335035      -0.02301522120162654     64
-0.4413758984329022       -0.007087772323638526    64
-0.45693105514795973      0.021652963839614313     64
-0.4578183768207008       0.02345839675675577      64
-0.47221159511458577      0.05885724918852668      64
-0.4816973811534944       0.08716244652965068      64
-0.492425080735307        0.11878651819787028      64
-0.5038210704467205       0.15198561846902062      64
-0.5041731365861416       0.15300483272082074      64
-0.5076783861198986       0.16252991758909444      64
-0.5126305349538708       0.17421909770449007      64
-0.5278029457971407       0.20198871548365804      64
-0.5489580589510148       0.22946719156187623      64
-0.5529745149213267       0.23375636945223996      64
-0.5645653367921397       0.24480700283225398      64
-0.5767197406843969       0.2545585710915338       64
-0.5895728133939121       0.2631889481998084       64
-0.5922629401199518       0.26479528838005967      64
-0.6094404699858125       0.27295793814018315      64
-0.6263640971064965       0.2778958835333851       64
-0.6433126375212139       0.28021918485376723      64
-0.6605184666839653       0.2803990343459968       64
-0.6638325996928454       0.28011741267216894      64
-0.6644315347484849       0.280038809674686        64
-0.6859582552150724       0.27548604345869115      64
-0.7067794344822533       0.26674372449659317      64
-0.7274631653590352       0.2525684788096299       64
-0.7379724916783115       0.24309267235135462      64
-0.7488992371553354       0.23193520211185922      64
-0.7590789095906657       0.22006667280034858      64
-0.761000122503214        0.21763601481401879      64
-0.7723755256675953       0.20130317933037523      64
-0.7811709455630269       0.1852357092057222       64
-0.7878065303887287       0.16922217233992637      64
-0.7935782322538757       0.1506473370202076       64
-0.795080571279936        0.1448840052535438       64
-0.7986029942121903       0.13046320141466808      64
-0.8024641374189097       0.11282819111645712      64
-0.8096523731246569       0.0690299422747025       64
-0.8102642337550211       0.06402408982228346      64
-0.8126993201708652       0.04250648706416527      64
-0.8148059585865536       0.02105782913787124      64
-0.816269796199567        0.004246086677822903     64
-0.8168410606854478       -0.0026225158176072126   64
-0.8185900420540378       -0.023995874170354696    64
-0.8202895904231416       -0.045300788929426614    64
-0.821069054417355        -0.05537720075026745     64
-0.8213754601519675       -0.059386953541807896    64
-0.8228033903787145       -0.07725545908108204     64
-0.8256422373363368       -0.10934055572288108     64
-0.8259379864926212       -0.11242691303732044     64
-0.8274654566506779       -0.12678844382194548     64
-0.8292546109182802       -0.14126440870381476     64
-0.830629849105366        -0.15115442098628057     64
-0.8317784107214483       -0.1585472249120657      64
-0.8335392475612372       -0.16847493156808385     64
-0.8359531703039595       -0.1805062915159088      64
-0.8372406289014402       -0.18630681662005116     64
-0.8392256684537454       -0.19433709055594153     64
-0.8416099977101464       -0.20300585486906558     64
-0.8425801640622367       -0.2062556278372803      64
-0.843806651874029        -0.21010364820344088     64
-0.8456640953764294       -0.2155227380836646      64
-0.8477042636655243       -0.22103698861481447     64
-0.8487110125799557       -0.2235946826881135      64
-0.8493433493737041       -0.22514182624496115     64
-0.8520242000874917       -0.2313460546544088      64
-0.8532328441081646       -0.23396373664545636     64
-0.8549896106814794       -0.23756116026520013     64
-0.8573550562955833       -0.24208124528508684     64
-0.8582894534996768       -0.2437688355896364      64
-0.8601030015683406       -0.24687774406603447     64
-0.8620833710555302       -0.25007132266612797     64
-0.8627608498984053       -0.2511269017927189      64
-0.8630985087082735       -0.2516485479745865      64
-0.8659552974220988       -0.25585661036483565     64
-0.869615972754618        -0.26083159010099527     64
0.09889249972482088       0.7584377847251752       65
0.10145161226317581       0.7588394814147718       65
0.1054256958783456        0.7594414448880048       65
0.10806613520383403       0.7598006125865944       65
0.11199344746168031       0.7602107871411456       65
0.11427112491969625       0.760387841966275        65
0.11755617612436495       0.7605908966505905       65
0.11769004532076799       0.760597802873779        65
0.12370924647811644       0.7608405090169473       65
0.12531175672824915       0.7608796630435032       65
0.13126256151938026       0.7608991792485456       65
0.1349181097764052        0.7608323277541074       65
0.14130743610067148       0.7606428500520019       65
0.14948375605281364       0.7601911233979789       65
0.15652463765768718       0.7596398006921412       65
0.16780938752737978       0.7586151123168193       65
0.1801710817023559        0.7572847966158409       65
0.1962122185667727        0.7552181734266996       65
0.21351816387803652       0.7527477992708869       65
0.23315607503015265       0.7498065670147239       65
0.25437255944093445       0.746338400405212        65
0.2748962255435557        0.7426650712073939       65
0.27550086778456817       0.7425518783588333       65
0.2760232800024868        0.7424539229215495       65
0.2823373267831382        0.7412409089173605       65
0.3180507400945872        0.7332975175173513       65
0.35212367705006864       0.7238575774243774       65
0.3613620237081032        0.7208796136771806       65
0.3795396446865861        0.7140982044546833       65
0.40804054489129854       0.7007752257769659       65
0.4112309544679824        0.6990447299129539       65
0.43029060038288536       0.6870172034791932       65
0.45007780008655446       0.6714458295585806       65
0.4709101591336869        0.651847893243666        65
0.47701350627093986       0.6454416629424193       65
0.4801231501597794        0.6421764979090279       65
0.4911775361218219        0.6316898455626971       65
0.4974106539029308        0.6263487910842258       65
0.517013659081341         0.6111049446583721       65
0.5425682236981845        0.5933676939680793       65
0.5588476382734466        0.5823047234531056       65
0.5837456582414395        0.5657641156296782       65
0.6298566744674873        0.539808899289983        65
0.6394909114895068        0.53485169693107         65
0.6518750219550078        0.5275748588361595       65
0.6624929522416971        0.5201731957605854       65
0.6715737416013404        0.5125549576050261       65
0.6843435532833306        0.49903853571743123      65
0.693888771249028         0.48529210580601995      65
0.7019466535523463        0.4686837837902027       65
0.7084833040746111        0.4415085128411849       65
0.7088371895855514        0.43776906151769         65
0.7090275667102218        0.4352616497834348       65
0.7098828027171993        0.4135477423797123       65
0.7096452573756993        0.3998829501935789       65
0.7061809741029084        0.3712554113272867       65
0.698155516124506         0.34371084946923686      65
0.689496911885795         0.3236266043444962       65
0.6779536292625241        0.30186314264639397      65
0.6732306630200089        0.29431255004420703      65
0.6578332085179107        0.2745606485369734       65
0.6436119269876787        0.2603890587704204       65
0.6228139837208466        0.24350268558569765      65
0.6068764371938843        0.2326721048503707       65
0.589141709868112         0.2218734590513965       65
0.5708578542487176        0.21201086739859243      65
0.564447392870451         0.2088851281285173       65
0.5635395042893818        0.20845975933054472      65
0.5362023060315881        0.19604951462338172      65
0.5119554440286419        0.18589766075220104      65
0.4774177096378524        0.17303875507270092      65
0.4698869354514895        0.17033613598103997      65
0.4578336715797258        0.16591597026705368      65
0.43710020051356024       0.15844199573520276      65
0.3867877922191459        0.14076341337701725      65
0.3823548217341514        0.13925106786695543      65
0.3469518409681116        0.12825069447363321      65
0.32063074397619185       0.1207493202472261       65
0.28904206884864353       0.11165615367167223      65
0.2689899769564388        0.10589175576542349      65
0.2293193240589582        0.09469835345015376      65
0.18850596242540166       0.08291740496873684      65
0.1633089103735741        0.07455310872064705      65
0.16190040728001706       0.0740373283840228       65
0.13602616071951049       0.06401401436485887      65
0.10639636792969387       0.05147456188462775      65
0.07232918306544568       0.03604770605132031      65
0.04846730822859801       0.024981612743361435     65
0.03418829872095782       0.018947220092130294     65
0.02398499532672907       0.015210717680837774     65
0.006673461426521792      0.009660913795631611     65
-0.013543465631758666     0.004057533093090646     65
-0.037150478705870064     -0.0016936605139009225   65
-0.03981196075093128      -0.0023303628208518404   65
-0.05652966397110475      -0.006806625972603298    65
-0.08051166147287962      -0.014517652567015772    65
-0.10496319802405002      -0.024347449281395605    65
-0.10763573155189832      -0.025573408392889567    65
-0.12448029050041866      -0.03385900010955058     65
-0.13905953951878441      -0.04214941853988847     65
-0.14827595508697727      -0.04785311265307925     65
-0.16208641281309338      -0.05639210749375008     65
-0.17818552648968405      -0.0662803497232766      65
-0.19833435106119257      -0.07841577243252001     65
-0.214224406437809        -0.086626109643612       65
-0.23310108471846197      -0.09304331845692007     65
-0.2529501039750413       -0.09687944065688792     65
-0.27297529839433204      -0.09878026673735764     65
-0.29708527072687163      -0.09818696523730902     65
-0.31992223323275015      -0.09420369126383847     65
-0.3409672546027552       -0.08696571200475695     65
-0.3581563652120434       -0.07867485424360167     65
-0.36979425632694024      -0.07209874050879911     65
-0.3892354580364429       -0.058564500579042875    65
-0.4090583793112536       -0.03967542288767656     65
-0.4269280138022677       -0.016469567809334534    65
-0.43151519904015073      -0.009385612670277264    65
-0.44805130080608657      0.019197198748251102     65
-0.4522542102701166       0.027462191192709155     65
-0.4668270252144999       0.06323612699894607      65
-0.47377827556542246      0.08396969307434558      65
-0.48447369482334823      0.11553611299494011      65
-0.49583625139169707      0.14867487884603836      65
-0.4993272397897831       0.1587403861616364       65
-0.5064194619608705       0.17679608818798745      65
-0.519002719335336        0.20145986846734354      65
-0.5226315780005352       0.2073944512187416       65
-0.5420224532012041       0.23347120902334326      65
-0.5430266922639152       0.23460250141257386      65
-0.5535280586272404       0.24541212456744524      65
-0.564493259581412        0.25494008532470813      65
-0.5760459349120046       0.26336067041021516      65
-0.5883124283783203       0.27082690525099823      65
-0.5928451723335857       0.2732180107987523       65
-0.6092922403988674       0.2797954485852389       65
-0.6256059161199113       0.2835096308060976       65
-0.6358933076902601       0.2847450022471118       65
-0.6619641773959883       0.2847549522326789       65
-0.6636211620948241       0.284610475623632        65
-0.672092708970396        0.28366262695751066      65
-0.6908820733865974       0.2797991749271359       65
-0.7108693266236445       0.2718024870692972       65
-0.7306749618301671       0.2587163227499137       65
-0.7357390673953268       0.25442326967192697      65
-0.7465315544886144       0.24437530621468986      65
-0.7565553144117522       0.2337286191384853       65
-0.7659067799912994       0.22238581921320588      65
-0.7693484005130664       0.217782981542094        65
-0.7794125433281407       0.20217852311678855      65
-0.7871387168749087       0.18675807340952638      65
-0.7873856019088696       0.1861910049068094       65
-0.7982790897401401       0.15536210787723065      65
-0.8012710503478856       0.14403903278382174      65
-0.8022230335913588       0.1402119752644513       65
-0.8076720802879552       0.11645886690605946      65
-0.8082108355208018       0.11390032471966953      65
-0.8155634165033496       0.0704099395518441       65
-0.8170571793399539       0.05844848879663354      65
-0.8194773464972067       0.0371113427297835       65
-0.8215718828491091       0.015842708482368344     65
-0.8223728668295613       0.006841665975779725     65
-0.8227746346064846       0.0022164810842810138    65
-0.8246043476529745       -0.019142597713030694    65
-0.8250893675253061       -0.024925074841783152    65
-0.8273927026792255       -0.054040318924775545    65
-0.828468890978084        -0.06807794856619186     65
-0.8290445723803177       -0.07532721824181406     65
-0.8318214946911825       -0.10755465339656146     65
-0.8329249479022311       -0.11876743589563035     65
-0.8345738217561364       -0.13325608506884862     65
-0.836486796318547        -0.1478614902815036      65
-0.8365395463277309       -0.14823886242993145     65
-0.8366410192257329       -0.14895875332407957     65
-0.8386414711672494       -0.1619242779057597      65
-0.8418783122060489       -0.17965755298302938     65
-0.8425231359319121       -0.1828178635723902      65
-0.8443492631880745       -0.19094376268629265     65
-0.8464429345455026       -0.19919481604686834     65
-0.847426510617444        -0.20281910010493032     65
-0.8483151740213856       -0.20597866766289846     65
-0.8485241878522954       -0.20670054994068696     65
-0.8504081111224076       -0.2128390197971205      65
-0.8525117855038313       -0.21908456165797174     65
-0.853500191896808        -0.2218347968908822      65
-0.854942254803819        -0.22564776653369395     65
-0.856626681927532        -0.22984532731135782     65
-0.8580143760136371       -0.23308832640683227     65
-0.8597380920653328       -0.23685317794319383     65
-0.8614325403268357       -0.24035872623183444     65
-0.8622774656701615       -0.24205427186682005     65
-0.8640754842321425       -0.24550570535889205     65
-0.8661692192633441       -0.24927897238826344     65
-0.867311638264084        -0.2512507412118365      65
-0.8690596212279011       -0.254174181554631       65
-0.8721012343232604       -0.25892454097361084     65
0.09901675063436302       0.7574911462004541       66
0.0991852280468086        0.7575145768081581       66
0.10333405419133793       0.7580715012549808       66
0.1072470413926606        0.7585558191172795       66
0.10793388012827992       0.7586345591964897       66
0.1119051532097517        0.7589965782069689       66
0.1122718714648321        0.7590218494764365       66
0.1156509400862456        0.7592184391592822       66
0.1185295848363115        0.7593422940187438       66
0.12454195894552249       0.7594986747019261       66
0.13033140436356694       0.7594814413090978       66
0.13587647853754414       0.7593353401978262       66
0.1422591716745382        0.7590769782510968       66
0.14873300602751496       0.7586688632321404       66
0.15728230845755783       0.7579555254832044       66
0.16855645851840456       0.756857452641018        66
0.1778934951931916        0.7558061637893023       66
0.19402590242395246       0.7536791822113688       66
0.21389298793512107       0.7507750140946665       66
0.22980284330596268       0.7483502134041294       66
0.25111618566985366       0.744833698588081        66
0.27173334180623177       0.7411097743228506       66
0.2752051225009852        0.7404537262312592       66
0.2782223397185845        0.7398783224387973       66
0.2809509986587763        0.7393482602405264       66
0.31683626256705233       0.7313785950752693       66
0.35107256899303374       0.721905637955492        66
0.36334383713266816       0.7178882690079147       66
0.38157451077110416       0.710889965949359        66
0.4067074159877139        0.699043369947793        66
0.41124654694140333       0.6965746121790686       66
0.4305379494721001        0.6842670817040581       66
0.450578319771271         0.6683575471647623       66
0.4716902753931816        0.6483542838051851       66
0.4757720396719841        0.6440884123191992       66
0.48478925827837155       0.6351314480547282       66
0.4966038326321769        0.6248577706454038       66
0.5161144210613271        0.6099010028712908       66
0.5415330143537205        0.5924438468417983       66
0.5600337442981237        0.5799325114037528       66
0.5824740254824464        0.5649698983617424       66
0.6289025806861823        0.5385367742482431       66
0.635980599238434         0.5348947927122447       66
0.6488256513013803        0.5274630379368719       66
0.659841063460689         0.519912736069329        66
0.6692643159700062        0.5121498545568319       66
0.6740718433281538        0.5076063104213081       66
0.6866126288087762        0.4932409264223405       66
0.6952393830603657        0.4794476010745823       66
0.7007597687809614        0.46716230370964373      66
0.7071277569247717        0.43961673940813134      66
0.7073311938216809        0.4373725258490738       66
0.7074504836061934        0.43587293993015913      66
0.7082585116582639        0.4214366113545737       66
0.7081276028218688        0.40028501076116         66
0.7044543663011413        0.371541416137009        66
0.6961674908166773        0.3438726397960021       66
0.6887434443473567        0.32677773090522366      66
0.6770786118005144        0.3046108014139281       66
0.6709582488886889        0.2948931565885428       66
0.6552532919553689        0.2751937991808403       66
0.6428431010749904        0.2629787566577558       66
0.6218260446967829        0.24591749618877828      66
0.6087440894257772        0.23694457342542025      66
0.5909094531456991        0.22586725220414067      66
0.5725335548412476        0.2157437718858481       66
0.5634370114734844        0.21127721550659542      66
0.5488472048863292        0.204606159593593        66
0.5212533405263325        0.19259474231311274      66
0.5098689985383119        0.18791443778907577      66
0.4753634141062534        0.17497225037405384      66
0.46975673295109616       0.17296166376289712      66
0.4608076714483018        0.1697004795200181       66
0.43538514714167015       0.16058578208673524      66
0.38499043399786437       0.14301253525519006      66
0.3832005808518509        0.14240323575091296      66
0.34774658978089246       0.1313413620670241       66
0.31896781732057394       0.1230993332849411       66
0.28733984183175537       0.11394745596586794      66
0.27172134843040785       0.10942825401525448      66
0.23231207064987386       0.0982235348755342       66
0.18838933552997753       0.08542335997467543      66
0.18719448306295178       0.0850612822810259       66
0.16147499148211047       0.07633533247633513      66
0.15740992288273986       0.07480567682893499      66
0.13120703144896054       0.06435999958907218      66
0.10116287627163241       0.05136454088961816      66
0.06658311360339118       0.03543969775207779      66
0.04703494888046558       0.026239111116458134     66
0.03503893559909537       0.02102295952030567      66
0.023953202356823803      0.016816204555380534     66
0.006641705096318482      0.011109409844946867     66
-0.013575701237435778     0.00536428435007523      66
-0.03718374484216922      -5.149061578106993E-4    66
-0.03795189867689445      -6.94970767764035E-4     66
-0.038665341440507796     -8.617319238398918E-4    66
-0.05693767599853439      -0.005467251990594252    66
-0.08093224126004799      -0.012782803456561402    66
-0.10539783573487217      -0.02210100135264969     66
-0.11367358412442186      -0.025753393386609237    66
-0.12979177158408578      -0.03349604780546701     66
-0.1437480309819842       -0.04120707808707361     66
-0.1471017590841692       -0.04321634147744604     66
-0.16159009843080221      -0.05182371184266271     66
-0.18241060534246706      -0.06388257709504533     66
-0.2030436574580835       -0.07521996884418436     66
-0.21502496846932578      -0.08086246463614058     66
-0.23468896149385884      -0.08706333053450496     66
-0.24819120217466467      -0.08954493653216908     66
-0.2692628997514238       -0.09171067415029094     66
-0.27913167309576714      -0.09196955256090925     66
-0.30458222650929534      -0.0901388398471945      66
-0.327699600534307        -0.0847942601925649      66
-0.34917216395298567      -0.07609799321167644     66
-0.35593643478779435      -0.07262276307890574     66
-0.3604622108246014       -0.07015584918699161     66
-0.3617277015652755       -0.06944489142065322     66
-0.3844183115191726       -0.05407558130727263     66
-0.4048089689936655       -0.03477250982550543     66
-0.4231890949462105       -0.01104949099313015     66
-0.44035655748920477      0.01706915766771233      66
-0.4475611055522506       0.03083919768342315      66
-0.46228540156394327      0.06692949813085043      66
-0.4670968760359426       0.08127594676716725      66
-0.47776506018020176      0.11279372554323178      66
-0.4890994089940431       0.1458815868620869       66
-0.49525306414587655      0.16356253841020682      66
-0.4987248745791465       0.17284331605768272      66
-0.5102620983578389       0.19767451275654546      66
-0.5247305106365568       0.22115044359925493      66
-0.536658280882178        0.23656801706095262      66
-0.5439276437396092       0.24455848680045458      66
-0.5539393763741681       0.25407308282874574      66
-0.5644397016859749       0.2624696021735111       66
-0.5755452548948603       0.2699011831489798       66
-0.587375883134764        0.2765023871539821       66
-0.5897468013011896       0.27767485321000107      66
-0.6057142581268711       0.283759688669719        66
-0.6099708826065425       0.2849555024318262       66
-0.6348809156233006       0.28943390201166286      66
-0.6604101066086615       0.28961546868734145      66
-0.6667718266703512       0.2890500699632577       66
-0.6913594587977275       0.2849030902644613       66
-0.6954842463484525       0.2838305538963662       66
-0.7146920492292163       0.2765307892773638       66
-0.7336769497922551       0.26446256279575886      66
-0.7339661539207134       0.26423186471889676      66
-0.7446262467154415       0.2551513874926297       66
-0.7545002736282819       0.24556947305777466      66
-0.7636833295601559       0.23539833893167067      66
-0.7722637121403666       0.2245450072945897       66
-0.7779365228881193       0.21640049073492945      66
-0.7865781475256637       0.20147788432616995      66
-0.7919083930618329       0.19031714856540227      66
-0.802938044382716        0.1600348518685536       66
-0.807449423048           0.14319571277870108      66
-0.811367787760614        0.1266507542567735       66
-0.8162575916564588       0.10320126055768747      66
-0.8213874402985487       0.07176962116209094      66
-0.8237914931105558       0.052921012343752655     66
-0.8261968697815132       0.03176276539596827      66
-0.8282794085259285       0.010672600992680368     66
-0.8283948246380416       0.0094027487435326       66
-0.8287199725712773       0.005808354994939554     66
-0.8287420142913249       0.0055641666951983144    66
-0.8312608244545279       -0.023640735120967815    66
-0.8335394379899381       -0.052740838248004275    66
-0.8339300799784862       -0.057955677402335135    66
-0.835369163696702        -0.0765322829122192      66
-0.8378421475970214       -0.1058145902444633      66
-0.8380143127049082       -0.10771567918376812     66
-0.839467637866042        -0.12219228357529993     66
-0.8411846635613832       -0.13678319080518334     66
-0.8426170507381663       -0.1478909345216559      66
-0.844025978257708        -0.15794742385418073     66
-0.8444600417686136       -0.1608184651906135      66
-0.8475296251744362       -0.17884803868668145     66
-0.8484933328815761       -0.18378234984738492     66
-0.8503094497998432       -0.19206475619784993     66
-0.8507262958135544       -0.193832112135217       66
-0.8528254555289496       -0.20234929049020303     66
-0.8538973194960443       -0.20641903166692416     66
-0.8551691101836294       -0.2109513414181835      66
-0.8569852514319656       -0.21692798066776        66
-0.8569992868678991       -0.2169720988788037      66
-0.8582707882106888       -0.2208263486095128      66
-0.8596581990234069       -0.2247612792953393      66
-0.8611792254405727       -0.2288637224281415      66
-0.8612051641861309       -0.22893236704378706     66
-0.8622416344311872       -0.23161436053087153     66
-0.8626233896672162       -0.23257355026407223     66
-0.8650623113540206       -0.23837407756931617     66
-0.8663988109049887       -0.241349715728104       66
-0.8678492583375506       -0.24444106456570075     66
-0.8693790717774442       -0.24753867366777016     66
-0.8706720353902409       -0.2500242759797476      66
-0.8723512660889187       -0.25310798222367953     66
-0.8741963334419184       -0.25635052914344614     66
-0.8745864958919026       -0.2570174918462264      66
0.09914739827841165       0.7564957724565013       67
0.10142689539573507       0.7567595138246995       67
0.10549579304854198       0.7571895762786269       67
0.10933861899289665       0.7575387935119333       67
0.11181159620477069       0.7577099967045342       67
0.11368709126147152       0.757803759309945        67
0.1194273061325028        0.7579997758693842       67
0.12543238006537924       0.7580638485642011       67
0.12936345368347227       0.7580076832070233       67
0.13021943999004523       0.7579844618544751       67
0.13689395634888396       0.7577460233459732       67
0.1432696071853129        0.7574145285997429       67
0.14794998330213627       0.7570811652452967       67
0.15808030893118524       0.7561815988455671       67
0.16934329497135048       0.7550062353920426       67
0.17553762266194387       0.7542767068638127       67
0.19176443743688432       0.7520872922368541       67
0.19248705971938807       0.751980112608956        67
0.2142843159330422        0.7487153648839299       67
0.22633792557606836       0.7468453530600198       67
0.2477513519385058        0.7432788797049213       67
0.26846511197887185       0.7395026752036262       67
0.2748980765749803        0.7382754021846147       67
0.28052279537611424       0.7371839641825331       67
0.3155752722156696        0.7293861805351433       67
0.349981204938837         0.7198789418817135       67
0.36542922672034384       0.714740586713954        67
0.38371572572724966       0.7075140542258567       67
0.4053209466161596        0.6972422199939968       67
0.4112627878284528        0.6940017745007877       67
0.4307955845830467        0.6814025960053144       67
0.4510996535870221        0.6651408384245316       67
0.472502832818414         0.6447153924789873       67
0.4744696461701776        0.6426687488184017       67
0.4786328747100902        0.6384481204897287       67
0.4809540377327233        0.6362155486578099       67
0.49577174291246207       0.6233200536515663       67
0.5151870202364444        0.6086593554079948       67
0.5404653837835989        0.591491066189836        67
0.5612451577900173        0.5775096844199655       67
0.5811855444792476        0.5641651582707762       67
0.6279358458299218        0.5372477944398958       67
0.6324233730605062        0.5349384644513914       67
0.645735527021988         0.5273497225957463       67
0.6571537332410278        0.5196487954379077       67
0.666924025783785         0.5117393374675463       67
0.6782632250294944        0.5005361373150248       67
0.6893466912411129        0.4862552507172722       67
0.6968667669762544        0.4724054199560417       67
0.699608053996987         0.46568590840611535      67
0.705812377596901         0.43778102335270075      67
0.7058810408557565        0.43699069384812567      67
0.7059247353036427        0.4364643322932812       67
0.7063507058579757        0.43070245684769753      67
0.7065850135369025        0.40069367709559867      67
0.7026993907122479        0.3718321199429656       67
0.6941468026894888        0.34403708830231683      67
0.6879848761853073        0.32995018912221735      67
0.676197670878635         0.3073770605490567       67
0.6686540716520141        0.2954818786724642       67
0.6526373141131272        0.2758357998095447       67
0.6420750604520948        0.26556580939059715      67
0.6208391147677812        0.24832984026974042      67
0.6106326265380397        0.24126481855841184      67
0.5926969640793016        0.22990570564791296      67
0.574227993829402         0.21951841929628604      67
0.5624217743914076        0.2136807987644457       67
0.5599468996287277        0.21254414309622785      67
0.5322522779828406        0.2002535253192922       67
0.5043685097018976        0.18869258293122604      67
0.47321474719012474       0.17699456767095914      67
0.4696206027278004        0.17570672382037417      67
0.4639001808876704        0.17363579596432382      67
0.4335897692022272        0.16282997272564118      67
0.3831088964593514        0.1453669948127607       67
0.34857743166517063       0.1345723905953765       67
0.31723358227446724       0.1255501178430245       67
0.2855646211753641        0.1163370121897675       67
0.2745872993306755        0.11313900168890179      67
0.23545227507400632       0.10192240812509401      67
0.1882678577593647        0.0880335454406573       67
0.18522634473332053       0.08709324669822047      67
0.15958073256352592       0.07817619537373013      67
0.15286970599945948       0.07558253479640716      67
0.1263345299232611        0.06470981662825227      67
0.09587142326071736       0.05125330140299165      67
0.060773405946920225      0.034824955710646886     67
0.045541875133328184      0.027549911936369444     67
0.035953618395233         0.023254984950913344     67
0.028169347058623947      0.02011795028006631      67
0.011571929500005613      0.014234835605740192     67
-0.007812900711889975     0.00835495168701583      67
-0.030449972648954243     0.0023825840201616173    67
-0.03822641145163099      4.601006179619701E-4     67
-0.04476814934471423      -0.0011092744525898536   67
-0.05732271667554194      -0.004203285660855474    67
-0.08132914212350352      -0.011145627512989413    67
-0.10580800305146415      -0.019981029946913968    67
-0.11987070579484219      -0.025938126102675742    67
-0.13524336122299346      -0.0331235213878463      67
-0.14856019750959962      -0.040239880168457656    67
-0.16111097852977058      -0.047413585216635856    67
-0.18674782861908976      -0.06142116143451533     67
-0.20787796091916333      -0.07193934043609813     67
-0.21579351476741188      -0.07532931684797914     67
-0.23621333658223964      -0.08132249172447259     67
-0.24371060203937017      -0.08263935588519461     67
-0.265767603029738        -0.08505451295369293     67
-0.27909410679190283      -0.08539996634156129     67
-0.3053951002760856       -0.08328890224780665     67
-0.329313196520001        -0.07753703166465731     67
-0.3515581422723356       -0.06830772821294433     67
-0.35376516773362077      -0.06715070936575915     67
-0.3572102791589078       -0.06523314515516684     67
-0.37992022592771946      -0.04988398301871004     67
-0.400841015921616        -0.030194338386867955    67
-0.4196978212276826       -0.005988409843921103    67
-0.4328770197391578       0.015000633359614868     67
-0.4431100878685905       0.03404200616770493      67
-0.45797805101533884      0.07043235204285572      67
-0.46075854969029173      0.0787205176071609       67
-0.471400897175971        0.1101921528400208       67
-0.4827084866330707       0.14323172344726565      67
-0.4914006502238404       0.16812221577324638      67
-0.5002934586739461       0.18985103529342157      67
-0.5132118767736166       0.21370171902471158      67
-0.5291274177089382       0.23626580386706128      67
-0.5317028030080068       0.23942888035881787      67
-0.5370010471381353       0.2455085159384146       67
-0.5411405295809005       0.24988352882224407      67
-0.5587176203843884       0.26537493944257684      67
-0.57807815330879         0.27769134184411126      67
-0.5864931820326139       0.2818515725408728       67
-0.5913291810499341       0.28394052335143066      67
-0.6094128343815116       0.2900748484684519       67
-0.6337554986588456       0.29464627724836556      67
-0.6586825371372073       0.29501862014675273      67
-0.6702610913271185       0.2939667849128495       67
-0.6830205451010315       0.2920852993301565       67
-0.7068614009164456       0.2859011615819946       67
-0.7184642205180061       0.2811965648709146       67
-0.7366392397537014       0.27013281511483617      67
-0.7436829382855025       0.2644943582643782       67
-0.7533557532928903       0.25586658734131484      67
-0.7623276149744975       0.24674245347549695      67
-0.7706848823454486       0.2370384352313052       67
-0.7785078621691699       0.22666588793393178      67
-0.7860676767508075       0.21488217283119537      67
-0.7965967114449624       0.19459430276327874      67
-0.8077675096306621       0.16487861113429472      67
-0.8139021455618612       0.14231494526149896      67
-0.8153183897376245       0.13644510714939964      67
-0.8204442006824062       0.11319087996040474      67
-0.824778941151809        0.09004273192528782      67
-0.8273950076842234       0.07317215301701852      67
-0.8291523306045149       0.060133658806387685     67
-0.8317381618110072       0.03911529204063303      67
-0.8319341588483957       0.03740939200177358      67
-0.8345547596736234       0.011922263619265223     67
-0.835192085280245        0.004858409855509448     67
-0.8375082453557763       -0.022340586564776155    67
-0.8397618329762431       -0.05142536236703514     67
-0.8408920394512635       -0.06646413828113872     67
-0.8423596719579959       -0.08509717541714569     67
-0.8439510147384692       -0.10404903179421791     67
-0.8444804410034763       -0.10988728299242594     67
-0.8459791351880953       -0.12445684784371697     67
-0.8487025275978666       -0.14764894473745366     67
-0.8500269773120441       -0.1577031692464683      67
-0.8515863031207973       -0.16818898775161317     67
-0.8532191043267795       -0.17803305732954214     67
-0.8544210167691533       -0.1844828079483202      67
-0.8544558077175138       -0.18465824998300231     67
-0.8562255366725626       -0.1931544920655589      67
-0.8582072981479898       -0.20188096909614955     67
-0.8587688554896721       -0.2042108242213128      67
-0.8599437796593128       -0.20881400822085086     67
-0.8612276692198387       -0.2135083527005999      67
-0.8616966011500036       -0.21515901213483593     67
-0.862117198589669        -0.21661538262460153     67
-0.8631225206898677       -0.2199741584377907      67
-0.8658803621496578       -0.22848816545321216     67
-0.8664447187678876       -0.2301209185388012      67
-0.8674625349387658       -0.23294854434123524     67
-0.8685548629094041       -0.23584366911190321     67
-0.8689103670742381       -0.23676304411348734     67
-0.8698104477006987       -0.23903364048023473     67
-0.8711241243236181       -0.24219088823874277     67
-0.8725524797650994       -0.2454580132575316      67
-0.873060370427476        -0.24659775385952454     67
-0.8743146545675811       -0.24935111826322712     67
-0.875796362086434        -0.25245453741081075     67
-0.8774117452389947       -0.2556995708652086      67
0.09926839907976487       0.7555738957434441       68
0.09950397708970368       0.7555974666840548       68
0.10372284147368736       0.755986168084392        68
0.10770987528207748       0.7562862967659564       68
0.1114808411162169        0.7564971421041587       68
0.11172417340814496       0.7565077718892724       68
0.1118980899100671        0.7565150327387641       68
0.11385982205261608       0.7565893735862596       68
0.12027416495735249       0.7567333211833589       68
0.12627235232222825       0.7567103158118728       68
0.12847553171556916       0.7566557732170648       68
0.13118083136239453       0.7565623106371667       68
0.1378467203884271        0.7562577904557723       68
0.144215776829716         0.7558578143129957       68
0.14722951122332725       0.7556202982333603       68
0.15882162456828197       0.7545336805811015       68
0.17007423960820645       0.7532865167456481       68
0.1733871306536885        0.7528805851078134       68
0.18970012270120395       0.7506341802272659       68
0.19287056157244473       0.7501541592365749       68
0.2146447436049929        0.7468183511920782       68
0.22317834381710452       0.7454731042322875       68
0.2446830345617937        0.7418610747915927       68
0.2654848855632385        0.7380371971006          68
0.274616809657435         0.7362799661989096       68
0.2826458828921572        0.7346973444735643       68
0.31442036532811224       0.7275613820561244       68
0.34898165417967203       0.718022745875118        68
0.3673643525809497        0.7118197121473921       68
0.3857026544331569        0.7043813954085882       68
0.4040490854771451        0.6955899565695237       68
0.41127770691515          0.6916383328819411       68
0.43103225149321667       0.6787712427823136       68
0.4515785575022827        0.6621859286078156       68
0.4732978520609314        0.6413222952977657       68
0.48024643902897624       0.6345239926881366       68
0.4950107356768184        0.621913698386075        68
0.5143388439865089        0.6075237774993884       68
0.5394889571199754        0.5906196782217543       68
0.5623425591808046        0.5753148816383903       68
0.5800270061348927        0.5634415758118115       68
0.6270666056959799        0.53608880759464         68
0.6292252439639825        0.5349777275886431       68
0.6429573465309302        0.5272478462821778       68
0.6547376853043537        0.5194114992495623       68
0.6648199846673379        0.5113702615128008       68
0.6699215360930622        0.5067143078326741       68
0.6833864486271948        0.49189409984887117      68
0.6926885995112315        0.47771649639512614      68
0.6988559562876765        0.46379759774928686      68
0.7043296379057862        0.4401113262041337       68
0.704652900598501         0.4370525906977205       68
0.7046886696223671        0.43664121379457216      68
0.7047395657110826        0.43600148000338695      68
0.7050662425632493        0.4314315233153264       68
0.7051649506286974        0.401069883457865        68
0.7010838111390715        0.3720997334264352       68
0.6922866158682555        0.3441884748226325       68
0.6872927081560429        0.33284495094038813      68
0.6753938418065734        0.3099011793162144       68
0.6665372521856349        0.2960227304557805       68
0.6502340472411461        0.27642559794079885      68
0.6413792315957958        0.267909625447477        68
0.6199449767452951        0.25051537391577006      68
0.6123633998927713        0.24522416101111677      68
0.594335150734508         0.23360679659784434      68
0.5757808835411653        0.22297774192175718      68
0.5614969756696947        0.21587026836089113      68
0.5428285096118407        0.20752162091659748      68
0.5148660597597539        0.1956933455861491       68
0.48667856414921085       0.18460435796046792      68
0.4711711229306518        0.17891801921074194      68
0.4694911796521661        0.1783165345357188       68
0.46682458461581333       0.17735719255398139      68
0.43188074755013856       0.16496621953420706      68
0.38131785941812907       0.1476082066904693       68
0.3493672590555095        0.13764391946139598      68
0.3473632601193476        0.13706743239677172      68
0.3155888847433226        0.12787436986474232      68
0.28388105409640424       0.11860319705946112      68
0.2773221003353744        0.11667994039274578      68
0.23844877938022968       0.10545201579499675      68
0.235124454086575         0.10450119954464077      68
0.18815275063141224       0.09050684529541389      68
0.1833769476470631        0.08900261913203845      68
0.15780075761364348       0.07990599577819671      68
0.1486866248277878        0.07629828473090118      68
0.12184530178392858       0.0650321168856504       68
0.09099619856776123       0.05115081206954875      68
0.05542069277583865       0.03425856958305582      68
0.04412701950811611       0.02879204342327039      68
0.036848420779516805      0.025438497842511423     68
0.03268122742029875       0.023651292408502445     68
0.016847977700189073      0.017579490049401673     68
-0.001645876485146188     0.01155539526289287      68
-0.02324386928500069      0.005483314653661096     68
-0.0384773086715783       0.0015158044911149802    68
-0.05005619243159586      -0.0013237684328054904   68
-0.05764210366141985      -0.0031548395604486432   68
-0.08165836700295417      -0.009787608162843731    68
-0.1061482323071628       -0.01822253709704771     68
-0.10854061712600672      -0.01915854332173802     68
-0.12547400348522755      -0.026105157259448914    68
-0.1401725656596959       -0.03278669140023696     68
-0.1529112499858871       -0.03936536161746727     68
-0.16070298218159867      -0.04365812535258014     68
-0.1639587053692632       -0.04542400386427488     68
-0.19065020539294666      -0.059206525320153316    68
-0.21222758101964942      -0.06898762518261464     68
-0.21644419127062464      -0.07064477245094603     68
-0.23750392252945204      -0.07646210929634611     68
-0.23997397339278642      -0.07688039733329918     68
-0.2628526752378825       -0.07950355954288346     68
-0.26580717879636473      -0.07966973083849196     68
-0.2941879010328324       -0.07910266741135513     68
-0.31977680613420506      -0.07468123650828279     68
-0.3433524417654988       -0.0666147136059834      68
-0.3516268760819107       -0.06249151467915767     68
-0.3538249538609242       -0.06121241335587105     68
-0.36515886553903154      -0.05404534563858457     68
-0.37590217009454235      -0.04613970656792495     68
-0.3972965175649782       -0.026104743362430176    68
-0.4165791316330239       -0.0014674405959367997   68
-0.425946443480547        0.013083928619409532     68
-0.439080645384408        0.03694146276223668      68
-0.45407866832842436      0.07360343546064015      68
-0.4550193218672439       0.07640662757765819      68
-0.4656382747749715       0.10783648075440871      68
-0.476921634169376        0.14083232508746774      68
-0.4879232509959641       0.17223802961425144      68
-0.49721686307451773      0.19466566142904596      68
-0.5101780422155566       0.21820973531612295      68
-0.5261184710749502       0.24048547269246526      68
-0.5296663508385255       0.2448112736915692       68
-0.5455441113029951       0.2615155860696505       68
-0.5633713375764078       0.2754609409035309       68
-0.5830522081771152       0.28635717708861813      68
-0.5882880535857251       0.2886792060657274       68
-0.6087624039896492       0.296041677318228        68
-0.6324437743949465       0.3007215358293847       68
-0.6566689769503167       0.3013162370253679       68
-0.6743092068125788       0.29967097530334763      68
-0.6748887439920783       0.29959703380184366      68
-0.6987026556286577       0.29478851168769304      68
-0.7210693423294049       0.286815920435877        68
-0.7224925948261272       0.28617923641193804      68
-0.7398027262076061       0.2761881866804425       68
-0.7446847500892146       0.2725038118910605       68
-0.7540026680944609       0.26477314004693797      68
-0.762626942799909        0.25662616673720884      68
-0.7706406581359929       0.24798821961866235      68
-0.7781208951532671       0.2387803027090104       68
-0.7851394739004498       0.22891837335846943      68
-0.7855571334620439       0.22828836545567924      68
-0.7863959815348246       0.22700769163319415      68
-0.8018477357847922       0.19938481376591724      68
-0.8131766217030374       0.1703037328351175       68
-0.8133333302734616       0.16979914486332565      68
-0.8211910329067832       0.1413200450164998       68
-0.8256652038979784       0.12166813916893199      68
-0.8301755564680371       0.0987597575845876       68
-0.8339151808125081       0.07593469994826689      68
-0.8340906587531611       0.07473532548114407      68
-0.8344197860456305       0.07245595184189121      68
-0.8354093208311317       0.06541112226653728      68
-0.8386087125134054       0.04000624049749184      68
-0.841230179374985        0.014631884643686538     68
-0.8426678919461306       -0.0015291713021830155   68
-0.8442823126839321       -0.020930837806774807    68
-0.8465087647495106       -0.04999899421814523     68
-0.8470321229143702       -0.05712793756602465     68
-0.8484468424829317       -0.07569713457957494     68
-0.8499454548416552       -0.09439140875980523     68
-0.8505912357954546       -0.1021299037255921      68
-0.851355372814517        -0.11063481405455061     68
-0.8519301554126063       -0.11658632040433936     68
-0.8552074805665697       -0.14739027443084776     68
-0.8561157246609599       -0.154910824636431       68
-0.8575451460798982       -0.1654267094644868      68
-0.8591859279071994       -0.1761537746529803      68
-0.8593641947682958       -0.17725893936123094     68
-0.8595183775097499       -0.1782113373656647      68
-0.8595801504181902       -0.1785904386706031      68
-0.8608644144699655       -0.18601215574234514     68
-0.8623182294608571       -0.19360573295125041     68
-0.8639414765859872       -0.2013819878679855      68
-0.8640704328076837       -0.2019727833823434      68
-0.8652582227101071       -0.2072125497107509      68
-0.8673458414076044       -0.2157610031929759      68
-0.8679573543915101       -0.21811737696431777     68
-0.8691023041556312       -0.22230535302268392     68
-0.8703544246570081       -0.22662044480297439     68
-0.8707986201878851       -0.22809526343290104     68
-0.8711120513778992       -0.22911409188468235     68
-0.8721230212621531       -0.23230331035488466     68
-0.8739493108952311       -0.23781039703269297     68
-0.8743266261688756       -0.23890503505944327     68
-0.8755261876724723       -0.24221578147312442     68
-0.8759279679276839       -0.24328744704502867     68
-0.8778158580159596       -0.24832624771826545     68
-0.8788980913522526       -0.2511143562723641      68
-0.8803063730112841       -0.254501868273277       68
0.0994323288878216        0.7543249530014675       69
0.10066532476159917       0.7544153276746645       69
0.10487835827168229       0.7546726663036382       69
0.10886576623397437       0.7548306978950226       69
0.1123966911912946        0.754915863365079        69
0.11752853582571818       0.7549773091873213       69
0.12246169357170388       0.7549446317040903       69
0.12715218355618313       0.7548150408210649       69
0.12741195784306114       0.7548048425642666       69
0.1297586936055531        0.754706665159604        69
0.13252437329879457       0.7545748580186901       69
0.13917820564972297       0.7541779888717113       69
0.1455380464409962        0.7536823101558001       69
0.1462427019120494        0.7536193918661063       69
0.14794485595698592       0.7534626548323489       69
0.1598479448426498        0.7522522071564398       69
0.1710862016695813        0.7509056387165332       69
0.1868976687228829        0.7486614773918744       69
0.19339644259600688       0.7476503011175307       69
0.2151389839105739        0.7442170508488574       69
0.21889395324480354       0.7436123358176995       69
0.24052239842559692       0.7399385323579954       69
0.2614437007063384        0.736050009856368        69
0.27423347427449185       0.7335604098984582       69
0.28556412727758124       0.7312794147134635       69
0.3128455843044028        0.7250731658650071       69
0.3476187100456244        0.7154917173749291       69
0.351428960504512         0.7143073773866846       69
0.37004488836351945       0.7077737175423615       69
0.38845494750205944       0.7000420373207159       69
0.402310246774654         0.6933310467710763       69
0.4030842414446504        0.6929311426920546       69
0.4228903551721552        0.6811507557125678       69
0.4433850374066841        0.6657686185062504       69
0.4648921574278296        0.646299972296683        69
0.4705236349837636        0.6406782361488749       69
0.47207671419695596       0.6391115600563702       69
0.47565099430246616       0.6356271985583483       69
0.47929995553829613       0.6322613687031295       69
0.49399281297428854       0.6200325586471659       69
0.5132043240764241        0.606004829348147        69
0.5381828895535908        0.5894541103350414       69
0.5637947168019677        0.5724105663960644       69
0.5785061915316559        0.5624917282943758       69
0.6259255531828201        0.5345674042437599       69
0.6393138750490804        0.5271142396125045       69
0.6515691360382464        0.5191002948847743       69
0.6620606197415924        0.510886233307981        69
0.6625985503923345        0.5104216546937135       69
0.6780412436203626        0.4950472795654008       69
0.6888164139042434        0.48048620231840405      69
0.6960827756885579        0.46631233552296314      69
0.700696653193548         0.4521948260242793       69
0.703289845922592         0.4378724510178373       69
0.7034452903904947        0.4362060289323793       69
0.7036135196659593        0.43354398370939523      69
0.703711123731529         0.43194496894619794      69
0.7036446064226511        0.40147265657435505      69
0.6993541433692183        0.37238624510609575      69
0.6902950672970718        0.3443505518811245       69
0.686557870810413         0.3359181629362614       69
0.6745404599734344        0.31258089963915925      69
0.6642749923829069        0.29660074254800806      69
0.647665659088041         0.277055919338184        69
0.640645466055608         0.2703812266745723       69
0.6190020901962068        0.252820063153447        69
0.6142090501290267        0.2494462974989901       69
0.5960820690002337        0.23755354061690925      69
0.5774368434365262        0.22666667069081317      69
0.5605166650629277        0.2181911628627923       69
0.5545219132199125        0.21549514734344039      69
0.5264761227147172        0.203371026609228        69
0.49821989154480373       0.1919872510545659       69
0.46970290900567613       0.18135303149867546      69
0.4691079294484271        0.18114043022057913      69
0.4673433254230758        0.18051057981643245      69
0.42997303807590354       0.1673508226028839       69
0.37931859959127395       0.1501099778808149       69
0.35024763435763356       0.14106757656227895      69
0.3455786155105787        0.13971726157345546      69
0.31376013181542656       0.13045872510903223      69
0.2820090817935002        0.12112298695220856      69
0.280382606232311         0.12064259206838361      69
0.24180215649382447       0.1094019869516002       69
0.23475956778268126       0.1073643670557853       69
0.18802493889922253       0.09325312820841292      69
0.18134094072023993       0.09110465310301513      69
0.15584117772976533       0.0818103383510736       69
0.14416721720326794       0.07707158211109716      69
0.11699513248324532       0.06538033060202135      69
0.08572899796983757       0.05104008242888798      69
0.04963761285831835       0.03364664510002358      69
0.042556893662016586      0.030170489900128536     69
0.037875549968307096      0.02794491698538838      69
0.023757027939248283      0.021959356325594277     69
0.006429917857784032      0.015746415627763764     69
-0.013807387986804654     0.009543759689757306     69
-0.021641731331408308     0.007334585571659618     69
-0.03874313492785578      0.0026343254870702937    69
-0.0554008892151335       -0.001540560404298989    69
-0.057950455634348814     -0.0021426179050130813   69
-0.08197621696430075      -0.00847650920011722     69
-0.10647670643692239      -0.016524801235497093    69
-0.11527770549572505      -0.0198456479344859      69
-0.13138567735448706      -0.026281380936899065    69
-0.14537304771059464      -0.032431324052978126    69
-0.15750176161834642      -0.03844271414240235     69
-0.1602971443558285       -0.03992253391205748     69
-0.16775745211026416      -0.04380543263568597     69
-0.19473253700139642      -0.056889763117323175    69
-0.2167777802059296       -0.06589979405386148     69
-0.2170878100008896       -0.06601104047844963     69
-0.23878050971915626      -0.0716544465767796      69
-0.26000111969598894      -0.07407328713421027     69
-0.28181512387436736      -0.07448105324708479     69
-0.3092486063067044       -0.07152843121651305     69
-0.33429332703071624      -0.0647456210697224      69
-0.3494185511079617       -0.05767972206111926     69
-0.3536304544506416       -0.05507998966619427     69
-0.3652728647696645       -0.0471750413099964      69
-0.37604212952246696      -0.038726926776435605    69
-0.39360390567429615      -0.021844256913894133    69
-0.41333012172474826      0.00324244585985847      69
-0.41846413037448676      0.011014636765031938     69
-0.4348302867987094       0.03999988344420553      69
-0.4499655001302654       0.07694837503569402      69
-0.45955887107485294      0.10535131330858506      69
-0.4708166684381967       0.13830102765869906      69
-0.4842662428317549       0.17656642673882192      69
-0.4918519499404377       0.1951805247038383       69
-0.5043195888933761       0.21865026958136596      69
-0.5197123022357486       0.240851948453955        69
-0.5287052916179679       0.25189553344033355      69
-0.541538358152443        0.26548166354655894      69
-0.5587689323002508       0.2794246137932903       69
-0.5777793303427469       0.29037552876810907      69
-0.5919754713431196       0.2966931784478519       69
-0.6080667886604947       0.3024230175296883       69
-0.6310409255782117       0.30721883830849495      69
-0.6545155361675665       0.3080513448750571       69
-0.6564673226802906       0.30794634222965844      69
-0.6786147747257513       0.305737941328444        69
-0.6902653124345839       0.30365942244618455      69
-0.7125084297275449       0.297168289529695        69
-0.7335773290070903       0.28762123003176376      69
-0.7428255097319231       0.28197423244635306      69
-0.749896436210027        0.2768253211788067       69
-0.7585522555422423       0.26978286612397184      69
-0.7748870602235962       0.2535488312079296       69
-0.7897486129786214       0.23411959234707544      69
-0.795363249875974        0.22542199516786524      69
-0.8071438089582283       0.20421642283230135      69
-0.8186321388525827       0.1757753969606139       69
-0.8209497806114064       0.16842738542542518      69
-0.8286013583561901       0.1403085690180024       69
-0.8316918251624689       0.126770765064351        69
-0.8362620079131142       0.10411996979878102      69
-0.8400683702729029       0.08155590313699945      69
-0.8415130148395495       0.07171253963591634      69
-0.842047606566017        0.06788118359290325      69
-0.8452454143194258       0.0425883620844143       69
-0.8478677423060048       0.017326139218442484     69
-0.8500767288252409       -0.007859531217104365    69
-0.8510250369398703       -0.019527611844457435    69
-0.8532244790046208       -0.04857922576154272     69
-0.8540785453132519       -0.060274727888675696    69
-0.8554968182057741       -0.07886417310669731     69
-0.856999072216791        -0.09757883159795208     69
-0.8572734522898223       -0.10092880222951603     69
-0.8576039040103138       -0.10495127081949725     69
-0.8585606980707647       -0.11608679696021554     69
-0.861589118310097        -0.14713650777031873     69
-0.8617018345938843       -0.14819376027174608     69
-0.8629221161940127       -0.15866130589591243     69
-0.8643550972246201       -0.16933636339950278     69
-0.8654546616992208       -0.17700222649067537     69
-0.865637009167312        -0.17826156668768325     69
-0.8664019523584424       -0.183403590116062       69
-0.8674725866385498       -0.19007259954552896     69
-0.8688650087386279       -0.1978768943735619      69
-0.8697161807127348       -0.20237803830731177     69
-0.870473351908528        -0.20624307269939157     69
-0.8714472541994444       -0.21094456328779282     69
-0.8726309149075532       -0.21632418812466667     69
-0.8728672879267817       -0.21735533730854154     69
-0.8739003799973559       -0.22163794241714854     69
-0.8757034909448218       -0.2286776528921185      69
-0.8764386998418408       -0.23142626687364382     69
-0.8774123844282076       -0.23489636710074124     69
-0.8784708303921052       -0.238495403099081       69
-0.8785526371411089       -0.23876720610875166     69
-0.8785864474214244       -0.23887918227251229     69
-0.8787349442146172       -0.23936926317424462     69
-0.8802887680238898       -0.24439941985611174     69
-0.8820264345550148       -0.2498566808345542      69
-0.8832010007835733       -0.2533041656813453      69
0.0996315912890071        0.7528068195231234       70
0.10123085919670044       0.7528749989703243       70
0.10548444473081142       0.7529883142547761       70
0.10688457904459325       0.7530054281393026       70
0.11327658620087508       0.7530215360635799       70
0.11409004428862116       0.7530151494698398       70
0.11920908406491743       0.7529142509434479       70
0.12407687723999465       0.7527082051542533       70
0.12820424660500437       0.7524719379231385       70
0.13159041432980392       0.7522553585305689       70
0.1378820635950417        0.751773873191182        70
0.1439177775734491        0.7512033418008304       70
0.14592909164934278       0.7509934745304306       70
0.15238294690393417       0.7503086525952996       70
0.1611756385965576        0.7493007912180811       70
0.17239532099776236       0.7478256285413278       70
0.18336292389436434       0.7461733005299008       70
0.19406839211271884       0.7444509724146031       70
0.2157705041967122        0.7408932144103221       70
0.23528237269148533       0.7375172266977078       70
0.25635411537532815       0.7335472886480218       70
0.27374753720104433       0.7301129503407972       70
0.28930529660423504       0.7268976521568329       70
0.3108479739898117        0.7219168627006473       70
0.3458898149043993        0.7122811067805804       70
0.35481522445544833       0.7094323812619465       70
0.37351408789215057       0.702537315675284        70
0.39201701665233124       0.6944259589490348       70
0.4000985568629036        0.6904578601979786       70
0.4103651612077817        0.6848437217915513       70
0.4307773820834918        0.6713161582838256       70
0.45202953127321016       0.6539204406385929       70
0.4670047852385347        0.6398191462745045       70
0.4706011780063693        0.6363154166840688       70
0.4783027883677305        0.6292977210948141       70
0.49272950340449473       0.6176979394974247       70
0.5117963096407808        0.6041197139747356       70
0.536561973101575         0.5880075633016874       70
0.5655718939912259        0.5688562120175477       70
0.5766632405115685        0.5613406856574495       70
0.6245428048263629        0.5327237397684839       70
0.6349059154992227        0.5269525990456861       70
0.6477357488232485        0.5187237923490581       70
0.6587222735965563        0.5103006443282225       70
0.6727517996519896        0.4970959561527171       70
0.6849141708612809        0.4821050142314288       70
0.6932109906167122        0.46761906957907423      70
0.6985908017833301        0.4532773185375386       70
0.7017538165500471        0.4387963534520838       70
0.7020624089546016        0.4357220180596852       70
0.7022882329394295        0.43065166218042406      70
0.7019289961113484        0.4019271600407527       70
0.6974023249262065        0.3727095550447129       70
0.6880477332719253        0.34453344538094427      70
0.6857359930531332        0.339355392410014        70
0.6735859963070262        0.31557802892532916      70
0.6617265826507214        0.29725186654330593      70
0.6447723992787517        0.2777659691660439       70
0.6398305591620235        0.2731261428199073       70
0.6179549372479729        0.255379609826724        70
0.6162836269670926        0.25419212983105044      70
0.5980456675742638        0.24198982197016275      70
0.5792982015509716        0.23081315848748574      70
0.5594219211402547        0.22078297930707372      70
0.5567621977096648        0.21959390683753366      70
0.5285497202251511        0.2074244129147128       70
0.5001239870685493        0.19599978167525184      70
0.4714343302624806        0.18532932346490444      70
0.4676682573599197        0.18399292226784358      70
0.4563157160281495        0.17999312166773826      70
0.4277962467167433        0.17007177326388753      70
0.3770373447279992        0.15296462319410328      70
0.35125055163885116       0.1449677823758156       70
0.3435511555731474        0.14272762143466566      70
0.3116825622654157        0.1333947027799607       70
0.27988241252306384       0.12398561463347808      70
0.24564074054169924       0.11392348744429298      70
0.23434564405635483       0.11061231841121658      70
0.1878799504250277        0.09636848673178015      70
0.17905336915760206       0.09346640986933819      70
0.15363947637108138       0.08394997739544159      70
0.13918808062702595       0.07792354183456993      70
0.11165158806937668       0.0657639657585683       70
0.07992600046874085       0.05091808900636581      70
0.04326625910292071       0.03297247365356379      70
0.04077810918770581       0.031732122171704236     70
0.03908589101629713       0.030898413006336303     70
0.03428029093172303       0.02863038680033018      70
0.018730263752412504      0.022129812473979025     70
5.6543765326552E-4        0.01572827557875249      70
-0.006556375379783555     0.01345410286826656      70
-0.021933131431133165     0.008768227174399242     70
-0.039023772285420755     0.0038151673688376075    70
-0.060793686117007466     -0.0017593034162172148   70
-0.08227521755192779      -0.007243161998715204    70
-0.10678570115066191      -0.014927745762881448    70
-0.10713672575720345      -0.015052078021802973    70
-0.12436373974438525      -0.021331418121698854    70
-0.13934135125285763      -0.02718729741321042     70
-0.15235110750733194      -0.03275240757969751     70
-0.16027918397992683      -0.03655026772541473     70
-0.1637097624899012       -0.0382856426325207      70
-0.17156346068115616      -0.04218376728429013     70
-0.19882267255144076      -0.05456857210305534     70
-0.22133667772740148      -0.06280606010875375     70
-0.23999700353147904      -0.06707309718109702     70
-0.2573113504751445       -0.06895110754799388     70
-0.26846379687994115      -0.06949392051536595     70
-0.2978877423099379       -0.06812627389475324     70
-0.3245177365100906       -0.06272870398515436     70
-0.3275544315373221       -0.061802455475841477    70
-0.34719172527683684      -0.05282761731101826     70
-0.35314248778171436      -0.04895970306858369     70
-0.36512418507903266      -0.040308253892527415    70
-0.376231506765097        -0.03103626764588206     70
-0.3865869960848908       -0.021039758332031103    70
-0.3963049809309373       -0.010206544868133653    70
-0.4100354917067231       0.008018464935462708     70
-0.4105905208466923       0.008837128843421608     70
-0.4106603973810289       0.008940505803005544     70
-0.43046686425756303      0.0431396612946944       70
-0.4457429173835383       0.0803822934795809       70
-0.4533166814737282       0.10279960147094712      70
-0.4645482323411425       0.13570195063295315      70
-0.4805240144707498       0.18099568960888754      70
-0.48641287030804714      0.19570250563463826      70
-0.4983801461949351       0.21909689395152243      70
-0.513217572203008        0.24122349050883402      70
-0.5277191301766486       0.25916482929128737      70
-0.5374463031188171       0.2695331881146407       70
-0.5540673705790828       0.28347368196863465      70
-0.57239285107833         0.29448045375947357      70
-0.5957615305200477       0.3049215310992835       70
-0.6073492953892237       0.3090050585968068       70
-0.629593955472132        0.3139204887966152       70
-0.6522943670717367       0.3149982799998309       70
-0.6617888829390459       0.31445899010727446      70
-0.6830282665989689       0.3119569827619636       70
-0.7036921413538288       0.30720670268201866      70
-0.7245636400702562       0.2992463129892103       70
-0.7444993105840224       0.28832442686085025      70
-0.7457291811519483       0.2875322803814033       70
-0.7476355591684929       0.286266649277875        70
-0.7632784794399521       0.2743680127396875       70
-0.7795674489579077       0.2582586319145525       70
-0.7940811811849166       0.23932341191385767      70
-0.8050270556583705       0.22185681912747762      70
-0.8121506623124086       0.20878417657510273      70
-0.8237897289093046       0.18094825220307925      70
-0.8282183568379164       0.16711827979269495      70
-0.8356732242520291       0.13934329122189637      70
-0.8370881193172856       0.13319216396292974      70
-0.8417683971403264       0.11077960024649616      70
-0.8456903723159489       0.0884590646319107       70
-0.8486494813972729       0.06846009619296291      70
-0.8516003295896284       0.04506084983237506      70
-0.8542234821388545       0.019905998919747696     70
-0.854935200896826        0.012129388607803018     70
-0.8571477962898666       -0.013901289561113878    70
-0.8574878103195159       -0.018182646360082707    70
-0.8596613638104926       -0.047218404609986456    70
-0.859882461135918        -0.050321836974646185    70
-0.8612454880164467       -0.06884332847419666     70
-0.8626922674492102       -0.08748958250023263     70
-0.8637732570129858       -0.10131644073311297     70
-0.8638590490551757       -0.10243115003666496     70
-0.8650737704308991       -0.11772828725520658     70
-0.8676920992070327       -0.14689382193578376     70
-0.8682137953365139       -0.15200321701041702     70
-0.8694422717635392       -0.1626270917892365      70
-0.8699577064660083       -0.16674815619610228     70
-0.8712265960524668       -0.1767589397520255      70
-0.871352116350999        -0.17773526314587385     70
-0.872040219464386        -0.18292169688889864     70
-0.8727778271349944       -0.18821288674934092     70
-0.8736881621925905       -0.1942611354138959      70
-0.8742545773389152       -0.1978047365583238      70
-0.875170706781812        -0.20339114562953287     70
-0.875404853050878        -0.20478065710874582     70
-0.8762455137138598       -0.20951996142635249     70
-0.8771737697210173       -0.21439293650803842     70
-0.8777293759813601       -0.2172174435063182      70
-0.8777439808407339       -0.21729169292746525     70
-0.8785001690541406       -0.22105612720769957     70
-0.8786684987533159       -0.22187397502396972     70
-0.8802828256707483       -0.2293785180109173      70
-0.8805861802865742       -0.2307186405169697      70
-0.8814309278839803       -0.23426317226468432     70
-0.8815276724783193       -0.2346553859593698      70
-0.8827414704823062       -0.23956605960281085     70
-0.8831081162658161       -0.2410308236451601      70
-0.8840713955562893       -0.24474921368238198     70
-0.8851444181386672       -0.2487183996834075      70
-0.8858490057599796       -0.2512460842825586      70
-0.8860956285558625       -0.25210646308941365     70
0.0999987388317623        0.750009608544874        71
0.10001745248861084       0.7500095093529167       71
0.10149047267853754       0.7499989280852085       71
0.10854275285009782       0.749864094291652        71
0.11486717520466395       0.7495971545833647       71
0.11912459796945085       0.7493154899166619       71
0.12219153805378882       0.7490703076155871       71
0.12958279966219088       0.7484127703826777       71
0.1333267791977336        0.7480325202396596       71
0.13955034676427336       0.7473006868697546       71
0.13967851631223238       0.7472842241196411       71
0.1458953565356215        0.7464767768222567       71
0.1491538281811547        0.746044683300906        71
0.15950458289261749       0.744613972255709        71
0.16942044325139866       0.7431498150186571       71
0.1747404423869786        0.7423081806010297       71
0.1772747982787495        0.7418877483827292       71
0.19524849869566147       0.7388321740236226       71
0.21687960722960148       0.7350557501898948       71
0.22627840653957543       0.7333566833502323       71
0.2476086518274388        0.7292468484992404       71
0.2729044147418692        0.7241314545073123       71
0.27459856747033506       0.7237858394146528       71
0.2959113037137993        0.7191605111524693       71
0.30737815439102256       0.7164344107432148       71
0.3428867495910814        0.7067043236197303       71
0.3569687438418072        0.7021002759177359       71
0.3758585410307096        0.6948106636966059       71
0.3945609877144422        0.6862797247930383       71
0.3966357605379811        0.6852542826424849       71
0.41336493467477053       0.6758861566756322       71
0.4366769407910743        0.6594350791111782       71
0.46108857132345377       0.638374765344075        71
0.4682255385026733        0.6318135761357891       71
0.46957772926244395       0.6306037542871716       71
0.4820447426460803        0.6203661771319433       71
0.490707740911983         0.6139616854991129       71
0.5095429658500233        0.6011028322482376       71
0.5339679073519462        0.5856925531049644       71
0.5388241211159203        0.5826938883588949       71
0.5683667292117847        0.5632665415764305       71
0.5738035136089042        0.5595546004283503       71
0.6223971793423023        0.5298629057897364       71
0.6280687971462091        0.5267018808452393       71
0.641789840793599         0.5181398050488608       71
0.6535442161668604        0.509392346256168        71
0.6635481379121282        0.5006606647377355       71
0.6781242463987286        0.4849217559073069       71
0.6882140687192705        0.46989279405906026      71
0.6949266086904556        0.45516086149357377      71
0.6990811169521447        0.4404039487941054       71
0.6997017297960547        0.43489577630820697      71
0.699811753985518         0.42524696502994525      71
0.6989607599369057        0.4027135120587392       71
0.6940254169708716        0.37326892464574557      71
0.6841595436839117        0.34484987569070574      71
0.6719544970460045        0.32070113039861436      71
0.6573262502101346        0.2983761606484363       71
0.6397766151090916        0.27899201035263327      71
0.6384509307550912        0.2777732556601168       71
0.6161821188252055        0.2597128941897876       71
0.6014270885315433        0.24962933390436232      71
0.5825035590107043        0.23795363053722668      71
0.5575542575157468        0.22520469035212382      71
0.5320611490947356        0.21428841502748475      71
0.503348381368255         0.202794598794134        71
0.47436631805469354       0.19206277406650724      71
0.46521505277579944       0.18885357534459407      71
0.43682211306843083       0.17907840630762079      71
0.42406490152599197       0.1747358886925359       71
0.3731269335040945        0.15785791120547613      71
0.35296567962668157       0.1516376765678622       71
0.34009755828433863       0.14785550113431892      71
0.30814360771802285       0.13839587904841424      71
0.27625982097835605       0.1288618457324888       71
0.2522507486164748        0.12170947164941885      71
0.2336424148406533        0.11613037436946608      71
0.1876336245333018        0.10166127617987468      71
0.17521988248671688       0.09742421526937203      71
0.1499498900212439        0.08753556041765358      71
0.13782341037229093       0.08230696975090361      71
0.11072174103639087       0.070042721470982        71
0.07945889971249102       0.055132898080487935     71
0.04329773418724372       0.037166947728620406     71
0.03947081182993967       0.03521765778316609      71
0.03589158287684002       0.03335842867288899      71
0.0303261464861487        0.030555732379323058     71
0.019226798861326055      0.025556816717185987     71
0.006844409692905465      0.020628086712973493     71
-0.006950929291784199     0.015672204375832492     71
-0.02230524614940866      0.010598971712975195     71
-0.03938214310048409      0.0053230894477143765    71
-0.04459236144818807      0.0037961532102533347    71
-0.06722238800225147      -0.0020200648798307836   71
-0.08261038594912362      -0.005860626238633579    71
-0.10713207258681187      -0.013137506729448304    71
-0.10856100000441646      -0.013616778984104608    71
-0.12566201911695934      -0.019479550165011933    71
-0.1405414617560239       -0.02484959882243034     71
-0.1436444693325622       -0.02602696752823989     71
-0.16073043673673376      -0.03343574843326418     71
-0.1727559078786059       -0.03918571022601877     71
-0.1755488863335444       -0.04048565584532221     71
-0.20310561906594943      -0.05213795902375071     71
-0.22611048387897947      -0.059566486051881216    71
-0.2412019823007055       -0.06253511375669696     71
-0.2546734397430931       -0.06392768308567781     71
-0.2849709837209161       -0.06425818386044317     71
-0.3134033579860637       -0.06043556579752582     71
-0.3244153475021768       -0.057403525733304865    71
-0.3448016268639457       -0.04761975251068077     71
-0.34984060311342796      -0.04422950994526968     71
-0.3623970429587011       -0.034900778571718       71
-0.37404947053877724      -0.024890469895775584    71
-0.384926459689547        -0.014086303018607825    71
-0.3951481136825741       -0.002367019779372738    71
-0.404827391515503        0.010398976243373643     71
-0.4094318134337675       0.017214359356399422     71
-0.4259302929391482       0.04640403140975992      71
-0.44135277464631856      0.08395247623759072      71
-0.4468253198314212       0.1001460319058572       71
-0.4580295765107685       0.1329991251841252       71
-0.4585367563404836       0.1344762690682166       71
-0.47664565502640116      0.18558607582439082      71
-0.4808314530372027       0.19623814651124344      71
-0.49228527163953173      0.2195552062289024       71
-0.506552878757753        0.24160475560920092      71
-0.5266940634965624       0.2667209074873021       71
-0.5332143521992412       0.2737232229457184       71
-0.5492050756476017       0.28766117642979583      71
-0.5668222231935609       0.29872571462455155      71
-0.5997030817236677       0.31348781909993023      71
-0.6065987029504453       0.315890740253386        71
-0.6280802342091603       0.3209312976573165       71
-0.6499707317216445       0.32226568888870355      71
-0.667314870356895        0.32122182064543775      71
-0.6876113022829216       0.31841492799638393      71
-0.7000813712326287       0.3156148173449298       71
-0.7204905409005671       0.30852033284210867      71
-0.7399233900388367       0.29856462919430304      71
-0.7482480598820559       0.2933777216863469       71
-0.7543277121204457       0.28932133714084934      71
-0.7682956227957692       0.27861056972132503      71
-0.7841977390271013       0.2629180191316623       71
-0.7983673737809814       0.24447153003603503      71
-0.8028191376080133       0.2376402212195896       71
-0.8141777272143349       0.21848094882137012      71
-0.8169983989860606       0.21320676812488337      71
-0.8287834119067824       0.18595671526210908      71
-0.8353240313525282       0.16583851354390744      71
-0.8425865970640992       0.1383996470168185       71
-0.8471316810223779       0.11726615380579346      71
-0.8511662643566567       0.09518282011906179      71
-0.8556269292329755       0.06528012550603765      71
-0.8578351068550807       0.047486595848592654     71
-0.8604590683788137       0.02243708705072133      71
-0.8619273743999551       0.006182855086776283     71
-0.8640633455764463       -0.019810167932678584    71
-0.8659827922938566       -0.045881992067639404    71
-0.8669175381691493       -0.05895604407625474     71
-0.8683095824022207       -0.0775348053482852      71
-0.8701100035375502       -0.10169435469285128     71
-0.8710593991956803       -0.11450073259680035     71
-0.8722783263793678       -0.1300514968793977      71
-0.8736938657705866       -0.14665516090246947     71
-0.8745921717636425       -0.15583509406986076     71
-0.8746663404553183       -0.15653493850282213     71
-0.8757309340607986       -0.1664138533027219      71
-0.876852586189699        -0.17652180455463812     71
-0.8770788308567808       -0.178507402919384       71
-0.8777044820673723       -0.18376294445280694     71
-0.8783811865978058       -0.18912395651613165     71
-0.8787164000133658       -0.19170436146580352     71
-0.8787286124324495       -0.19179820619929827     71
-0.8793182747079352       -0.19624016009416295     71
-0.8796486880864134       -0.19865852407459267     71
-0.8804547726289136       -0.2043725921810759      71
-0.8810357314447999       -0.20824240559945173     71
-0.8814523167733683       -0.2108998986154601      71
-0.8826824500266808       -0.21862196572092724     71
-0.8831073916786032       -0.22120336608229102     71
-0.8837944580236679       -0.2251713596995425      71
-0.8845465011926008       -0.2292861982649653      71
-0.8847164062955087       -0.23019737703516124     71
-0.8850349573875185       -0.23190044339925286     71
-0.8856629048326758       -0.23518554616316484     71
-0.886675306014437        -0.24031438474976669     71
-0.8872530666270548       -0.2430983016745827      71
-0.8881326895277983       -0.24705628853531464     71
-0.88912918290928         -0.25142794026687304     71
0.09944252436051573       0.7457559739372763       72
0.1005710395880915        0.7456535569260963       72
0.10425841808479114       0.7453365436138623       72
0.10517134894199717       0.7452599627194954       72
0.10952512732657368       0.7448421904288235       72
0.11360095350944979       0.7443597555903104       72
0.11732966354822545       0.7438820549237194       72
0.11822472341879589       0.7437692883960279       72
0.12309959499050903       0.7431334807550481       72
0.1277694655809997        0.742486338408155        72
0.13179948613096315       0.7418857080295009       72
0.13323627567183466       0.7416585503916454       72
0.13964882396545222       0.7406089148237992       72
0.14584368241284035       0.7395582765953234       72
0.1500947019932349        0.7388129928047531       72
0.1603635757520471        0.7369165313646282       72
0.1709968521223546        0.7348473017919929       72
0.17731452605958184       0.733632311903432        72
0.17966766880112625       0.7331920781335013       72
0.19384196724947947       0.7305395765779369       72
0.19711935940124378       0.7299245132460137       72
0.21863790373660041       0.7258014314799616       72
0.2342176471180626        0.7226620386753386       72
0.23978235169110038       0.7215034204021604       72
0.2715937960049823        0.7148333265442095       72
0.28518367033110104       0.7118616974329224       72
0.30648721903855786       0.7067737021828874       72
0.33820952608819554       0.6980185780401219       72
0.3557752018171281        0.692205956818609        72
0.3750149769969919        0.6845917500788513       72
0.39363561972705075       0.6762212245909835       72
0.4039830712946619        0.6709839378762903       72
0.42783191872683407       0.6559744121341983       72
0.4526509899716537        0.6363148192741026       72
0.4650553834435682        0.6258061273763247       72
0.47239967596335125       0.619985483743991        72
0.48638429213648954       0.6100082533922287       72
0.4879877566485898        0.6089351049204909       72
0.5065114229889922        0.597044061323866        72
0.530477973176527         0.5825780471587906       72
0.5422186062048604        0.5754744742632569       72
0.5720202569809721        0.5559594860380545       72
0.6196417274255284        0.5261889699007045       72
0.6341639334294028        0.5173908138046359       72
0.6469031133969487        0.5082274111576053       72
0.6496192639778315        0.5060555149502526       72
0.6678483361647971        0.48918462875267243      72
0.6806516987478123        0.47333386159698176      72
0.6893811980588896        0.4580114260977482       72
0.6950362382054402        0.4428368927124371       72
0.6962378954494832        0.43368342835021373      72
0.6955098467505645        0.4158584314679485       72
0.6945606218288576        0.4038792068610849       72
0.6890194603999025        0.3740981388164973       72
0.6783956589483091        0.3453189546260382       72
0.6695763811641287        0.32816869674642346      72
0.6674220606668333        0.3243705270243782       72
0.6508254242869413        0.30003713521401953      72
0.6323960992786841        0.28080330084858957      72
0.6136317865065392        0.2659466488795892       72
0.6064179160693352        0.2609049150929192       72
0.5872345246256365        0.24849265096352438      72
0.5866977998220899        0.24816572257921327      72
0.5548373472749331        0.23163700067962306      72
0.5371112157510585        0.2241600853605776       72
0.5079856406562976        0.2125667686549868       72
0.47858304416139463       0.20174668783155425      72
0.46165334537921493       0.19591055874000957      72
0.4406763931889557        0.18888361743500243      72
0.40671303846227047       0.1776655718984          72
0.36739353568894095       0.16503239112252985      72
0.35547129580236037       0.1613816693755334       72
0.3350826350642623        0.1553016278320906       72
0.3030047383449127        0.14565802135945788      72
0.2709995034209859        0.135942556805587        72
0.26201586874894356       0.13321188893128275      72
0.23262608655820233       0.12410523691683968      72
0.1872776268516483        0.10931057670529569      72
0.16979490099010974       0.10302512715604317      72
0.14472854992111517       0.09260971958919431      72
0.14077456019013518       0.09083385354827953      72
0.11505258917001779       0.0788987306771134       72
0.08534324556935957       0.0644510293105598       72
0.05094306466645877       0.047097473501169856     72
0.03880833943950122       0.04073050526187366      72
0.028163403186382274      0.034855770429087565     72
0.01860894935029323       0.02981383993762552      72
0.006283955346389848      0.024151020758859384     72
-0.007468938412304112     0.018584345850571345     72
-0.022793794892897283     0.013002552920712195     72
-0.03985264749819627      0.007302837629478133     72
-0.05233377655247468      0.003519501404993763     72
-0.07511463001201615      -0.0023401905621837117   72
-0.08300092346893016      -0.004249698444415499    72
-0.1075356638643237       -0.011051523928482018    72
-0.11468676388037691      -0.013295440260549216    72
-0.13106630060878605      -0.01850898640544779     72
-0.14402462115478704      -0.022983654547741185    72
-0.16121233771336801      -0.030109696977636557    72
-0.18417706024695726      -0.04032208474637413     72
-0.2079504610035628       -0.04938846492177301     72
-0.23151058312534042      -0.05590190042197135     72
-0.2424873526523838       -0.057694373405830834    72
-0.2518852979973734       -0.058618170796396835    72
-0.26875475209718735      -0.059402024050262875    72
-0.2994499086545419       -0.05755666551155109     72
-0.3209194221623029       -0.05250453934648485     72
-0.34213982950112587      -0.04181987384598056     72
-0.3525506873480604       -0.034323670610290964    72
-0.365282301080372        -0.023906771405248894    72
-0.3771422384756904       -0.012684554964214372    72
-0.3882614237131639       -5.310953601866415E-4    72
-0.3987626994528911       0.012690056952108036     72
-0.40915292388432206      0.02824684843878149      72
-0.4209942487748126       0.04995584927522479      72
-0.43657605299516933      0.08783703541926906      72
-0.439760777711537        0.09725815490969045      72
-0.450935330154416        0.13005764306094583      72
-0.454417251971179        0.14015870038536865      72
-0.47243693387057617      0.19056747475242106      72
-0.47483999102640306      0.19681313881299708      72
-0.48574263066014406      0.22004718890386718      72
-0.49939855653937043      0.24201403075457026      72
-0.5016600871398844       0.24517810196503492      72
-0.5255778205750694       0.2749490734831348       72
-0.5286333075233531       0.27825889387373015      72
-0.5439416898636544       0.2921940974327016       72
-0.5607920740500942       0.3033211671837386       72
-0.5705520905368433       0.3084742576965151       72
-0.6039866454549417       0.3227974128856254       72
-0.6057786124974505       0.3234139732320041       72
-0.6264263561628023       0.3285912434779632       72
-0.6474319489303441       0.33020599355986535      72
-0.653687229864811        0.33006524150081384      72
-0.6733007837095093       0.3285475191240667       72
-0.6925757823697686       0.32541036567767656      72
-0.6930417730446825       0.3253136935011732       72
-0.713143862864109        0.3195707825347772       72
-0.732173802937576        0.31107230150794013      72
-0.750986322787522        0.2999883226031218       72
-0.7647397069914813       0.2904581705797936       72
-0.7738001464621067       0.2832652613765144       72
-0.7892778293215778       0.26803003315802554      72
-0.803069939944686        0.2501197517492483       72
-0.8132674912217155       0.2339449806860066       72
-0.8237629332665252       0.2149447698325814       72
-0.8341309163196844       0.19132004696008595      72
-0.8344443973763157       0.19046286762290332      72
-0.8430122482920992       0.1644538285949437       72
-0.8500667468871781       0.13737864030626812      72
-0.8529130982762608       0.1242584133040196       72
-0.8570690689481668       0.10243077432756334      72
-0.8577276937159148       0.09859383899304358      72
-0.8631773134054361       0.06183903917923054      72
-0.8646057955135826       0.05012084729674289      72
-0.8672306355473706       0.025185735313910055     72
-0.8694959414834844       -2.5387561623070945E-4   72
-0.8715489719945415       -0.026206139417594674    72
-0.8728545876668219       -0.044429226518042       72
-0.8731137850026319       -0.048155001597231205    72
-0.8744460355458307       -0.06666003260383203     72
-0.8747072460305593       -0.07020642810576734     72
-0.8769463836637684       -0.10210206604342507     72
-0.8776179963210492       -0.1118736010947627      72
-0.8787450131407266       -0.127383738315265       72
-0.8799684295805907       -0.1432052227242883      72
-0.8802252098897959       -0.1463954411483078      72
-0.8803756089415188       -0.1482075494337513      72
-0.8810547522888859       -0.15606901159254782     72
-0.8819556058360113       -0.16605340920959885     72
-0.882918507104796        -0.17626612629739802     72
-0.8831563593271434       -0.17869086761008293     72
-0.8834834469673534       -0.18194355996738662     72
-0.8845362355023121       -0.19216480585649348     72
-0.8846112132668933       -0.19287717723572415     72
-0.885101287440613        -0.19738053096565317     72
-0.8856300988401343       -0.20198751276376783     72
-0.8860550522274966       -0.2056386115804004      72
-0.8863331124589047       -0.2080369411229824      72
-0.8869068376724392       -0.21288899623808094     72
-0.8877914414480279       -0.22007070076503735     72
-0.8877947197220578       -0.2200966141661001      72
-0.8883250051072613       -0.2240848684874606      72
-0.8884653790866684       -0.2250967670146818      72
-0.8893882204785999       -0.23191024532066645     72
-0.8896084941984754       -0.2335384636919582      72
-0.8900641442176666       -0.23674412468199227     72
-0.8905679537197005       -0.24009151071463217     72
-0.8908554330370448       -0.2420151711546724      72
-0.8909073782805093       -0.24237344670255376     72
-0.8915340058496766       -0.24656058103022735     72
-0.8922351306494857       -0.2510199573334807      72
0.09888644207972247       0.7415225554243368       73
0.10257374866575338       0.74085647212515         73
0.10611410090904447       0.7401997018209638       73
0.10946957114391546       0.7395584966034613       73
0.10952969437927364       0.739546825649748        73
0.10959000001495253       0.7395351244508335       73
0.10961252106043316       0.7395307548102552       73
0.11494384644766518       0.7384932765212933       73
0.11991314727903471       0.7375199689296449       73
0.12142515829591484       0.7372193449839464       73
0.12607102198314796       0.7362501027532403       73
0.12659782843207346       0.736136154322538        73
0.13357627149829338       0.7346537060400072       73
0.13637113903724807       0.7340671958552547       73
0.14061151178052608       0.7331634764302071       73
0.1447340940178635        0.732267523814162        73
0.14667625036040155       0.7318445575857051       73
0.15237536494732423       0.7306021352951848       73
0.16543130889604113       0.727662067815591        73
0.16695038068658555       0.7273132954334862       73
0.1797363127401488        0.7245104300523739       73
0.1936880379135444        0.7215764296517142       73
0.20725565367751358       0.7187007523252786       73
0.22043940739603457       0.7158831218790935       73
0.22051057706921431       0.7158678484551305       73
0.22059310531889598       0.7158501415822622       73
0.23829605727696274       0.7120381510967713       73
0.27022043452406164       0.7050900728962965       73
0.27526551218667467       0.7039697200209196       73
0.2967057432405561        0.6988820566015201       73
0.3179992911515045        0.6932904400983958       73
0.3332953596453319        0.6888928222509818       73
0.3522307623539641        0.6826241271835203       73
0.362172639051773         0.6789073187777335       73
0.39062427331168725       0.6671544278312933       73
0.39385591163391054       0.6656922862649344       73
0.418284247116379         0.652238829383881        73
0.44354312620959674       0.634091230856968        73
0.4619040988630567        0.6198344382030961       73
0.4748963401094055        0.610591169049903        73
0.4902236267416582        0.6008442756246127       73
0.5034658373181213        0.5929664892309515       73
0.5269718728163548        0.5794491140985185       73
0.5455136278687928        0.5684665996599684       73
0.5755667309921488        0.548866538015702        73
0.6170162440209161        0.5226883253612215       73
0.6269209661793115        0.5166794336640913       73
0.6405954981100385        0.5071209740656748       73
0.6563018035654626        0.49397460834137097      73
0.6721542372659728        0.4772004191669308       73
0.6831500941297558        0.4612144646976698       73
0.6904912078143645        0.4455706715822264       73
0.6925022351650278        0.4323759408480765       73
0.6922462904448443        0.4292793304104938       73
0.6893619744482679        0.40244124176752805      73
0.6834899006432604        0.37501408549786086      73
0.6720288947496849        0.3458370973559501       73
0.6670060338707556        0.33623989256007447      73
0.6611294319469293        0.3260649966727858       73
0.6436800253543732        0.3018627995262414       73
0.6242837870033708        0.28279418528839617      73
0.6109254070837635        0.27256182812334084      73
0.5924119044761308        0.2600261340704069       73
0.5843049234701626        0.2550072970042068       73
0.5519133491784003        0.23855959343641675      73
0.5424723665012919        0.2346398505624987       73
0.5129085551053556        0.22294090415581672      73
0.48305952058614954       0.21202713066128934      73
0.4578290782986998        0.20348776435569552      73
0.43910850258628875       0.19740885101232786      73
0.40491124237195986       0.1864743579402982       73
0.3714766972813928        0.17601214628082215      73
0.3611564027541353        0.17283721932797544      73
0.3581849622995831        0.17193474094652095      73
0.35292507080040003       0.17034763552277982      73
0.3206604471207386        0.1605571970873105       73
0.30307115650272093       0.1551923490833489       73
0.2680920907959037        0.14451081152601927      73
0.2616550662805146        0.14250677215891477      73
0.23152443681342774       0.13274959469141348      73
0.18689174291836977       0.11760204130097777      73
0.16406419275949347       0.10894168039552896      73
0.13921295936926353       0.09796983477963084      73
0.11982203036234831       0.08865160443397095      73
0.09182351009347417       0.0747128250496388       73
0.05936265200627509       0.0580336821189127       73
0.03811458872294698       0.04650363927290224      73
0.036879541649831954      0.045806390327038204     73
0.020638919609037333      0.03631364588041803      73
0.017899919490503936      0.0346991016772732       73
0.00564079085466123       0.02819385867974152      73
-0.008063393740880331     0.021926252293241476     73
-0.02335444217174147      0.01576084732134314      73
-0.040392587501681225     0.009574751017235102     73
-0.060628131366281895     0.003223089418065167     73
-0.08357058472101725      -0.002683181599181544    73
-0.10793826411456782      -0.008970663304209987    73
-0.12358739623715655      -0.01350423417091689     73
-0.1443777105267978       -0.020156990551161456    73
-0.16165993286683977      -0.027020422242950908    73
-0.17285309999674547      -0.03187893684583972     73
-0.1976816364696874       -0.041665754442107995    73
-0.21278291816269715      -0.046645999299944306    73
-0.23689687819938926      -0.0522466825035016      73
-0.24369477161814213      -0.053147200133695074    73
-0.24928796048615878      -0.05367201070379195     73
-0.24974615454913773      -0.05370965423200881     73
-0.28309373485878214      -0.05418203087467384     73
-0.29390248908119376      -0.05313847456780614     73
-0.31725970063437753      -0.04737601851099628     73
-0.3393533177296713       -0.03574825081488919     73
-0.3421859380563337       -0.033716178907677266    73
-0.356053555234929        -0.022871282881765424    73
-0.3689481914085933       -0.011209007286630136    73
-0.381012161366225        0.0014014873207449235    73
-0.3923787117881987       0.015101759118083466     73
-0.39795153665773625      0.02264711151719127      73
-0.40885541750308924      0.04001579392066561      73
-0.41597276851967324      0.05356914419064467      73
-0.4317166529053468       0.09178883094242396      73
-0.4325724072277253       0.09431965876827751      73
-0.4437167347737807       0.1270646021937379       73
-0.45024229816919425      0.14591761847484325      73
-0.46817156240455         0.19561592440300188      73
-0.4688388625671377       0.19738905879040736      73
-0.4791894339763652       0.22053996532919973      73
-0.4922326917480878       0.2424239662124133       73
-0.5011114945631656       0.25495415472915806      73
-0.5244425224654212       0.28331770106506954      73
-0.538626086991435        0.29677198871630817      73
-0.5547021008992216       0.3079622103877666       73
-0.5763538464792695       0.3194470846086228       73
-0.6083411468310261       0.33226117752034395      73
-0.6247374269588483       0.3364135289395107       73
-0.644839360916877        0.3383145796052226       73
-0.6608473635764927       0.3378838315369222       73
-0.6793504061255851       0.33595118622031195      73
-0.6975931002372977       0.33248025695642736      73
-0.7060626377158292       0.3302219532918468       73
-0.7247042267838492       0.3231280419792449       73
-0.7258708331266487       0.32258468485505054      73
-0.7538778768698873       0.30696899273148326      73
-0.7751835642723206       0.2915984829152758       73
-0.7794765105671055       0.2880652633808537       73
-0.7945165100768382       0.273301634241504        73
-0.8079193110058506       0.2559442998724623       73
-0.8128460659703565       0.2483910349859583       73
-0.8235233565363421       0.23031781696062525      73
-0.8331715526451118       0.21147373728733207      73
-0.8395014900725891       0.1967065162775824       73
-0.8424762377259379       0.1886976784315699       73
-0.850810033493564        0.16304940987359529      73
-0.8576534997134314       0.13634308276663226      73
-0.8587526154498369       0.13132094099038724      73
-0.8630311933323289       0.10975156630904753      73
-0.86559771952493         0.09491796315112123      73
-0.8708321955348064       0.05835032792599693      73
-0.8714960962174382       0.05280163584319723      73
-0.8741218302811774       0.02798294162743857      73
-0.874963192229064        0.018912104307978538     73
-0.8771716068909041       -0.006781688694807775    73
-0.8791405230921433       -0.03269261651845209     73
-0.879854739084705        -0.042949325230254416    73
-0.880730078219277        -0.055523707695797314    73
-0.8817765698355413       -0.07057494335961484     73
-0.8838551010185854       -0.10251409147668974     73
-0.8842227451008935       -0.10833982702680996     73
-0.8852509619862254       -0.12379133843334642     73
-0.8863762727926967       -0.1395528505700046      73
-0.8868752376988519       -0.1464579227969623      73
-0.8872095050787641       -0.15132728917903765     73
-0.8875053658839872       -0.1556955543357295      73
-0.8882096688324175       -0.16555154732859872     73
-0.8889792448469784       -0.17562777473040292     73
-0.8893263618916443       -0.18006083523119698     73
-0.8898026302029085       -0.18622196045511755     73
-0.8903048315787319       -0.1926211963696941      73
-0.8906019401402289       -0.19619949200930384     73
-0.8909289089715204       -0.20003857238710152     73
-0.8915156102649924       -0.20707751370410998     73
-0.8916105685847958       -0.20822309981170944     73
-0.8920309362351415       -0.21310328558680935     73
-0.8924921771193549       -0.21816598914447694     73
-0.8928094395342915       -0.22167321942588342     73
-0.8928569375003454       -0.22221723030333446     73
-0.8931805413082952       -0.225999258231047       73
-0.8932223602739601       -0.2264961277841149      73
-0.8938216717444747       -0.2335357205153209      73
-0.8938762592713807       -0.23416119218384834     73
-0.8941861044276199       -0.237423563207776       73
-0.8944503249149627       -0.2401669842883508      73
-0.8949008494477252       -0.24554753717902517     73
-0.8949438934391585       -0.2461021289372962      73
-0.8953410783896916       -0.2506119744000884      73
0.09834313395084035       0.7373863857054258       74
0.09894049579425457       0.7372281679719161       74
0.1037399870639264        0.7359544723797335       74
0.11092327855705542       0.734063653900132        74
0.11181838669041298       0.7338288752562222       74
0.11551211838940781       0.7328478443268023       74
0.11904582475368627       0.7318888568313474       74
0.12206960945206365       0.7310711473287643       74
0.12647238921889842       0.7299058872516446       74
0.12842555609926143       0.7293925395440042       74
0.13517716969246638       0.7276246078144032       74
0.13915088733443376       0.726573880994086        74
0.14425206199602555       0.7252236835400248       74
0.15164109902430112       0.7233305511226833       74
0.16035176481828703       0.7211042690153676       74
0.16951534137071578       0.7187681037345892       74
0.1820627516262881        0.7157476844219031       74
0.19532730130893988       0.7126517755606254       74
0.20864015001133276       0.7095021400963037       74
0.21986168560586603       0.7069050099539865       74
0.2333352651853659        0.7038903040314577       74
0.23689199568111263       0.7030965706133475       74
0.2689230575748929        0.6958858882236401       74
0.2850709173200751        0.6920720171984662       74
0.30650836043838864       0.6865364104209234       74
0.3278021531291375        0.680486723053661        74
0.3286930741550102        0.6802215949804733       74
0.32921362498341905       0.6800663980920466       74
0.3293502148029356        0.6800256108816646       74
0.3585329465068847        0.6703961503001254       74
0.38790081550266536       0.6589544285512329       74
0.4089730651558328        0.648595774601939        74
0.43466085834153223       0.6319227192866045       74
0.4366030525004445        0.6305046407556387       74
0.45908295535725274       0.6144883668790652       74
0.4628823630965945        0.6118787568931013       74
0.4769456409427394        0.6028801691696751       74
0.49337501240891063       0.5933223398826719       74
0.5006950635450701        0.589256848119611        74
0.5237821379103348        0.5766025136091769       74
0.5484106092831664        0.5623052797808876       74
0.5786847891856347        0.5426304216287304       74
0.614745749007023         0.5196609986760305       74
0.6206651648754054        0.5160650096777426       74
0.6351475668169773        0.5061653366365118       74
0.6444531512932223        0.49888991967396         74
0.6634344362842587        0.48116814677197506      74
0.6767559508583161        0.4645013120917716       74
0.6858272548737457        0.4483759808764812       74
0.6860547687974714        0.4478768514033312       74
0.6888436297906724        0.4310954226965392       74
0.6848350891405908        0.40507932573064587      74
0.678602497622621         0.37895963145609535      74
0.6776736393892839        0.3759775229916182       74
0.6653320209384959        0.34638210520768664      74
0.6643584857320792        0.34455350819809355      74
0.6545277236423584        0.3278426948093936       74
0.6361836607073695        0.30377813630961653      74
0.6157730164333844        0.28488285743556097      74
0.6081859267158951        0.27925791571389835      74
0.5978202513720151        0.27207413505953376      74
0.5818506509160698        0.26202441191886583      74
0.5489143274066485        0.2456598054438094       74
0.5478972238332532        0.245244146867802        74
0.5178899685719374        0.2334383155617516       74
0.48758919100310705       0.2224297360456401       74
0.45391432142263527       0.21124426178666583      74
0.43056797467566665       0.203921285453539        74
0.39628586806872623       0.19337292744510123      74
0.36275605901380426       0.18331001318709433      74
0.35378320076363046       0.18063657704645592      74
0.33837970558594244       0.17601793202527943      74
0.30338690745929114       0.16551624142047394      74
0.26858139389337476       0.15505761423266895      74
0.24692133646301642       0.14812504876870017      74
0.23029187459133438       0.1424211884785843       74
0.18646000319299194       0.12687880651146163      74
0.18179714094468616       0.12515848122118078      74
0.1578304761277328        0.11537755443543185      74
0.1332132422010837        0.10380042985900856      74
0.12528015962419675       0.09981275382082466      74
0.09923949867521062       0.08645638270009098      74
0.0689979937955889        0.07054903514730522      74
0.037370737864970506      0.052693687924161604     74
0.030310761979612702      0.04845019462375685      74
0.013117737790371026      0.037770881613038994     74
0.0048968462597016316     0.03287018558866886      74
-0.008750996732535953     0.025791815872789062     74
-0.024002939590580703     0.018951350275169046     74
-0.04101713293657509      0.012202659906444578     74
-0.04683078457115907      0.010078482091855015     74
-0.06943327119808186      0.0029084237145453194    74
-0.09254727613288904      -0.003047294795399106    74
-0.10832057739904398      -0.006994656932330828    74
-0.11754226137867219      -0.009458935463019597    74
-0.12369441010586374      -0.011129042746762779    74
-0.14469687931187847      -0.017601878488508617    74
-0.16206452845273334      -0.024227927928453623    74
-0.16686199188790382      -0.026250717872965037    74
-0.19247886777345888      -0.036170529872954625    74
-0.21565733303412588      -0.043454288812604144    74
-0.21753226838026288      -0.04395069766171256     74
-0.2421905416172746       -0.04865432576971844     74
-0.2448151012049444       -0.04892800787519789     74
-0.24689498595154113      -0.04911502298285049     74
-0.2629312625870746       -0.050022074020288944    74
-0.263214942107421        -0.05002937101386082     74
-0.2894279513587642       -0.048675674634562835    74
-0.3136504296947752       -0.04231819619488983     74
-0.33660521903340973      -0.02976032730892666     74
-0.34690530532723163      -0.021844826205199844    74
-0.36082561532072177      -0.00974632978620556     74
-0.3738261292978477       0.003317213425737134     74
-0.3860504072122204       0.017492425681749947     74
-0.39813498929341323      0.03410113073045704      74
-0.40855383983781635      0.05194579383005492      74
-0.41113348822670925      0.057051333901330756     74
-0.42703357184249885      0.09559723906619495      74
-0.436759143254434        0.1241797811646208       74
-0.4462348955685256       0.15144541696636904      74
-0.4640773708238797       0.20046176730777018      74
-0.47298034609017364      0.22100686603137243      74
-0.48544310699782856      0.24281237593185812      74
-0.5005836234332772       0.2643609462853166       74
-0.5233501068525719       0.29137022872360235      74
-0.5335532030164781       0.3011408461892903       74
-0.5488902056264505       0.3123913361638544       74
-0.5518768396084144       0.31421274160666585      74
-0.5819387780884768       0.3300098329337726       74
-0.6125329109484704       0.3413712605322877       74
-0.6231009135312287       0.3439930504271645       74
-0.6423272336551828       0.34617151636205573      74
-0.6498987182082412       0.346242929686721        74
-0.6677052930708123       0.345372426215698        74
-0.6851446951245485       0.3430423704062481       74
-0.7023986546545246       0.339251752835489        74
-0.7178724807179176       0.33415433796200084      74
-0.729729437915517        0.32901401396440216      74
-0.7567493659563462       0.31390122277760585      74
-0.762760299095053        0.3098496253478158       74
-0.7850233168465942       0.2926728360911969       74
-0.7995904273859339       0.27840743649090616      74
-0.8126161629262053       0.26158565824505686      74
-0.8231421814813387       0.24488442131443883      74
-0.8329702871744247       0.22697674694113334      74
-0.8418380641429635       0.2082764835509038       74
-0.8445609465586096       0.20178094749834705      74
-0.8501292224095207       0.1870157518422877       74
-0.8582400032283937       0.1617112364916603       74
-0.8648823913061509       0.13535637167118914      74
-0.8686892553993454       0.11669900529924837      74
-0.8730980075944992       0.09141478179041884      74
-0.8781274474821517       0.05502551806821681      74
-0.8807140517494242       0.030658791639439974     74
-0.882361845900203        0.01264849188037866      74
-0.8844894405840115       -0.013005181767152926    74
-0.8863781637990031       -0.038876700654315775    74
-0.8865579598889723       -0.041532198012803286    74
-0.8867794293072399       -0.04480329367267199     74
-0.888492386505912        -0.07092503071639        74
-0.8904183424915055       -0.10290551325190735     74
-0.8911606187650798       -0.11538403237600865     74
-0.8921606575341592       -0.13098847672278202     74
-0.8931497241864499       -0.14661234828078656     74
-0.8932553171874464       -0.14839063107465295     74
-0.8937489143403181       -0.15736147767293776     74
-0.894151130163425        -0.16484625348691986     74
-0.8947436753779727       -0.17491385288436664     74
-0.8949274284931477       -0.17789940132600068     74
-0.8953019610467793       -0.18401799243816253     74
-0.8956833607551961       -0.1902930432738789      74
-0.8958496866514489       -0.1931513141557551      74
-0.8960189549593025       -0.19622288475911714     74
-0.8963036837519627       -0.20157656695604464     74
-0.8966609049224886       -0.208433341324464       74
-0.8968420285152823       -0.21174674165916219     74
-0.8970854646910825       -0.21621336766435442     74
-0.897431474411942        -0.2233685855347704      74
-0.8975606553348301       -0.22623901420488        74
-0.8977392650281578       -0.23019310045607083     74
-0.8979266353833919       -0.2343249557926799      74
-0.8979599330690511       -0.23507830569996396     74
-0.8980760710369402       -0.2379752277524356      74
-0.8982426848475196       -0.24289193190082942     74
-0.8984001111822058       -0.2486030133046877      74
-0.8984470261298971       -0.25020399146669614     74
0.09723402228880501       0.7345017025226237       75
0.09984796703659483       0.7336629172202824       75
0.10161358853263427       0.7331125569871473       75
0.10540171790396291       0.7319281694700608       75
0.10897813744780051       0.7308047847568477       75
0.1119945061484128        0.7298488206952305       75
0.11339994021584074       0.7293974694705397       75
0.1160866291395389        0.7285347506862377       75
0.12288400251341934       0.7264100300825008       75
0.12589519526578402       0.7254892395620101       75
0.130308413498356         0.7241405474019174       75
0.13456527175014124       0.7228406665270601       75
0.13631863316302348       0.7223104045053371       75
0.14075671643127707       0.7209894481722752       75
0.147562354386722         0.7189995143637196       75
0.14835442897206913       0.7187709267823646       75
0.15548103945390637       0.7167456016411418       75
0.15670856171765837       0.7164008167848996       75
0.15852661313423824       0.7158903510706368       75
0.1714355483696952        0.712370915267193        75
0.18380439400681356       0.7091876285138289       75
0.1869480260687591        0.7084025683217428       75
0.20035155975165592       0.7050197102511357       75
0.21938976694027887       0.7003866150848225       75
0.2258942083941778        0.6988807111954816       75
0.24282749660323055       0.6949808611315111       75
0.2679767762211858        0.689172536073063        75
0.28828433342077453       0.6842128127343111       75
0.3097474660914602        0.6784404264672148       75
0.3263256856997047        0.6736943756975939       75
0.3357301047743538        0.6709076554603508       75
0.3559561529336964        0.6643704973190172       75
0.3859726887467411        0.6531490740647162       75
0.40193592710846193       0.6458424528944169       75
0.4279478818981388        0.6302838172285596       75
0.4340780984850863        0.6261181814040774       75
0.4571061490585856        0.6107423158736036       75
0.4635516051806301        0.6065974867928234       75
0.47830175518290263       0.597777454832482        75
0.49546042559476056       0.5883447377623212       75
0.49872331279373566       0.5866169762832278       75
0.5215122441143588        0.5745768027019209       75
0.5232395291608136        0.5736606012042323       75
0.5504162495404059        0.5580396703690005       75
0.5808434854776586        0.5383130290446827       75
0.6131931715943659        0.5175908954591545       75
0.616392500112607         0.5156453627630859       75
0.6314266711338815        0.5055126435327448       75
0.6350831938455472        0.5027769658096912       75
0.6565387858530043        0.4843058402386264       75
0.6716994390297011        0.4671005630033618       75
0.6821389838714864        0.4505944297017809       75
0.6838158143156201        0.4470427006240479       75
0.6860711217818896        0.43012504014164166      75
0.6858959895040894        0.4290344021460712       75
0.6803922096874537        0.40134899272974445      75
0.6722836184562233        0.37489056591601116      75
0.6605119095746976        0.34921679289921864      75
0.6601839876211327        0.34863821177866056      75
0.6516475046784083        0.3344293703633091       75
0.6484012009895052        0.32949243566454794      75
0.6292268783557292        0.3055556086924944       75
0.607874844280859         0.28682118864221673      75
0.6057252425862499        0.2852725441295853       75
0.6028238973103452        0.2832205967001726       75
0.5796200645312787        0.26840197620489054      75
0.5461886410843997        0.252112893225934        75
0.5223636125682583        0.24286569632990418      75
0.491657139388054         0.23177197463635257      75
0.48945307204330213       0.23101175935883891      75
0.4503604783029195        0.2182856633093726       75
0.4361371540282424        0.2139462148294389       75
0.4014852653848193        0.20356014298993355      75
0.367585565730929         0.19367276094939895      75
0.346705997539131         0.18758725911286167      75
0.3385102016816556        0.18516477848940188      75
0.3036727349072996        0.17486174533370566      75
0.269024326061093         0.1646049034476713       75
0.26467187497672573       0.16329893794229272      75
0.23390045122495057       0.1530901822330617       75
0.22915059937225718       0.1513764769990551       75
0.18606023931833074       0.13546850856312864      75
0.17595358352273716       0.13152222673900296      75
0.15222112072964528       0.12116881940939708      75
0.12781444917400586       0.10904703985342709      75
0.10630287431114475       0.09764156159743637      75
0.0781751975747514        0.0824693123539843       75
0.03671593431303683       0.058142718196860524     75
0.024850731043078115      0.05064774941702731      75
0.0068660613038846845     0.038982149547326164     75
0.004197740789801823      0.03726466031598205      75
-0.009397156427549264     0.02942439370320442      75
-0.024612350688931358     0.021949554821399573     75
-0.04160403568806165      0.0146721791304464       75
-0.05434560098632689      0.009856796496151206     75
-0.0770939755296687       0.0026346562373668492    75
-0.10035723487242988      -0.0033640828978865624   75
-0.10863396813032679      -0.00537488041122146     75
-0.1131178111161815       -0.006498170591928378    75
-0.12387652393803131      -0.009288564468990047    75
-0.14494801674601518      -0.015591392760136605    75
-0.16238288382473096      -0.022030658365243913    75
-0.17659929765899648      -0.02766962467484829     75
-0.20144431529862872      -0.03624372494078815     75
-0.22399339394597084      -0.04210820299546127     75
-0.24458507866954546      -0.04523323936072988     75
-0.24608442245058923      -0.04535376591970848     75
-0.25784624727032956      -0.04590637590884348     75
-0.28495955061973566      -0.04421899558593636     75
-0.31004610899522433      -0.03726731085719884     75
-0.33386088944965303      -0.02378061644736294     75
-0.3377312581554485       -0.020815475010641862    75
-0.35268013427916967      -0.008279527663243358    75
-0.3666198332479585       0.005238341710681039     75
-0.3797042573711902       0.0198898337158951       75
-0.3856443704848679       0.027329451123078923     75
-0.39832261661139134      0.04581579973548733      75
-0.4082453994150964       0.06414727503646614      75
-0.42249123234753516      0.09929119234212344      75
-0.43000948536207767      0.12138117550157322      75
-0.4423633882018787       0.15678576200125766      75
-0.4601220175827594       0.20514328258659273      75
-0.4670535179286222       0.22145254183448673      75
-0.4789621708537984       0.24318312888392138      75
-0.4792818610249733       0.24369118516734622      75
-0.5000718393016531       0.27348106363091357      75
-0.5222909828654115       0.2991773536860351       75
-0.5286699254999868       0.30534641122406947      75
-0.5432955384403229       0.31665491688575875      75
-0.5587827085125666       0.32613838820364943      75
-0.5873440527852314       0.34023279719639576      75
-0.6165898337729919       0.35018828903602295      75
-0.6215053710160634       0.35138281489475537      75
-0.6398779987256726       0.35383175087215374      75
-0.6404473764300056       0.3538571749985494       75
-0.6576057797584962       0.35391194363818074      75
-0.6743050451208863       0.3525791010764354       75
-0.6907208490834517       0.34986659591153324      75
-0.7070232964860136       0.3457683251984622       75
-0.7115606627713154       0.34434148077978927      75
-0.7336174315770947       0.33549231174122274      75
-0.7596427255975434       0.32088625181133257      75
-0.7734728816821569       0.3111515110289453       75
-0.7944138664859943       0.29369814305421055      75
-0.8045564719336502       0.2834046880970582       75
-0.8172131585904223       0.2671070799161817       75
-0.820678566777135        0.2618647221974387       75
-0.8308758630278286       0.24497125058099828      75
-0.8400941045522924       0.22736554913910817      75
-0.8484032861273744       0.2089636075700019       75
-0.8496387347930411       0.20598092537752358      75
-0.8558351219969239       0.18996090579085745      75
-0.8574653134823739       0.1854034702100904       75
-0.8653623139211333       0.16042847398696033      75
-0.8718119500695095       0.13441051815676958      75
-0.8740919608140572       0.12333289616261424      75
-0.8802902614722774       0.08805547485548945      75
-0.8851230859990967       0.05183725698135051      75
-0.8870589724396134       0.03323425974025689      75
-0.8879061367187935       0.024197734244834637     75
-0.8901200070021333       -0.001269671535422772    75
-0.8920964075624327       -0.026951961038529648    75
-0.8929598152303971       -0.03948299362385194     75
-0.8931898078822098       -0.04301423616111266     75
-0.894009056436627        -0.05606007596054162     75
-0.8949176980108696       -0.07125997439213864     75
-0.8966976787235115       -0.10328000334879953     75
-0.8969078920562558       -0.10720773934204224     75
-0.897786100969292        -0.12265943175287579     75
-0.8978432930718738       -0.12362488067538108     75
-0.899102442637121        -0.14675885452135803     75
-0.8994380997370275       -0.15386611869513173     75
-0.8998121431147711       -0.16295627436532195     75
-0.8998585357559126       -0.16416874373097193     75
-0.9002810240565551       -0.1742280550124859      75
-0.9004647016221317       -0.1782816667511477      75
-0.9007441553433206       -0.18442228159459004     75
-0.9008060176326753       -0.18581187440488434     75
-0.901102974943675        -0.1937680217453821      75
-0.901152394817042        -0.19534882130057243     75
-0.9013143129460963       -0.20065599332821596     75
-0.901475217650059        -0.20612832576847528     75
-0.9015722162294325       -0.21014206056140214     75
-0.9015792655753306       -0.2105064147078954      75
-0.9016572196666215       -0.215328104920951       75
-0.9017103374304554       -0.22035256679586862     75
-0.9017434257290571       -0.22495021274436935     75
-0.9017640102473177       -0.22765343729168763     75
-0.9017763875220396       -0.22967247928738382     75
-0.90174635217188         -0.23672355055871697     75
-0.9017245016079116       -0.23858501372490348     75
-0.9016692811956104       -0.2429640774388256      75
-0.901604654392749        -0.24768556580410045     75
-0.9015529940188721       -0.25020383801670537     75
0.09596013643249711       0.7314229537551449       76
0.09857732067283433       0.7303769100586432       76
0.10190713580401542       0.7290963794227892       76
0.10515114881203269       0.7278660351381879       76
0.10853661302989315       0.7265500192365961       76
0.11265186311176864       0.7249731770034995       76
0.11612468306603801       0.7236911779314821       76
0.11988786384343711       0.722322978001491        76
0.12384601348635513       0.7209040328560741       76
0.12707957296986344       0.7197467535176761       76
0.1297975966154752        0.7187789137160302       76
0.13735323494652119       0.7161901778667839       76
0.14273714390661388       0.7144103569911145       76
0.14925222264561017       0.7122790222668249       76
0.15670944947934          0.7099384304377766       76
0.16495513748083845       0.7074799144191485       76
0.17516112974942877       0.7045372798050857       76
0.18582122562707695       0.7015910470720583       76
0.19127659220526438       0.7001120113422187       76
0.19820471850572263       0.6982521604581615       76
0.2188576245576182        0.6930363777881401       76
0.2201968568917247        0.6927147267413105       76
0.23705165581210064       0.688680426532361        76
0.2537777219606024        0.6847029398221509       76
0.2669064872671727        0.6815794173636911       76
0.26715839854471063       0.6815192163432336       76
0.28881783609272127       0.6760682872917961       76
0.2959993869769608        0.6741553658695545       76
0.3237226134190693        0.6665173433238767       76
0.342861490973786         0.6608846778860646       76
0.35308307483315715       0.6576520035282825       76
0.3838228623830191        0.646676209100046        76
0.3935921552405991        0.6425779030089727       76
0.4199884609487461        0.6283406089535414       76
0.4312958765629942        0.6212847851148587       76
0.45492792569830737       0.6066145792236387       76
0.4642580319059256        0.6010227770856227       76
0.47973321827325155       0.5923912218603935       76
0.49766170917048036       0.5830905685318096       76
0.5189733477432981        0.5723110270606258       76
0.5252830882191076        0.5690293403762708       76
0.5526078080368089        0.5533786487749162       76
0.5832022879512637        0.5335954240974723       76
0.6115137411220483        0.5153516548293977       76
0.6117760575276167        0.5151919511347389       76
0.6274063928674212        0.504807434861708        76
0.6481722368017513        0.4881128293773954       76
0.665564331882941         0.47025425538744287      76
0.677663974506909         0.4532860918008973       76
0.6812118910173369        0.4460725761011674       76
0.6828466711477801        0.42899647689329173      76
0.6777926312817626        0.4071853229787069       76
0.6686840167176955        0.37995621109415223      76
0.6554908656795706        0.35343058674212474      76
0.6460142393299797        0.3388364043194347       76
0.6362590601159566        0.32569781868355896      76
0.626199546469054         0.3140404228762799       76
0.6156679824429587        0.3036901522766122       76
0.6044870841286258        0.2944923715400378       76
0.5971156844969535        0.2892610637123929       76
0.576728372575916         0.2766697355108959       76
0.5426551105004107        0.2604785598300392       76
0.5280887535526655        0.2549303765001971       76
0.4968630918599686        0.24372769419870144      76
0.48507461581338585       0.23974200670835855      76
0.44576098612296644       0.2273988599667956       76
0.4431902486607406        0.22664230003266245      76
0.4080700490631186        0.21646175572864523      76
0.37370190096592426       0.206796676699471        76
0.33756840022615314       0.19656150102151398      76
0.3040389187317399        0.18683460654110035      76
0.26959178239278125       0.17683627906308733      76
0.24805438142272157       0.17016562853167483      76
0.21763266432853653       0.15929342660805695      76
0.18553491249679183       0.14675617401462537      76
0.1685143095527541        0.13962373802124212      76
0.14508000298437657       0.128541521286557        76
0.12094139265456293       0.11572635629438958      76
0.11596831844348521       0.11294723516129557      76
0.09073318046997476       0.09878088621351726      76
0.0758562355941961        0.09014420405432827      76
0.03590745616700883       0.06487057096966943      76
0.03321048007476896       0.06308107640899481      76
0.018474838451832808      0.05321392046772846      76
-4.3426689138918034E-4    0.040396594692052076     76
-0.010239262347000459     0.034158541186353246     76
-0.025406564096639828     0.025856956993944243     76
-0.04236891515204423      0.017890573550245738     76
-0.06238020777481823      0.00997708416850003      76
-0.08528056526747332      0.002623934096563137     76
-0.10870017303556934      -0.003480194589903043    76
-0.10911575977982042      -0.0035780894234025695   76
-0.12407492748922594      -0.007283459080451403    76
-0.1452216179226945       -0.013401073093654497    76
-0.1627297154497339       -0.019636847422473538    76
-0.17133874326134782      -0.022969978283685924    76
-0.19686000147643073      -0.031696264039453574    76
-0.22002818041459526      -0.03762731033934183     76
-0.2411914491121635       -0.04072989830750405     76
-0.2484824695201971       -0.041112638784785896    76
-0.2516656061599253       -0.041159830646481044    76
-0.2798153615489405       -0.03908830096095719     76
-0.3058966809933167       -0.031452543859009016    76
-0.3307015151956576       -0.016896550971342135    76
-0.3432631973172987       -0.006583767393590494    76
-0.35828868186669455      0.007459345462663023     76
-0.37236751535451734      0.022661461347739123     76
-0.3865477320738402       0.04079113300007403      76
-0.39854636343541733      0.059785620402519335     76
-0.4078775821605064       0.07869762248994816      76
-0.41739482756486823      0.10343572648873738      76
-0.4224349081909905       0.11824053416770632      76
-0.4380383183204759       0.16275174973659826      76
-0.45570327894858886      0.2103732560347123       76
-0.46051173753345487      0.22194445979666538      76
-0.47180878967693474      0.24359235019541342      76
-0.47932275079377307      0.25564244409830655      76
-0.4994973881412179       0.2837179226282024       76
-0.5211021710874092       0.30794044678957067      76
-0.5232346638800494       0.31002735473925774      76
-0.5370684748072628       0.3214004339248806       76
-0.539717462963554        0.32323077859594024      76
-0.5665503898679628       0.3395522864412392       76
-0.593423874465242        0.35173152820357056      76
-0.6211530370746604       0.36010563164258236      76
-0.6371030289754552       0.3625107545842816       76
-0.6482956193884499       0.36300068813846054      76
-0.6641691833119234       0.3626127330401679       76
-0.6796696922261687       0.36093183832137804      76
-0.7103668121386562       0.3539276635033131       76
-0.7217605874944355       0.3500842433051187       76
-0.7382348275175862       0.34318596262126255      76
-0.7630788904230346       0.3291816986437887       76
-0.7646977231623405       0.3281051980622277       76
-0.7854359503917345       0.3126053665982006       76
-0.8049005805573595       0.29484313470745643      76
-0.8102741827548513       0.2891583295133238       76
-0.8225059608602682       0.2734642303875611       76
-0.82921955068107         0.2631140116397054       76
-0.8387551821870932       0.24662933700322043      76
-0.8473682172298209       0.22943377098987114      76
-0.8569242338409477       0.207238412585221        76
-0.8607208221655883       0.1973262854412673       76
-0.8693080845584344       0.17163181599048194      76
-0.8764897299959216       0.14498421920662358      76
-0.8790900173934201       0.13341709479583314      76
-0.879743234755753        0.13027200012821408      76
-0.8818349703725767       0.11973872563697566      76
-0.8878405689536083       0.084528930782671        76
-0.8924669899725609       0.04849027397078437      76
-0.8937443655520516       0.035947929074079954     76
-0.8951093046736964       0.021294084412535143     76
-0.8972733689118682       -0.004103541803358091    76
-0.8996349091177172       -0.036926316967211936    76
-0.9002134303573381       -0.04625723394784964     76
-0.9010468319039456       -0.06052049970243509     76
-0.9020987359749886       -0.07987387211641057     76
-0.9032897293203054       -0.10367314325650634     76
-0.9037930459724547       -0.11376553465124845     76
-0.9042921774309867       -0.12380727573868616     76
-0.9052977936367281       -0.14691133235001644     76
-0.905432696301286        -0.15045060185229525     76
-0.905734966095677        -0.1594426392209799      76
-0.9059872497093311       -0.16865430543680848     76
-0.9061140493618419       -0.17350563773786765     76
-0.906242313656989        -0.17804415725611358     76
-0.9062607905633677       -0.17870091467651664     76
-0.9064315233277349       -0.18644933557015306     76
-0.906521827513354        -0.19440416568435767     76
-0.9065292002152424       -0.19557648343636785     76
-0.9065630983992766       -0.20087064635411556     76
-0.9065686172696883       -0.20591632356642559     76
-0.9065048993388432       -0.21215870712603255     76
-0.9064408253116518       -0.21585299374217715     76
-0.9063399442386106       -0.2208478166683481      76
-0.9061479411224975       -0.22696876551064532     76
-0.9059990706476262       -0.2302320773150434      76
-0.9057903300953245       -0.23396585501392292     76
-0.9055152980566401       -0.23836120309305667     76
-0.9052668033455717       -0.2424035544219676      76
-0.9051530996426674       -0.244217566466085       76
-0.9046589820566164       -0.2506115140501162      76
0.09393341571315952       0.726524741026126        77
0.09435743983445757       0.7262969748994061       77
0.09759212075678027       0.7245583744784183       77
0.09802501986160786       0.7243260713755812       77
0.10416072964135735       0.7211562137871882       77
0.10444775808862296       0.7210138827187899       77
0.10771748850542083       0.7194093270955261       77
0.11086721191667238       0.7178954408064214       77
0.11353021420048191       0.7166425145045787       77
0.11524079023696657       0.7158452602699454       77
0.11739957082758753       0.7148473366747725       77
0.12438031860716506       0.7117597838378406       77
0.1274103187435667        0.7104778152130189       77
0.13223088507371575       0.7084755055517452       77
0.13690124815587673       0.7065831897347695       77
0.1387225053351715        0.7058636805763531       77
0.14156746995751468       0.7047639449712585       77
0.14699743567267778       0.7027230169530474       77
0.15784534820522672       0.698886435782766        77
0.1637844368295742        0.6968941836489289       77
0.1735895894033178        0.6936716277387605       77
0.18429527406552335       0.6903538874242436       77
0.19727366625919596       0.6866315243478834       77
0.19756904475238057       0.6865494528872605       77
0.21799460651927927       0.6811159076662285       77
0.22183360538851818       0.6801409920081631       77
0.2384785174471268        0.6759257574285226       77
0.25499255409084964       0.6717630906584542       77
0.26456215070095745       0.6693925725370109       77
0.26936023080083255       0.6682216330935354       77
0.2915529910067135        0.6626725800556137       77
0.3196456774866071        0.6552766638427407       77
0.3335669159575929        0.6513901724099459       77
0.353966048930872         0.6452775108832322       77
0.38039933049790287       0.6363683721656089       77
0.40606439482937684       0.6249411957704599       77
0.4269450189952717        0.6137262871187912       77
0.45152160519022577       0.6001595965716578       77
0.46530834388370423       0.5927343245562222       77
0.4818615109548635        0.5843829956663402       77
0.5009345673782425        0.5752786940960372       77
0.5149077683024611        0.5686828006509945       77
0.5284411278139187        0.5618723634299772       77
0.5559945604176102        0.5461756806558172       77
0.5868474929076609        0.5263050141846782       77
0.6089514522508195        0.5119352696677594       77
0.6212906775723666        0.5037346595039309       77
0.6329727895637547        0.49502895814158177      77
0.6544187285038906        0.47598354481168104      77
0.6695342583826426        0.4581760142536809       77
0.6767942679224372        0.44442673480467815      77
0.6773763074089573        0.4270818402090038       77
0.67409210512742          0.41549339812057795      77
0.6635599472341678        0.3871672082424947       77
0.6483433589087255        0.3594289648985768       77
0.6395307086448839        0.34697574560636746      77
0.6281616607350553        0.3328563863389473       77
0.6163381286568719        0.3203243185231067       77
0.6038619151942872        0.309192361501917        77
0.5963813213251629        0.3033664771443617       77
0.5805793975906282        0.29288660003613054      77
0.5726330950384184        0.28837871748199795      77
0.5376508470269672        0.27232620026298787      77
0.536064259217865         0.27173728576392686      77
0.50411533307911          0.2603828140220823       77
0.4788824852967749        0.2520885572256759       77
0.4392562606231877        0.24028698769107018      77
0.41712363959192855       0.23420051900533664      77
0.38211140953293643       0.22484109017463616      77
0.36959992607567715       0.22153370844494846      77
0.3246781176120623        0.20922134041774687      77
0.30454994209018005       0.20354318659291923      77
0.2703836891375173        0.1939056257358629       77
0.2558341913652468        0.18961061008238         77
0.22560114135599935       0.17944376977278584      77
0.1956519412217446        0.16767513198929654      77
0.18477541359783325       0.1630754806457035       77
0.18057618912251655       0.16126960880572552      77
0.15822020601190384       0.15083421317153753      77
0.13519847344751423       0.13874350562071863      77
0.11143079313386497       0.12496886776833195      77
0.11042745412231599       0.1243617937502054       77
0.1041719676212329        0.1205298640806247       77
0.07174207373308694       0.09937195787216448      77
0.0348699804985609        0.07350405548249307      77
0.026338521970454734      0.06738159771905296      77
0.010804400662022675      0.05630112043553272      77
-0.009216835365634418     0.042098225222123475     77
-0.011382969141462224     0.040588227188311884     77
-0.02648522563988219      0.03116379822401996      77
-0.0434077367773231       0.022261638377318305     77
-0.05888455023340609      0.015311524080917543     77
-0.08165854212974612      0.006879763018074353     77
-0.10496143517507532      -7.392816921124616E-5    77
-0.11138067135281807      -0.0016731737675382363   77
-0.12432305157068536      -0.004775868214436239    77
-0.14556378438212036      -0.01066185269121624     77
-0.16316346412941635      -0.016643140214178988    77
-0.16505098108465044      -0.017352650415084866    77
-0.19138052671418665      -0.026260838323068428    77
-0.21528869522340388      -0.03227145138774855     77
-0.2371351588507859       -0.03534720754854154     77
-0.25158877882080927      -0.035618896467858326    77
-0.2738595651824429       -0.033148128081515224    77
-0.30109259080986905      -0.024720371366271417    77
-0.3270436811923978       -0.008926374995194025    77
-0.3323163433034439       -0.004612506442227441    77
-0.3486040149407834       0.010041183265720646     77
-0.36383881391804973      0.025883379811185558     77
-0.3733977038517049       0.037175768209139454     77
-0.38763518037921696      0.05699603181729655      77
-0.3988157053109084       0.0766022063590528       77
-0.4074348112312627       0.0962130347834184       77
-0.4117104042279767       0.10805845322027209      77
-0.413984555536979        0.11473677069266448      77
-0.4154366821086446       0.11898564745852738      77
-0.43323624180873593      0.1693757189113842       77
-0.4507972030727039       0.21618003681303652      77
-0.45334927748038745      0.22248305059926918      77
-0.46397670057753604      0.24404039814556944      77
-0.47936838024816714      0.2689790180225004       77
-0.4988563502044413       0.29514137412879843      77
-0.5197755597027117       0.3177193026954651       77
-0.5301975353798881       0.32663663545561056      77
-0.5504957161374511       0.34073875192609476      77
-0.5752027164819842       0.3544938659691176       77
-0.6001961145358155       0.3645398260428908       77
-0.6262359342180646       0.37115244000779535      77
-0.6339850369752282       0.37226259571416653      77
-0.6354751937859211       0.37240923463057063      77
-0.6505779696096308       0.373257013021254        77
-0.6534217798112765       0.37328398204660806      77
-0.683197185665881        0.37116573015763804      77
-0.7130462769659184       0.36433529107353463      77
-0.7238071390578155       0.36068659224518146      77
-0.7429130133896016       0.3526773197673677       77
-0.7437051485687515       0.3523007842462235       77
-0.7671497834160572       0.3390094799346387       77
-0.779721227037631        0.330078162523327        77
-0.7985949124501537       0.3142045574695974       77
-0.8164356035462441       0.29610258594760575      77
-0.8167872072817236       0.2957122824561721       77
-0.8285349735328871       0.28070563839784124      77
-0.8373424031297427       0.2669557403609021       77
-0.8462760525910139       0.25103309514174665      77
-0.8468929976595316       0.24984654267307277      77
-0.8653086820745304       0.20868557994163708      77
-0.8716586066044596       0.190915912319947        77
-0.8793690416755027       0.16519797780257153      77
-0.8857254977747513       0.1385044879689678       77
-0.8871554348679314       0.13155095836537548      77
-0.8900334911541532       0.1166366543350836       77
-0.8951168454509486       0.0861861709494249       77
-0.8959142341841354       0.08075794048392665      77
-0.9003199446122885       0.04491129120400428      77
-0.9009215934556216       0.03886123917211147      77
-0.9026904278270078       0.01980454341505588      77
-0.90362486394523         0.008960359943860812     77
-0.906749734669436        -0.034201215461344026    77
-0.9076586597199812       -0.049694899117112425    77
-0.9084892906929614       -0.06512927181176666     77
-0.9094512172506153       -0.08448899327461816     77
-0.9103386149990415       -0.10412085781482626     77
-0.9111207847820423       -0.12400041058197439     77
-0.9118579390855305       -0.14707278837305374     77
-0.9119988000367729       -0.15241466546310983     77
-0.9121935877567293       -0.16143904010705318     77
-0.9123398224168768       -0.17068409457084455     77
-0.9123743244820528       -0.17412017502095656     77
-0.912391114780551        -0.18033569144173311     77
-0.9123444699250793       -0.18760296570066087     77
-0.9122274405918054       -0.19506178507779887     77
-0.9122261333691739       -0.19512626331240437     77
-0.9120886338683859       -0.20055043283134294     77
-0.9118555883474002       -0.20709262386425045     77
-0.9115438294360353       -0.21387371877830924     77
-0.9115230608851282       -0.21427554721631326     77
-0.9114251117213273       -0.21603608596138554     77
-0.9110026335125868       -0.2223389623710245      77
-0.9104462387157215       -0.22910348717417345     77
-0.9102059665584781       -0.23171526585648825     77
-0.909839847894116        -0.23544314420108078     77
-0.9093531604999223       -0.23984612218251558     77
-0.9089835451987871       -0.2426770385176784      77
-0.9086877942155505       -0.24474536590502224     77
-0.9077649700943606       -0.251019190083527       77
0.08941830561718289       0.7199416362177999       78
0.09165482692069662       0.71827003313447         78
0.09432031993462044       0.7163605599316296       78
0.09475464357079123       0.7160575222061405       78
0.0976404485250683        0.7140532559841675       78
0.10038049165773574       0.7121668471602186       78
0.10326886638329721       0.7102423399893258       78
0.10430534933370747       0.7095749925150144       78
0.1077590507324759        0.70739906049094         78
0.11289863348147179       0.7043085566173354       78
0.11424425944897637       0.7035268926460859       78
0.1178041149967085        0.7014845038366473       78
0.12379881462187858       0.698213402123376        78
0.12619855618134124       0.6969722392962225       78
0.13084309990531637       0.6946431708024142       78
0.13710808590327056       0.6916620899404351       78
0.13839892905360793       0.6910695844199135       78
0.14526944497647315       0.6879814633098189       78
0.15543062757951814       0.6837217602668942       78
0.16246177805186146       0.6810218519093338       78
0.1663717931307242        0.6795909704548855       78
0.17904847199399143       0.6752271761827155       78
0.18725227491466803       0.672586717290451        78
0.20001277182092886       0.6686586247081202       78
0.21267354251841264       0.6649837046382485       78
0.21634488020459922       0.6639676064808387       78
0.21826433519542282       0.6634470052385144       78
0.23708881341377627       0.6585012453255012       78
0.25970223468414466       0.6529282883828631       78
0.2652397442412663        0.6516118124379062       78
0.2838263359928205        0.6471853330647618       78
0.28540952561253546       0.6468071245836436       78
0.3140126850624144        0.639745720161275        78
0.3270089516455635        0.6363343563754853       78
0.34771905725224805       0.6304754621860057       78
0.36918183914874675       0.6238921140103294       78
0.37556800086274666       0.6218218279163173       78
0.3828146740516718        0.6192650228309513       78
0.3966743970908927        0.6138427791015075       78
0.4210119077442144        0.6034190295716221       78
0.4468765258658328        0.5913571640392833       78
0.4510243846831533        0.5893721745254732       78
0.4666537197657992        0.5821173989485312       78
0.48458770441400656       0.5741250203144591       78
0.5051268688956938        0.565272231557098        78
0.5091546557754668        0.563548576830805        78
0.5326669441691542        0.5522955138289193       78
0.5605264205074705        0.5365372896318601       78
0.5917251919549552        0.5165496160900885       78
0.6055810327140025        0.5074413769520034       78
0.6132603600416823        0.5023260382149364       78
0.6346826121783655        0.48612870418025345      78
0.6551385350049743        0.46683486160979004      78
0.6603771250652852        0.4606787623999165       78
0.6699620955612151        0.44188132267347646      78
0.6689159958026158        0.424120716646589        78
0.6571678671858711        0.39616265046833055      78
0.6394271184924204        0.36691171146539325      78
0.6305149528439735        0.35542360329753464      78
0.6171418788891336        0.34027476322686345      78
0.6031121091583125        0.32682302194707435      78
0.5939837631637873        0.31916617465030034      78
0.5764505636930294        0.3065344396432485       78
0.5601857366571561        0.2973578552161558       78
0.5320898643513285        0.2854918785979635       78
0.5120272732667448        0.278552964169967        78
0.4720048382820523        0.26580196589491367      78
0.43203141195516764       0.2546019303316419       78
0.4268519532906853        0.2532612721103627       78
0.39114764075324004       0.24423027220555318      78
0.35480414358953083       0.235042005522284        78
0.3103945849858019        0.22324952230273032      78
0.3051084936855609        0.2218057647908746       78
0.27124924795857686       0.21256252401404008      78
0.26154633547177214       0.20982956173604914      78
0.23154421469405612       0.2002841311723647       78
0.20183223172708423       0.18915861087032412      78
0.18043358241325666       0.18012324763048548      78
0.1693892511172468        0.17497852609761191      78
0.15792937872367743       0.16918424299755375      78
0.13339487266984656       0.1556530701828443       78
0.1079950177345903        0.1401504356104611       78
0.09008966367627268       0.12740435452299143      78
0.0672571736103138        0.10943124956453792      78
0.03373901508935314       0.08291552665418986      78
0.03196461465082423       0.08151351938877424      78
0.019360320986910498      0.07174860659484315      78
0.0030153752173732312     0.05943604959614591      78
-0.01813518542462975      0.04382616355619433      78
-0.02771987773795298      0.037238087884096986     78
-0.0445967875108054       0.02726482440295975      78
-0.05434484866956438      0.022239195034302255     78
-0.07695473350209427      0.012406675474899834     78
-0.10010605277247828      0.00434968393056801      78
-0.11410548852468452      6.185478837343089E-4     78
-0.12461741342943047      -0.0018009892589128896   78
-0.1459697133608975       -0.007412180170793043    78
-0.16367804162156663      -0.01309155742064871     78
-0.1851750159982654       -0.020105213196179993    78
-0.2099212234459004       -0.026205935702544127    78
-0.23254140602299558      -0.029251304814325696    78
-0.255442419656255        -0.028803441957981818    78
-0.26751848748730883      -0.026823684559074613    78
-0.2959777233373961       -0.017552693660964104    78
-0.3231492213782496       -4.406071820191454E-4    78
-0.33825189702477654      0.01280095699689069      78
-0.35472232869288334      0.02932734748756672      78
-0.371825748437683        0.04964458951450851      78
-0.38581747126390326      0.07011508177512744      78
-0.39676551898236395      0.0904176030118287       78
-0.4051614738243917       0.11077187795093198      78
-0.4058082692535207       0.11263749153984687      78
-0.40804446123273935      0.11921661894292307      78
-0.41062494118644843      0.1266921835418206       78
-0.42831138814464176      0.1761690465023838       78
-0.445765691039397        0.22213528253284284      78
-0.4461168120050528       0.22302690555361487      78
-0.45606806114479215      0.24449282528747157      78
-0.4617127668588195       0.2546770676901442       78
-0.479415455098529        0.28273805218487585      78
-0.4981950062249743       0.3069266842348528       78
-0.518406925489307        0.32780792164984807      78
-0.5231961722055838       0.33197223023969835      78
-0.5420613328663584       0.34634945372332937      78
-0.5566836766269407       0.35584355533753975      78
-0.5926815858775096       0.37289800871915135      78
-0.6304183369698487       0.38207255043611066      78
-0.6311238490777892       0.38216912284019505      78
-0.6326123147569765       0.38236753044698324      78
-0.6592399967942002       0.3841866622850116       78
-0.6875465956824944       0.382107618722239        78
-0.7159318015790909       0.37554329993151714      78
-0.7262489419434335       0.3720170095854107       78
-0.7444210964371462       0.36434339044230724      78
-0.7620038124433033       0.35501766133939505      78
-0.7713568046861216       0.34916589647494345      78
-0.7757854147280989       0.34613596182051914      78
-0.7939650024462958       0.33194872899746347      78
-0.8110709168314977       0.31572074941768424      78
-0.8273719522270393       0.2972966709461364       78
-0.834459080974177        0.28782104541530323      78
-0.8360562353234131       0.2854605203412533       78
-0.8452817661947536       0.27069671856402233      78
-0.8560188064553271       0.25081650089217394      78
-0.8735551893544363       0.21010893849874854      78
-0.8776502342993534       0.19844897449710158      78
-0.8852637370232974       0.1732178284360455       78
-0.8915459570047699       0.14703078663269162      78
-0.8951176877744429       0.12928615217064163      78
-0.899703915263472        0.1032880822043666       78
-0.9041297688463621       0.07273591448452557      78
-0.9076412160883525       0.041558679807694475     78
-0.9103341781837422       0.011354753987992853     78
-0.9133608251765153       -0.03166905320869142     78
-0.9135379750735243       -0.03466816054774052     78
-0.9145389294151953       -0.052871707021117265    78
-0.9148913197192525       -0.059824112329796945    78
-0.915807720408332        -0.07907387206826792     78
-0.9166488041609714       -0.09855704047461128     78
-0.9169298632114371       -0.1057538778526542      78
-0.9169497742009128       -0.106293270329604       78
-0.9173739712857941       -0.11982269702368804     78
-0.9174845039484892       -0.12418039690140346     78
-0.9179714731022096       -0.14722325255052354     78
-0.9180754053385586       -0.1538897973377998      78
-0.9181724566570044       -0.1629357050457753      78
-0.9180998771978481       -0.17799317156969335     78
-0.9180655857907525       -0.1798696497649177      78
-0.9178952405146146       -0.18701744855743246     78
-0.9176584817043969       -0.19435599587949356     78
-0.9175741918963081       -0.19646833235899835     78
-0.9173261754566545       -0.20130058625456074     78
-0.9171545928247545       -0.20411103629066965     78
-0.9167135359975728       -0.2106617715202355      78
-0.9165776630500007       -0.21247455732762194     78
-0.9161725642526932       -0.2171419128010335      78
-0.9160465197206104       -0.21844282335634235     78
-0.9155525337481036       -0.22313621426037117     78
-0.9149770820016428       -0.22803233196353348     78
-0.9146407353942982       -0.2306370598763169      78
-0.9142560919512802       -0.23330395418309757     78
-0.9138059637783327       -0.23615653484666665     78
-0.9129785016197407       -0.2410681683395574      78
-0.9128218190063281       -0.24195010030301572     78
-0.9122143952495698       -0.24513041903235436     78
-0.9115087903989412       -0.24848599167860178     78
-0.9108709581321051       -0.2514268661169378      78
0.08363790259737547       0.7133262448324524       79
0.08483850112795932       0.7120426587793212       79
0.08596064386514113       0.7108728500086869       79
0.08824435571455844       0.7085494934921044       79
0.09223063761355271       0.7046969279755712       79
0.09374067407033385       0.703301199481902        79
0.09623933464309281       0.701041187889454        79
0.10006904991828224       0.6977582994262161       79
0.10271437187302417       0.6956218044805609       79
0.10426462121622498       0.6944068398282436       79
0.10939899269689919       0.6905884058801864       79
0.11052422406911246       0.6897915574865402       79
0.11423900561148737       0.6872200989072603       79
0.11788541550322522       0.6847887091028669       79
0.12095715860046019       0.6828329321668362       79
0.12472558947312136       0.6805430006236611       79
0.12563561313841903       0.6800039614142686       79
0.13240510511943449       0.6761818754796329       79
0.13384170155048591       0.6754114021523907       79
0.13860124135429278       0.672929052482816        79
0.14331764271110692       0.6705784863477005       79
0.14646327907620701       0.6690784015409055       79
0.1495832885627685        0.6676386988636315       79
0.15897207200083005       0.6635241540135299       79
0.16829670296800212       0.6597662366902964       79
0.17262033466844662       0.6581380909337324       79
0.17306444472692142       0.6579750192886076       79
0.17385743515251983       0.6576847238200914       79
0.19069377753711964       0.6518934858703154       79
0.21095149380256845       0.6458815400775185       79
0.21644429269776186       0.6444081826020066       79
0.23190400171955616       0.6404390168265892       79
0.2544237951017512        0.6350461420917795       79
0.26185011364431754       0.6333316420236124       79
0.2803999239961823        0.6290383800428226       79
0.2993286489989253        0.6246422018481441       79
0.30781206232191016       0.6226497407384733       79
0.31188988400966455       0.6216722296113484       79
0.3326657047269101        0.6163694984084944       79
0.34203266796502096       0.613832196348877        79
0.36856820841120336       0.6063702840934075       79
0.3698423043606422        0.6060025950290276       79
0.3915442783386429        0.5996252916710187       79
0.4144976559240957        0.5921021894862271       79
0.44177646703276624       0.5816925446315024       79
0.4555565091269116        0.5761410422354192       79
0.4731708758803784        0.5691428063587095       79
0.4932432087182831        0.561263487635685        79
0.5063952360716816        0.5562441722757226       79
0.5311064535178157        0.5453629401653883       79
0.5370623227492725        0.5423343900925905       79
0.565240122924374         0.5265121551034708       79
0.5967986102274221        0.5064027795451554       79
0.6021400433953259        0.5028533911937679       79
0.6050789560189959        0.5008909144061723       79
0.6315835725920045        0.4810028765585343       79
0.6341104446980611        0.47886328827919655      79
0.6535857073954188        0.4579003887117282       79
0.6614089752179699        0.43869474962902466      79
0.6583246261057544        0.42041371910005465      79
0.6506529399073442        0.4053309730639041       79
0.6303395198592386        0.37453826641434856      79
0.6179356195258966        0.3599767527843591       79
0.6023716409176151        0.3442341169447134       79
0.5930906140327951        0.3359506913002129       79
0.5737280697179358        0.32088546196275913      79
0.5558874651909518        0.30980291172634106      79
0.5391450483735936        0.3019709693983557       79
0.5270169230167339        0.29750211450753766      79
0.5191193790111177        0.2948403251944258       79
0.5079355217058728        0.291164514709809        79
0.4657341752072259        0.2783051032597891       79
0.425444189367736         0.267653513531876        79
0.3991313711475195        0.2613610868257714       79
0.38808628156890834       0.25875052283180605      79
0.3413342953529127        0.2473397472427535       79
0.29739108098466793       0.2360205589953371       79
0.27202612885912786       0.2293079924711663       79
0.2592713249060254        0.2257863740547737       79
0.2295506105806982        0.21641172142915344      79
0.17353313193579714       0.19442992039946136      79
0.16672969983123925       0.19130615916651958      79
0.1449721803411968        0.17986776065205404      79
0.1286379077280425        0.1700777320642229       79
0.10492823949281546       0.1547372003282726       79
0.09579759411501279       0.1482247828714657       79
0.07339648000227378       0.12910072731693448      79
0.06288307925687997       0.11924201229874704      79
0.03263599177223951       0.09209447418539343      79
0.026121857454185146      0.08649528755967889      79
0.013009555926525026      0.07572296151127014      79
-0.00407331007056589      0.06228910565270816      79
-0.026251653563698067     0.045398736548057886     79
-0.028970615556539146     0.043391516700829566     79
-0.045801329845369415     0.03233319466327205      79
-0.0489461726508207       0.030477677347693796     79
-0.07136089908858836      0.018979356370053248     79
-0.09433196472503629      0.009610304749680672     79
-0.1170494204463226       0.00309455713468488      79
-0.12493036736041163      0.0013617848426415377    79
-0.1464012810583873       -0.003957256377324083    79
-0.16422512013795276      -0.009315654519440018    79
-0.17890914319524237      -0.013889711228031107    79
-0.20450154133249024      -0.020081419686364444    79
-0.22790296895872403      -0.023096106168998917    79
-0.23467871405787857      -0.02334312838388689     79
-0.2597991785618037       -0.021098185189331542    79
-0.26142497564500644      -0.020746157464660464    79
-0.29106254850217217      -0.010664853599863744    79
-0.3194068075271953       0.007713862633148737     79
-0.3282694052092272       0.015462192012536059     79
-0.34593135085770155      0.03264834705706878      79
-0.3541853837001667       0.04162493801512087      79
-0.37130658725313914      0.06306767790766053      79
-0.38484685792302153      0.08415070792196083      79
-0.39539100035503866      0.10512560846070146      79
-0.39968368336235494      0.1165200058698432       79
-0.4131606232112479       0.15667758536923038      79
-0.4229999076314658       0.18349568594799415      79
-0.44033917891548185      0.22855804628368073      79
-0.44769317795692953      0.24497192469473011      79
-0.4511203193388872       0.25164666326932117      79
-0.46746345515153886      0.2800504142273515       79
-0.4846709206506782       0.304520820389684        79
-0.5153383759146783       0.33750238944773997      79
-0.5178395875497958       0.33971539538377443      79
-0.5495045631488067       0.36368064237909403      79
-0.583955779082527        0.3813307053987108       79
-0.6199292945829801       0.39132407528651575      79
-0.6330172735559461       0.393286385832062        79
-0.6577907756052304       0.39536594450426527      79
-0.6652784986314186       0.3955021314129981       79
-0.6920606797142901       0.39346378065189874      79
-0.7189265757047589       0.38717565779632723      79
-0.7202776801338764       0.3867424537474654       79
-0.7377998975198485       0.38016224738710125      79
-0.7546971455581692       0.37202596436161994      79
-0.7711155062691721       0.36230832093220194      79
-0.7767955733452853       0.35854387719233255      79
-0.7812840765630162       0.3554186070830328       79
-0.8037673315919518       0.33698286743103606      79
-0.8245065366975789       0.3150946404894087       79
-0.8376248063041739       0.2984161286008771       79
-0.8402317029028014       0.2947545041662034       79
-0.8443797357771148       0.2885358306293227       79
-0.8452944247776668       0.28711373780283445      79
-0.8649770291825293       0.2517686468287396       79
-0.8816502580314104       0.21150615854363367      79
-0.8835819243700881       0.2059066792133897       79
-0.8910994644157586       0.18115745198974065      79
-0.8973081909051237       0.15547179193194105      79
-0.9029019812817827       0.1270719652609754       79
-0.9059368171859217       0.1093437781309924       79
-0.9103089895855935       0.07905071722197429      79
-0.9137714600322282       0.04817446490926649      79
-0.9145050933226796       0.040424554186205205     79
-0.9154011803765718       0.03050405584163708      79
-0.9168090803301839       0.013665491953847529     79
-0.9197409353625756       -0.02922536042251545     79
-0.9202173719983271       -0.03772548499255042     79
-0.9211444083361845       -0.05592163654067245     79
-0.9219581058183453       -0.07383434309539838     79
-0.9227559445293244       -0.09321009268978293     79
-0.9232538760123645       -0.10734459393456017     79
-0.9236003435116034       -0.12050140577024657     79
-0.923820885791525        -0.13421122417658793     79
-0.9239420433344613       -0.14737019815294766     79
-0.9239823089554107       -0.155217580294962       79
-0.923959207937457        -0.16223742223349308     79
-0.9234742246116291       -0.18162859857883842     79
-0.9232693668605809       -0.18645056454472048     79
-0.9229166887692376       -0.1936726672741893      79
-0.9227106869587333       -0.19720668747863607     79
-0.9223682099691288       -0.20199650140671552     79
-0.9219467847872116       -0.2068944879728296      79
-0.9218956401738765       -0.20744212160355213     79
-0.9215830249282249       -0.2105881404815225      79
-0.9210714077844194       -0.21513086737332487     79
-0.9204774508122934       -0.2197958260698447      79
-0.9202047093463854       -0.22179202099697937     79
-0.919519142518616        -0.22639049611811174     79
-0.9186950607549687       -0.2312823680688674      79
-0.9185493550379911       -0.23209060503223827     79
-0.9178241861627978       -0.23582158604152775     79
-0.9169824625631515       -0.23971737567165138     79
-0.9164115283888711       -0.2422253883173695      79
-0.9157044746618201       -0.2452114747884877      79
-0.914885030603543        -0.24846662105808065     79
-0.9139040009641994       -0.2521073605170818      79
0.6                       0.49861614733142695      80
0.628635999389982         0.47628487433186284      80
0.6464955571488055        0.45499980331879936      80
0.6524796306747762        0.4353680095056452       80
0.647267376188499         0.41654366267790677      80
0.6452002634790737        0.41300441197832405      80
0.622733642964794         0.3809213209936596       80
0.6185857587310029        0.3761143111210003       80
0.6017651362092549        0.35849524323397697      80
0.5810455899111127        0.3401157269422849       80
0.5611587239524123        0.325501165800427        80
0.5427417013558683        0.3148485694559463       80
0.525372711050343         0.307433614784169        80
0.5232236830075856        0.3067000243314175       80
0.5162769633717164        0.30444197900478437      80
0.5033721628419816        0.30032803640245553      80
0.460937754614892         0.28786873390140566      80
0.4204056328885205        0.2776366495538817       80
0.4050860384953905        0.2741381092731396       80
0.37740379781246564       0.2677965058180548       80
0.3310372072504668        0.25674081307009866      80
0.2874504919009559        0.2457834373643631       80
0.27261276168155374       0.24195271242358088      80
0.24872558143475496       0.2352648298092563       80
0.22643370005886915       0.22812954816366948      80
0.16824088953706018       0.20540230263162904      80
0.14854987703563877       0.1957159128938968       80
0.12766075449582226       0.18333417241807504      80
0.12486588706486776       0.18151572316600986      80
0.10249644715487113       0.16630373037370622      80
0.08321106662686285       0.1509650133817736       80
0.06216237119061183       0.13024234517272928      80
0.059332066911030115      0.1272066643561568       80
0.0317405265398181        0.09954620095933112      80
0.021668822967654877      0.0902921226363953       80
0.008169345238664198      0.07875200052640152      80
-0.00947592376629006      0.06446355113868223      80
-0.03243758792922109      0.04659726688736121      80
-0.0467971412395346       0.03652328471676422      80
-0.06587610244345753      0.025423919340350192     80
-0.08867042803835222      0.01476838296349222      80
-0.09414467536092323      0.012581523772190573     80
-0.11958254254247422      0.005225052645725373     80
-0.12519543376915843      0.004040598207113324     80
-0.1467668112159607       -0.0010309974242652751   80
-0.16468848590295954      -0.006117531975773766    80
-0.17383794043045336      -0.00885927544417351     80
-0.20011519201104488      -0.015124622200903302    80
-0.22414891017009297      -0.01811447609617873     80
-0.23838940049329954      -0.01818804949833932     80
-0.2637126084956958       -0.014176989148770698    80
-0.28711545515076786      -0.005133626609548756    80
-0.3164014908650408       0.01426224690648515      80
-0.3202328688680254       0.01760465426653974      80
-0.33885405851902034      0.03532196144339316      80
-0.3577383258374298       0.05647807124379766      80
-0.37370242944723525      0.07829090842379956      80
-0.38625521385925443      0.09984611891270692      80
-0.39433408754696375      0.11991123635987573      80
-0.4039402195122388       0.15094305593414292      80
-0.41777828092007063      0.19048846178890405      80
-0.41783043906863493      0.19062643455778883      80
-0.43505775431817517      0.23480908593525868      80
-0.43968302005503335      0.24543015937296508      80
-0.4402315878766846       0.24659136539650148      80
-0.4552779860646089       0.27562583831522114      80
-0.47693681266265436      0.3090257666994378       80
-0.5062845056826166       0.342203280099346        80
-0.5208252375659814       0.3552143728954894       80
-0.5422404390140843       0.37161053139643097      80
-0.575126646637774        0.3898632568979107       80
-0.6093160473924119       0.4006851510173143       80
-0.6349973950657036       0.4049126914142422       80
-0.6496947062208744       0.40629998087628405      80
-0.6793417299671918       0.40649165349079364      80
-0.69652454432044         0.4046936046743268       80
-0.7218880328085304       0.39867860505939406      80
-0.7277264249399145       0.396708304012408        80
-0.744100688737092        0.39004236962659805      80
-0.7599266541455363       0.3818989888545695       80
-0.7853317939485958       0.3657214783027834       80
-0.804799109930869        0.350155814716475        80
-0.8249968385838662       0.32958917561033774      80
-0.8437596334279849       0.3054981930013914       80
-0.8469703564596742       0.3008456539693971       80
-0.8526529477498574       0.29223573914356404      80
-0.8555169950407933       0.28766957810944865      80
-0.8741988455676288       0.2527488094420405       80
-0.8899835222554779       0.21294449146924682      80
-0.897161714557978        0.18940526426413448      80
-0.9032940947921094       0.16424044785681424      80
-0.910885167925193        0.12480120461370603      80
-0.9124055221765591       0.11562857307077076      80
-0.9167219825271553       0.0856044214982273       80
-0.9201373763951171       0.05500191653986777      80
-0.9215887617634256       0.03923277579243065      80
-0.9216688761594005       0.038319632805168015     80
-0.9232481366363999       0.019325505592096632     80
-0.9235031783532166       0.016054455694013668     80
-0.9263370324181436       -0.02669894092166958     80
-0.9270871248051941       -0.04086994001187193     80
-0.9279381365528239       -0.059058485887042184    80
-0.9283335518029071       -0.06840308444668186     80
-0.9290865630097824       -0.0876674844608833      80
-0.92915779330572         -0.08962320520466158     80
-0.9297527026467407       -0.10897928196670723     80
-0.9299813384682089       -0.11959637318112513     80
-0.9301497992361445       -0.1332358058659417      80
-0.9301821824881749       -0.1471022094769151      80
-0.9301804985191054       -0.14768173795719983     80
-0.9301706224406139       -0.14952733887816855     80
-0.9298207916421255       -0.16591533607321102     80
-0.9288710645199664       -0.18527924042541724     80
-0.9288342493574608       -0.18586355882192618     80
-0.9283615373969717       -0.19296508372470145     80
-0.9280284808832683       -0.19730842471471338     80
-0.9275998832399446       -0.20203987459910383     80
-0.9274506020470661       -0.20352406460128292     80
-0.9267088868775254       -0.2099096350516519      80
-0.926233996682527        -0.21344626355094537     80
-0.9255964147258938       -0.21778663762420292     80
-0.9247790899813602       -0.222694219986394       80
-0.9244296214681482       -0.22459533130917442     80
-0.923780770717393        -0.2279028169780497      80
-0.9230628930700673       -0.23130384399513607     80
-0.9226923660658055       -0.23295279295746507     80
-0.9223427190842073       -0.2344395710275316      80
-0.9213536378364191       -0.23840610584354346     80
-0.9202388936997338       -0.24256003933842363     80
-0.9194553805842122       -0.24522214672115386     80
-0.9192044787150352       -0.24602410191023202     80
-0.9180614722847313       -0.24956393752971906     80
-0.9167989844958362       -0.25330420294212325     80
0.6                       0.49406999900136417      81
0.6239542219784457        0.47407979975409664      81
0.6404320194932178        0.4525192058502659       81
0.6448432033785797        0.4325229620374198       81
0.6378111518620054        0.4132339679565359       81
0.617043619926349         0.3856965399613055       81
0.601317490891157         0.3690210088648014       81
0.5971894786703923        0.36501318133486294      81
0.5746930147988061        0.34523083010775546      81
0.5542124624034188        0.3304169709029189       81
0.5352198780506039        0.3196478686671645       81
0.5206693554000366        0.3139157669105733       81
0.5014631698333075        0.3083172269912656       81
0.46519337135314803       0.2981407499814849       81
0.45690076212091413       0.29591813331752287      81
0.4161648424291544        0.28603913311664764      81
0.4100018895872358        0.28468612750473465      81
0.3684142680493018        0.27540888652894635      81
0.32237199585568893       0.26465200329394634      81
0.2790852817617394        0.253999100282603        81
0.2731014869143972        0.25248705940646704      81
0.2637604712149612        0.250047350662432        81
0.22044478644673113       0.23687851278346464      81
0.1637732477140827        0.21466504421916974      81
0.1545927782660314        0.21035944904930298      81
0.13408332155880498       0.19922496508068246      81
0.11388522405248862       0.1860925622375197       81
0.1003825193628832        0.17635837564024015      81
0.09377916244009682       0.17128912034076269      81
0.07354459479720807       0.15306951448897654      81
0.05353455891582453       0.1311191093838003       81
0.030944793103251152      0.1061679970263311       81
0.028376025136458632      0.10353872815878756      81
0.01790507762360862       0.09350124225703357      81
0.004078355039566583      0.0813121719161854       81
-0.01404226211477343      0.0663014122867316       81
-0.03766599604895105      0.04761027565652658      81
-0.0476915614989183       0.04028674982114509      81
-0.05993296642686024      0.03240702496451274      81
-0.08253578262323188      0.020357498183678897     81
-0.09680822528027819      0.014314827017056372     81
-0.12194875185034604      0.007215165288247356     81
-0.12543951395949063      0.006507320712451005     81
-0.1471034010949064       0.001663579552126424     81
-0.16511516540811078      -0.0031726157834337937   81
-0.169335857977209        -0.0043933848605969515   81
-0.19622110470477616      -0.010724105791161662    81
-0.22081615402038943      -0.013691913958627878    81
-0.24197925266240955      -0.01320083986980112     81
-0.26749860205277454      -0.007481173953535793    81
-0.2837570552954478       -4.2736043588301187E-4   81
-0.31384440539864844      0.019833965342870012     81
-0.3328204441772802       0.037601301808837945     81
-0.34467465331094294      0.05013352488685677      81
-0.36297245014907925      0.0726490284975902       81
-0.377459177329869        0.09476296784059102      81
-0.38948006146972747      0.12298831391874043      81
-0.3957707757657746       0.1449464323274049       81
-0.4084947855559118       0.18510850480272134      81
-0.42212550408646055      0.22231919384310525      81
-0.42969541080738277      0.24115590037779386      81
-0.4316943565147856       0.24588716442976008      81
-0.43703715197175796      0.2576940264169297       81
-0.44455577056744666      0.27301406460054983      81
-0.46916529868825185      0.3139873762395686       81
-0.49691497283620256      0.3470680670068995       81
-0.5239816867870225       0.371599995868233        81
-0.5346620221377204       0.3798835184272312       81
-0.5659155091238741       0.39876498146658823      81
-0.5982436028512231       0.4104512471059126       81
-0.6058094913641112       0.4122324218467906       81
-0.6371427039347722       0.4175088964234006       81
-0.6428110710030678       0.41809094149756826      81
-0.6712531809392323       0.41899926263005827      81
-0.698870705526998        0.416573513218868        81
-0.7011090996617647       0.41622705253769404      81
-0.724929559642587        0.4104925606715818       81
-0.7339422289629423       0.4073140795244784       81
-0.749200285309608        0.40067989037650575      81
-0.7513465913895202       0.3996197592784857       81
-0.7942698844927165       0.3732369879874688       81
-0.8056600401140297       0.3641404587178087       81
-0.8253074390343679       0.34499254595285844      81
-0.8435307491842323       0.3225069358970906       81
-0.855280068764983        0.30550050927218453      81
-0.8721705550233577       0.2770340576559777       81
-0.88351091397857         0.25373856470583567      81
-0.8983983424276025       0.21439690106424372      81
-0.9033448762283003       0.19781757908497696      81
-0.9093993874817796       0.17318399455036468      81
-0.9115051475406536       0.16319159664152938      81
-0.9189134925738931       0.12251760478194985      81
-0.9189919612372084       0.12202775481417075      81
-0.9232516955480932       0.09227740687930962      81
-0.9266191560171657       0.061953631631153035     81
-0.9287571823460068       0.03802673843491293      81
-0.9296252642405921       0.027269909845420607     81
-0.9310330485559699       0.008235341941424428     81
-0.933026873940721        -0.02413661566510878     81
-0.9331271353962582       -0.02602043430395589     81
-0.9340175315414192       -0.04404215782819258     81
-0.9347918474679553       -0.062223030878948274    81
-0.9348175420906898       -0.06287935662999425     81
-0.9355249625887834       -0.08203051129662248     81
-0.9358250470618801       -0.09131373862018224     81
-0.9363032417922184       -0.11062697755048873     81
-0.9363545150216677       -0.11337052446489053     81
-0.9365234253194475       -0.12685052772244554     81
-0.9365578255695752       -0.1405548279408948      81
-0.9364807654162011       -0.1503302895185216      81
-0.9361386270808929       -0.16284676771281664     81
-0.935380558781338        -0.17646973053745996     81
-0.9343988992851813       -0.18901849251694047     81
-0.9341191482687562       -0.19221685525853693     81
-0.9337526325294503       -0.19608871148671267     81
-0.9332923768626571       -0.20029804628548087     81
-0.9324881714292828       -0.2064762265251557      81
-0.9315196719614193       -0.2127810044293102      81
-0.9312651684518313       -0.21430366075406987     81
-0.9310094421532542       -0.21577799803696432     81
-0.9300861527736153       -0.22063330120669672     81
-0.9290176171728542       -0.22561642750038768     81
-0.9282840171444975       -0.22876926046435794     81
-0.9271468565066588       -0.23320354059145296     81
-0.9257292647165912       -0.2380915543831097      81
-0.9245476290460151       -0.24186420397004116     81
-0.9237214135730626       -0.24432712454179506     81
-0.9216456846419203       -0.24977050244941945     81
-0.9211669380197121       -0.2509362016612352      81
-0.9196939680274732       -0.25450104536716467     81
0.6                       0.49085635557515644      82
0.6208150634165974        0.4726012846236565       82
0.636366382775905         0.45085595104394843      82
0.6397229351510219        0.43061534141950275      82
0.631470699305648         0.4110147986948587       82
0.6136031682466282        0.388583858695741        82
0.6010488550800318        0.3753376114821738       82
0.5848533158697107        0.3600420479000607       82
0.5628236550457414        0.3421042951734845       82
0.5426122255739164        0.3288172073651554       82
0.5403748169906857        0.3275437240457678       82
0.5189931520482326        0.31865088853756823      82
0.4844566516682851        0.3094256875649698       82
0.44853064829900546       0.30051088706749063      82
0.41401310830490273       0.2927582640617172       82
0.412886382084428         0.2925199991432634       82
0.3648895557949833        0.28212308018364834      82
0.31819131326744177       0.2715294589901086       82
0.27432309061385984       0.2610451107240876       82
0.2729728163769392        0.2607122517359478       82
0.2702822300087471        0.26004029810089174      82
0.21563842569133723       0.24389993318159614      82
0.16018777299900333       0.22209879273133393      82
0.14293275292885138       0.2136277440511191       82
0.12299851567272851       0.20191372968652935      82
0.10332990691520484       0.18820614178004713      82
0.09863948579824047       0.1846489067769087       82
0.08563241896452292       0.17385162474915639      82
0.06634119579791305       0.15463777656399078      82
0.04710516302024603       0.13177246901200212      82
0.030275515300430583      0.11173747660176281      82
0.0255211216385397        0.10659684419935692      82
0.014882395740968168      0.09607850156919015      82
7.928612490706172E-4      0.08336825780111257      82
-0.01770951027698         0.06777740736270159      82
-0.04186495561021836      0.04842382784287622      82
-0.04844622333763261      0.04346215139083473      82
-0.0536365780945521       0.039805197352367025     82
-0.07603650182152373      0.02627882318146306      82
-0.09922238212064617      0.015885837890409142     82
-0.12409340862769092      0.009018940022910727     82
-0.1256578032924684       0.008713395730659473     82
-0.14740442503323645      0.004073432682908016     82
-0.16549675960650917      -5.388756571810399E-4    82
-0.19284394104058789      -0.006907739347933754    82
-0.21792580717268006      -0.00985642826484081     82
-0.24533653857759413      -0.008536723395580302    82
-0.271039322462805        -0.0012191428205897865   82
-0.2809622702869          0.003489088681264664     82
-0.3117164562458016       0.02447062441525271      82
-0.3277905218670564       0.039501473796535465     82
-0.33243592036633346      0.04418962141255741      82
-0.3529200433036795       0.06736341975453347      82
-0.36921858940668684      0.09000080556481471      82
-0.3734109440655165       0.0968697995145456       82
-0.3853076727154403       0.12563328607142127      82
-0.3864857965324791       0.13010017834661713      82
-0.39815948284403874      0.17148186015904832      82
-0.4105431444911984       0.2098628632304644       82
-0.4238282589959013       0.24541708225943137      82
-0.42438684652089226      0.24678965413020953      82
-0.4252523014358233       0.2488948440445688       82
-0.4383635972398201       0.2780349158541796       82
-0.4616636956304087       0.3187766650989419       82
-0.4878708513840982       0.3517638959614199       82
-0.49709585127067923      0.36117090780310124      82
-0.5270978270676044       0.3877763688088873       82
-0.5272920160443567       0.3879289935999523       82
-0.5569576831409855       0.40742190353658075      82
-0.5874756568450453       0.41994876998642733      82
-0.6097200499025571       0.4255979325101364       82
-0.63932025283253         0.43029439912145073      82
-0.6634729740327117       0.4315460793834181       82
-0.6898198437607854       0.4299361811958903       82
-0.7156895161899118       0.4252562466975011       82
-0.7278449758956506       0.4218166751982349       82
-0.7396021729718908       0.41748531683241485      82
-0.762480289305792        0.4067388844343899       82
-0.8028724389090636       0.3804703652630678       82
-0.8064878097302313       0.3775864542516194       82
-0.8256060760443518       0.35980262254911755      82
-0.8433106809065585       0.3388605506898229       82
-0.8632903951106836       0.30998765740648526      82
-0.868934712916148        0.3007754447840682       82
-0.8875860163506955       0.26502741515115763      82
-0.8921542862534648       0.2546572460157761       82
-0.9062088975228069       0.21574501367158216      82
-0.9091411833240929       0.20570357053852872      82
-0.9151226975334769       0.18156798091937648      82
-0.9193772510486815       0.16092831622729387      82
-0.926337121032745        0.120406006479507        82
-0.9293650686988892       0.09852491722678647      82
-0.9326876520419908       0.06846209965337302      82
-0.9327324868612195       0.06799008674887773      82
-0.9354279120415819       0.03690443413899651      82
-0.9354922141713033       0.03608550112092176      82
-0.9368922495288761       0.017177620056550418     82
-0.9381434156990505       -0.0018938844451832845   82
-0.9392655285540481       -0.02174710281510496     82
-0.9396285001905059       -0.028970836025699734    82
-0.9404471019168179       -0.04698513050965406     82
-0.9411502645621703       -0.0651588852242963      82
-0.9415456205088246       -0.07675928096833458     82
-0.9420048617189927       -0.09288067810706183     82
-0.9423748747769105       -0.112154211054944       82
-0.9424704857385259       -0.12089259507693435     82
-0.9425067679957551       -0.13444564094552397     82
-0.9422763780480311       -0.15276669088620418     82
-0.9419243337100905       -0.16305097584109762     82
-0.9411160912817664       -0.17652329432098612     82
-0.9398978323666641       -0.1903774923917593      82
-0.93969208611554         -0.19235294338461903     82
-0.9394483571132036       -0.19450563201718662     82
-0.9389089121660131       -0.1987195194834059      82
-0.9376976168179988       -0.2067348455053515      82
-0.9362186447908771       -0.2149635786904934      82
-0.9357164438702379       -0.21746670884672165     82
-0.9347382301580076       -0.22191231099084346     82
-0.9336259715523929       -0.22647269171339413     82
-0.9328705799716197       -0.22929500257743196     82
-0.9321464791303141       -0.23179917478150108     82
-0.93078044560466         -0.23615008699788637     82
-0.9292294609164655       -0.24066513619091107     82
-0.9284966251100397       -0.24265149971032982     82
-0.9280759762435861       -0.24373686941702385     82
-0.92664338043565         -0.2471690996099377      82
-0.926123965175468        -0.24833619625611597     82
-0.9235575261229528       -0.25374060656404596     82
-0.9225889515591101       -0.2556978877922061      82
0.6000000000000001        0.4886790336047726       83
0.6187706454132411        0.4716383823390622       83
0.6337185837761989        0.44977273463317746      83
0.6363882936092868        0.42937297858309054      83
0.6273413967870729        0.409569535736113        83
0.6115228420087572        0.3903297239133075       83
0.6008871670340594        0.3791394840996351       83
0.5920058061018607        0.37046861792455255      83
0.5688856280947239        0.3503317553739077       83
0.547816175051807         0.3352720953665017       83
0.5393981337863935        0.33028727843549704      83
0.5179434073554686        0.32161632157537984      83
0.4892798556754538        0.3142993563824684       83
0.45294192453524085       0.3057195038612958       83
0.41800211155138534       0.2983735300545075       83
0.41063153892489507       0.29690403898886214      83
0.37000860188263895       0.2884972703079052       83
0.32295907943760616       0.2783877475337923       83
0.27875642515541876       0.2684419713243013       83
0.27067288931178085       0.2665477539265895       83
0.25458389815677873       0.2624664056273397       83
0.21185324572080194       0.24942955137055228      83
0.15736408419013742       0.22795313396917397      83
0.1376897778222825        0.21813651289530878      83
0.11814027428071375       0.206338060070753        83
0.0988383901877339        0.19256651224495275      83
0.09610111380566579       0.19043227747774902      83
0.09295882983844395       0.18790084056301323      83
0.07490685683865514       0.17128493385594173      83
0.0608426946227553        0.15583486294824667      83
0.04219747417906845       0.1322711917238524       83
0.029709874913111212      0.11644452436419855      83
0.02320645411429834       0.10907627017281858      83
0.012431698687648879      0.09816806376831355      83
-0.0018709155768367215    0.08503526869249996      83
-0.02068280174920733      0.06897409855411202      83
-0.045269342252062736     0.04908343081243091      83
-0.04908179253682878      0.04613644513306528      83
-0.06895267106622094      0.03273271637537193      83
-0.07624895168669392      0.028514742119448475     83
-0.10131637421456242      0.01724850177920372      83
-0.12595364167503464      0.010583498700471537     83
-0.14766242116795353      0.00613882587530964      83
-0.16582380943770625      0.0017184025386698457    83
-0.19000858639476018      -0.0037036446101719536   83
-0.2154991677860233       -0.006636281638189984    83
-0.22088191206757923      -0.0067829867261660695   83
-0.24842553404812806      -0.004245329982304608    83
-0.2742970936462307       0.004542471261345351     83
-0.2786342900383043       0.0067513847653881305    83
-0.3099439322116831       0.028332835893763397     83
-0.3235964214128867       0.04108589433130273      83
-0.3436870915616457       0.06250868484353564      83
-0.3616497601908712       0.0856268466556509       83
-0.3702023903649708       0.09919798196109898      83
-0.3817040067015002       0.12791773194062273      83
-0.39169580221588535      0.16599787524041643      83
-0.40321789871350744      0.2049145494856709       83
-0.4154925622321467       0.2409940237264433       83
-0.4188344036876897       0.24977944218806364      83
-0.4244662064707836       0.26363442614203214      83
-0.4328465468812239       0.282508351551742        83
-0.4549799806162196       0.3230437852877687       83
-0.4798127963425983       0.355947746032583        83
-0.5013558859651659       0.3781696541893982       83
-0.5299394701301545       0.40252778363783104      83
-0.5489179959058641       0.4151915282194563       83
-0.5778113791263546       0.42847283750164833      83
-0.5858026518235193       0.4310782948571569       83
-0.6133978198358674       0.4381678180591527       83
-0.6413681761114557       0.44231880354932424      83
-0.6550488804306323       0.44318186674810167      83
-0.6802478893468424       0.4424699908087723       83
-0.7048936826056743       0.4388156093142083       83
-0.7293443147895378       0.432305554720595        83
-0.7304520295377934       0.43194304188420424      83
-0.7315565481335975       0.4315724781152048       83
-0.7330724617498686       0.4310521762852977       83
-0.7726253502314274       0.41322585390194844      83
-0.810711113833267        0.38706144162520006      83
-0.8258779270136329       0.3732843195365087       83
-0.8431103515013153       0.3537473392794122       83
-0.8706126186220257       0.314089350664649        83
-0.8829106086791173       0.2923032553219104       83
-0.899798390366798        0.25546971774056243      83
-0.9131164672110959       0.21693726974933125      83
-0.9143164863620774       0.21274467358096627      83
-0.9202328242759639       0.1890537247574598       83
-0.9263179282546175       0.15893282686848262      83
-0.9328823867012096       0.11854425222400039      83
-0.9348162262263011       0.10409568187965128      83
-0.9380987936441489       0.0742655544034923       83
-0.9387782591241993       0.06693353641571109      83
-0.9413422603527086       0.03590938579795424      83
-0.9419678279326424       0.027314778639274277     83
-0.9432298577979816       0.008376036362240236     83
-0.9443444357664801       -0.01072768090420519     83
-0.9448077326822316       -0.01962434257231992     83
-0.9453768443384493       -0.03157950743670487     83
-0.9461319672352375       -0.04958723334904656     83
-0.946772217928955        -0.06775469420893118     83
-0.9469078457450634       -0.07206452423779786     83
-0.9470027196503934       -0.07521105361956337     83
-0.9474642914329505       -0.09426495845676451     83
-0.9477387336251245       -0.11350341397396344     83
-0.9477567188753497       -0.11559669781706686     83
-0.947794674014238        -0.12901529646299975     83
-0.9477721299107269       -0.13371862891356504     83
-0.9473610604657056       -0.15490422629162726     83
-0.9472116097750787       -0.15908181120475384     83
-0.9464858829417402       -0.1723053922049796      83
-0.9453571972159382       -0.18590197850077814     83
-0.944403389790508        -0.19469487661339294     83
-0.944215843935506        -0.19619914018694878     83
-0.9430861942108149       -0.20364526380388218     83
-0.9421520626055833       -0.20874418476283257     83
-0.940502736992515        -0.21677430868899367     83
-0.9396864555810966       -0.22034846762103305     83
-0.9385927690346872       -0.22472294472333382     83
-0.9373917327771913       -0.2290048039585929      83
-0.9359455200508061       -0.23354948914249965     83
-0.9357109723555804       -0.2342406762258913      83
-0.9342121314768145       -0.23845265303494373     83
-0.9329949579160428       -0.2415879195958133      83
-0.9309171225250541       -0.24639148040206693     83
-0.9297352079587492       -0.24888949613104577     83
-0.9279968148845253       -0.25231505897339573     83
-0.9260361170200888       -0.255920827281576       83
-0.9254120574326739       -0.25701937911896655     83
0.6                       0.48672582980519036      84
0.6169944651440032        0.4708018175874843       84
0.6314181890758663        0.4488316415626973       84
0.6334911734989733        0.42829361988362485      84
0.6237538791428522        0.40831389841196075      84
0.609803851789003         0.391772346315204        84
0.6007539515930702        0.382271862466102        84
0.5986671706359686        0.3801792475820875       84
0.5745313558013767        0.3579942770699931       84
0.5526627953706292        0.3412837585227181       84
0.5385578036771619        0.3326478098236438       84
0.5170402157489581        0.3241677555077279       84
0.4932744683132021        0.31833576434316024      84
0.4565953755971651        0.3100333181720309       84
0.42130583305201813       0.3030241341893904       84
0.408710461786227         0.3006391452142257       84
0.374257531908081         0.29378799974129516      84
0.3269164387752282        0.2840802901711177       84
0.2824361982857858        0.2745815415801851       84
0.2687184276788876        0.271506722109995        84
0.24144195869559865       0.2644974340537706       84
0.2085913934183003        0.2541946610778872       84
0.15493079015539007       0.23299807148731808      84
0.14064747028870467       0.22604711079029594      84
0.12131463202385605       0.21490220994182227      84
0.1022483575694336        0.2018363825798821       84
0.09163174827152003       0.19357029827187117      84
0.08887990812617948       0.19128346244462952      84
0.07135556366888934       0.17471792170036718      84
0.054035956325336955      0.15471535435751185      84
0.037694967898397554      0.13272873950552477      84
0.02914019894201727       0.12118515474555985      84
0.02904709666241343       0.12106535487422201      84
0.020968117608976045      0.11147393187175464      84
0.010061818512426813      0.10018871826899561      84
-0.004446848771999698     0.0866473064015386       84
-0.023558042695714147     0.07013132634224198      84
-0.04856146210031888      0.0497212819898939       84
-0.04971649301817352      0.04880708355858639      84
-0.05856995570998662      0.04219213717276073      84
-0.07867876587932417      0.029675344448623506     84
-0.10351105726654143      0.018676690238449763     84
-0.12790332522618034      0.012223290189391837     84
-0.1479298883514859       0.008280039737546872     84
-0.1661628652817838       0.004058545510799871     84
-0.18713895183800952      -4.6081183222792393E-4   84
-0.213043189924146        -0.00337720290134097     84
-0.22417777990933038      -0.003438227065476595    84
-0.25179174691957773      4.311882845657068E-4     84
-0.2778472287611886       0.010821153010136766     84
-0.3081595707785294       0.03222084027411874      84
-0.3193704456391232       0.0426823565211206       84
-0.33349744130186554      0.05715091278654512      84
-0.35329666523922554      0.08079966757140138      84
-0.36685500595614773      0.10162690238750713      84
-0.37794441388944544      0.1303010233544648       84
-0.3853636483986035       0.1606254817027179       84
-0.3960417113858567       0.20006692696673992      84
-0.40732648517499354      0.2366609682144276       84
-0.41306988070244394      0.25288342767665867      84
-0.42363589605479973      0.2792030649033226       84
-0.4271150847770767       0.2871556405031587       84
-0.4480365132144659       0.3274767405929506       84
-0.47144157728502284      0.3602941950540134       84
-0.4794887736565915       0.36952586646463287      84
-0.5058955673512876       0.3962842701706113       84
-0.5329676506597081       0.4182475437150388       84
-0.5404831246092877       0.4233430622662624       84
-0.5676720619679175       0.4374158983834361       84
-0.5916935742581283       0.44577624105849734      84
-0.6174636371346856       0.45206397226022516      84
-0.643632179038528        0.45561192204703976      84
-0.6575262610832413       0.45627398249817336      84
-0.6811317716692662       0.4551738958761572       84
-0.6937129003122426       0.453482470833498        84
-0.7255545113178917       0.4460046454528345       84
-0.7379261036263935       0.44194984903237655      84
-0.7427812312537624       0.44020324843778463      84
-0.7751207925484218       0.4253044749531874       84
-0.7836974461038791       0.4203055893902763       84
-0.8192660708621058       0.39425479708349725      84
-0.8261743704032039       0.3879856095950786       84
-0.8428918997220995       0.3699808295663435       84
-0.8472620931475809       0.3645812726837402       84
-0.8786159034522458       0.31857255435003634      84
-0.87896779328854         0.31797267785784783      84
-0.8964421285922715       0.2841004465460369       84
-0.9115692480869229       0.24634759211813081      84
-0.920403966536293        0.21819510220765428      84
-0.9256774738118267       0.19702950574440503      84
-0.9261875166922885       0.19472211250100957      84
-0.9336207490028428       0.15683321891093088      84
-0.939769164533987        0.11658535726291792      84
-0.9406157614879438       0.11002246823211781      84
-0.9438557556049172       0.08043990183216639      84
-0.9451748355999764       0.06581568005053065      84
-0.9475997870392747       0.03485660006046542      84
-0.9484827901033189       0.021790669546498064     84
-0.9496290657017706       0.002851323832480399     84
-0.950629255078052        -0.01625389725299334     84
-0.9507317199423863       -0.018388339265427437    84
-0.9512761497477864       -0.030382774482655743    84
-0.9520099614900431       -0.048891727712878634    84
-0.9526226721789927       -0.0675700805832432      84
-0.9526995153648107       -0.07021928669397115     84
-0.9530220971913059       -0.08341244869922756     84
-0.9532328170590135       -0.09572761244981756     84
-0.9534062774605908       -0.11492900456142416     84
-0.9534156875576814       -0.12324287165530862     84
-0.9532953423233588       -0.13610278214730487     84
-0.9526968131667074       -0.1571473084305093      84
-0.9521413756067553       -0.1678630756330653      84
-0.9511070288324712       -0.1811883438599246      84
-0.9493022491635641       -0.19713004155718705     84
-0.9492308733301537       -0.19765438961779822     84
-0.9480645923899482       -0.20493846895853873     84
-0.9465498272625827       -0.21234722870444728     84
-0.9450492344789402       -0.2186959478599781      84
-0.9439869999936563       -0.22282261771829875     84
-0.9434831109970733       -0.22464113915880898     84
-0.9421724529302686       -0.22894028711913622     84
-0.9406751599237858       -0.23331262100482497     84
-0.9393035336229291       -0.23697546966949976     84
-0.9387285662833611       -0.2384198661388467      84
-0.9380404754651995       -0.2400645207696969      84
-0.9364547759034089       -0.24358938473909264     84
-0.9346719154233325       -0.247221372372691       84
-0.9332329567541042       -0.24996974297247337     84
-0.9325448774402443       -0.2512367272987155      84
-0.9325088174834378       -0.25130222837012134     84
-0.9303480663238104       -0.2550361041339033      84
-0.9278980752538617       -0.25892544229514025     84
-0.05154572945231013      0.05                     85
-0.05625442916920765      0.04637697144257609      85
-0.08090277725121257      0.030737644926641043     85
-0.10551985286914216      0.019983912570180343     85
-0.12968787253950304      0.013724192986793286     85
-0.14817185876142816      0.010217138671242429     85
-0.16646960003892736      0.006175610291648526     85
-0.18459965700345238      0.002408720283976179     85
-0.21086993344318386      -4.932949896430429E-4    85
-0.22731367556661164      -2.558126610718789E-4    85
-0.2549945732560413       0.0048807214662361514    85
-0.2812250502711199       0.016795085150274995     85
-0.3065643881496923       0.035696636675649235     85
-0.3155893198848899       0.04411076610620543      85
-0.3234220132171419       0.05185319935396307      85
-0.34503720536331933      0.0760265993624356       85
-0.3637250570193799       0.1038980478484508       85
-0.37442903229964164      0.13252950371874628      85
-0.37976976487640474      0.15587945932984448      85
-0.3897022008176204       0.19578449218815416      85
-0.4001124968214043       0.2328331067112403       85
-0.4076951333180854       0.2557775332129907       85
-0.4080153468454934       0.256657593552061        85
-0.422847186000135        0.2939916809342593       85
-0.44156504550373654      0.3316083545922258       85
-0.46363941293456234      0.3643451832521313       85
-0.4853837688823374       0.38958621187955567      85
-0.5102443479025119       0.4136371376896463       85
-0.5358684913735023       0.4333062628363111       85
-0.5581309435728059       0.4458313371506145       85
-0.5736849091564549       0.4524129336264541       85
-0.5975825388563738       0.46046930242663         85
-0.6215281031672049       0.4659555081020676       85
-0.6458954295287264       0.46890062260324245      85
-0.6498915965331019       0.46912760476634224      85
-0.6585222551814498       0.4693648740821451       85
-0.689076000668816        0.4675078849750316       85
-0.7194565150584343       0.46130459542786867      85
-0.7465037727126727       0.45259256174160367      85
-0.7769647014492183       0.43875230698154444      85
-0.8062102816877534       0.4199004576180203       85
-0.8281112610773281       0.40169219239709864      85
-0.842666261120975        0.386748383728024        85
-0.8574071347101679       0.3685808202353952       85
-0.8868770562272499       0.3232002080387564       85
-0.8933017708613264       0.31121912488712167      85
-0.908948688870476        0.2765189684072559       85
-0.9224734979411042       0.23785459751989513      85
-0.9277058807282872       0.21945542269191476      85
-0.9311917768255609       0.20510732100937337      85
-0.9339236473915594       0.1924771715759379       85
-0.9409156510445076       0.15473588763247026      85
-0.9466484747902372       0.1146285864008532       85
-0.949673975642382        0.08667994860902342      85
-0.9516020490013442       0.064692469620967        85
-0.9538872846611071       0.03379877191968084      85
-0.9542076876567203       0.02888098202182969      85
-0.9553358234629238       0.010051307434672446     85
-0.9563188551032188       -0.008943370912397382    85
-0.9568577855410434       -0.020670238150654444    85
-0.9571134852866474       -0.026608833109016784    85
-0.9578230789071375       -0.045050978990821625    85
-0.958412184795356        -0.06366202932123378     85
-0.9586459090302336       -0.07234606424347048     85
-0.9588535453247268       -0.08150221779623602     85
-0.9590883007416023       -0.09718302048250226     85
-0.9591731636914582       -0.11299073001794199     85
-0.9591723950244286       -0.11637938997772379     85
-0.9591710485891956       -0.11733248048852604     85
-0.9591700409656106       -0.1178232154981806      85
-0.9588730203942946       -0.1385104460602786      85
-0.9580851829430083       -0.15941251011435853     85
-0.9578742296679119       -0.16335999268190493     85
-0.9569355123061952       -0.17641023148418278     85
-0.9565687522201658       -0.18041945375285096     85
-0.9542014930061247       -0.199565397616216       85
-0.9531495782318748       -0.2057900344076011      85
-0.9516268954227327       -0.21302736792298074     85
-0.9497556773384753       -0.22040154462646802     85
-0.9496856788616933       -0.22065560431345482     85
-0.9496368655666322       -0.22083223350879572     85
-0.949520972550449        -0.2212478019150787      85
-0.9473554953286453       -0.22820265528166453     85
-0.9435711108813658       -0.23813059668587014     85
-0.9425631554737588       -0.24044129452982757     85
-0.9405721144520859       -0.24457626124091775     85
-0.939156039345918        -0.2472715342735038      85
-0.9372221529060837       -0.2507319549685827      85
-0.9371436975676276       -0.25086761359751525     85
-0.9342024281460029       -0.25550620049427775     85
-0.9329850257990545       -0.25725237090125297     85
-0.9303840930750493       -0.26083150547131395     85
-0.054896541812496126     0.05                     86
-0.05867302578977475      0.04713905933418069      86
-0.08312108866760405      0.031797222817208814     86
-0.10752350009629762      0.021287784600194905     86
-0.13146784620702673      0.01522124909561278      86
-0.1484105025425091       0.012127606211364945     86
-0.1667721177817007       0.008263569493831089     86
-0.18214454343304193      0.005183123296712552     86
-0.2087687235301873       0.00229500724035709      86
-0.23056390571747332      0.0030426323065453013    86
-0.2583141743730546       0.009492484255838023     86
-0.284726026871           0.02298682635696815      86
-0.3050717672773883       0.03894895786008055      86
-0.31204866112124074      0.045448333604416455     86
-0.31303444392905283      0.046391360423980114     86
-0.3365218637796449       0.07110565939636289      86
-0.33964924501900384      0.07478750206197265      86
-0.3607262303476446       0.10607404871020998      86
-0.3710609198205551       0.13466462684338976      86
-0.37467578526975137      0.15155757077349596      86
-0.38392922799424894      0.19188476218084005      86
-0.39354319493837664      0.2293473265091769       86
-0.4025578750907911       0.25854375949563363      86
-0.40773508955250404      0.2729429076602565       86
-0.4220793461537603       0.30838897255508946      86
-0.4353911973257844       0.33554995774959556      86
-0.4561960661835138       0.36820986854823334      86
-0.4681101974399442       0.3834137618323353       86
-0.49117238708257976      0.4092845621114299       86
-0.5145146533537757       0.4306768673078105       86
-0.538716985512825        0.44809324267931927      86
-0.5489299630890252       0.4539467681360356       86
-0.5687376110475468       0.4634143768997474       86
-0.5731921874222614       0.46529416769608917      86
-0.6070925070812285       0.47638983357874876      86
-0.6418993963321522       0.4819557621767031       86
-0.6581666230839814       0.48280853376437727      86
-0.6843150867406955       0.4819084100389597       86
-0.7131954273580711       0.4770137438971368       86
-0.7554502759482833       0.463692904122622        86
-0.7751674893629475       0.45481233429529705      86
-0.803405582156122        0.43763000518661876      86
-0.8302579710788942       0.41572045550354264      86
-0.837068569288521        0.40922386107707337      86
-0.8424379437908794       0.40371499839122427      86
-0.8677401627278138       0.3726544789438586       86
-0.8952912872144316       0.32791361161887056      86
-0.906491989302226        0.30500446196584086      86
-0.9204573061524639       0.2695424434163641       86
-0.9325076588556479       0.230039289214907        86
-0.9349105671159267       0.22069896152272844      86
-0.936692974335081        0.21316593822850893      86
-0.9415371514846989       0.1902678155572372       86
-0.9480949204638442       0.15267180147700565      86
-0.9534187400339299       0.11270283261684985      86
-0.9554686350795244       0.09289472661860163      86
-0.9579656744966423       0.06358037172102246      86
-0.9601125766608103       0.03275140944609187      86
-0.9610222837704817       0.017225682567191973     86
-0.9619882187003959       -0.0016588462132532643   86
-0.9629223049633441       -0.022929211693513404    86
-0.963604799110967        -0.04123097452663358     86
-0.9641704276902818       -0.059775085824665716    86
-0.9645348392100538       -0.07445228949556532     86
-0.9646831126874705       -0.08178090374684968     86
-0.964888147437959        -0.0974197471677696      86
-0.9649438259326084       -0.11318537866773812     86
-0.9649281398766556       -0.11884108954474645     86
-0.9649086408014422       -0.12181838247388888     86
-0.9646064704559943       -0.13694171349358214     86
-0.9644731317199757       -0.14092779352565785     86
-0.9634952245817431       -0.16168682237177928     86
-0.9628099083522219       -0.17159448059905685     86
-0.9616831270027155       -0.18324735773184356     86
-0.9590697343737506       -0.20198534271232843     86
-0.9586104881445152       -0.20463144682111795     86
-0.9571763970980544       -0.21166102044160628     86
-0.9554040582032604       -0.2188219101303237      86
-0.9533460699326959       -0.2257670106223002      86
-0.9525921655122083       -0.2280158791019659      86
-0.9510164322306922       -0.23228375377656035     86
-0.949231342189531        -0.23660277359844095     86
-0.9480141104957898       -0.23933320617072443     86
-0.9466316885837409       -0.2422270990062323      86
-0.9445605474899779       -0.24615594244203257     86
-0.9422392486957132       -0.25014353486364116     86
-0.9417009357342178       -0.2510212495414024      86
-0.9412268885752118       -0.2517769027748617      86
-0.9382779617959096       -0.256053145600351       86
-0.9348202640813321       -0.2604296195090806      86
-0.9328701108962372       -0.2627375686474876      86
-0.05824076641886099      0.05                     87
-0.06106651112194176      0.047893234782399915     87
-0.0853163682740341       0.03284579954877135      87
-0.10950634428298513      0.02257811906619237      87
-0.1332293391441426       0.016702761890024228     87
-0.14864400685375115      0.013996929623380826     87
-0.16706812045499397      0.0103065620796793       87
-0.1797867411982808       0.007847559558398037     87
-0.20675079756200604      0.004972791807359669     87
-0.23390894915163116      0.0064372970440360056    87
-0.2617306124113099       0.014238777940659666     87
-0.2883291313420679       0.029359188407687184     87
-0.30368245354736967      0.041976179681644646     87
-0.30875084150872156      0.04669416287606372      87
-0.32789649292686995      0.0661211344968575       87
-0.33724619723564475      0.07687105693794877      87
-0.3579299473212186       0.10810308037535271      87
-0.36792029290632483      0.13665554169320177      87
-0.37013817224901524      0.1477077206952108       87
-0.37878678168027646      0.18841096231807045      87
-0.3876913949581336       0.22624226468057282      87
-0.3977768310427348       0.26111817742812926      87
-0.40746919023248773      0.2883939023567115       87
-0.42135084381630206      0.3220486707960226       87
-0.4296393415206625       0.33922214604265516      87
-0.4492614840581475       0.3718103964385591       87
-0.4564357312594613       0.38168745664304626      87
-0.4779882718364612       0.40850405514507543      87
-0.49948503196510496      0.43082860950712926      87
-0.5214582257898255       0.44918669739627276      87
-0.5398878596655666       0.4613540352818751       87
-0.5409151451779354       0.4619553457037494       87
-0.5432398684142511       0.46330004990803414      87
-0.5715830282784224       0.4775229166048271       87
-0.6039265319188154       0.48863992860759875      87
-0.6370719669750748       0.4944711109832535       87
-0.6490610610437628       0.4953556927780003       87
-0.671018096161375        0.49575190681758546      87
-0.6798563242891669       0.495395005555441        87
-0.7073316996861176       0.4917259110141586       87
-0.7210254501777658       0.48856554798433816      87
-0.7639416471005711       0.47422854297418093      87
-0.7889751438408033       0.4617607767903872       87
-0.8154118965709634       0.4436707088988301       87
-0.8406980387865194       0.4209717294527647       87
-0.8455184769959476       0.41603143982908874      87
-0.8535296808911316       0.4073181360058989       87
-0.8772814181820079       0.37641599186188013      87
-0.9031140983172521       0.3321610044941128       87
-0.917629151474189        0.29975711074807976      87
-0.9301746082289117       0.26365181388900233      87
-0.9409800035605947       0.22344043291798238      87
-0.9413614214409143       0.2218123878973736       87
-0.9416731595640428       0.22046133279871677      87
-0.948340142909718        0.18829366149280594      87
-0.9545099046419785       0.15082745224643523      87
-0.9594682614940221       0.11098208927462473      87
-0.9607050270589357       0.0985107622245226       87
-0.9612458290802737       0.09256558644576668      87
-0.9636833791421628       0.06258115400566752      87
-0.965705988940135        0.03181035638047572      87
-0.966162902393821        0.02371139150075041      87
-0.9671133817216511       0.004926439061810724     87
-0.9672088999326967       0.00286236881706106      87
-0.9683705773363134       -0.024958639301506477    87
-0.968822180366445        -0.03778383094571534     87
-0.9693666231970406       -0.056267536959422555    87
-0.9693926425300337       -0.057270352158951515    87
-0.9698272430261976       -0.07634516209236444     87
-0.9698669409106662       -0.07841772981453098     87
-0.9700798134339337       -0.09398962724238659     87
-0.9701439285782674       -0.10968770385070994     87
-0.9700996689013754       -0.12118824932985403     87
-0.9700535295293743       -0.12564377601108243     87
-0.9696785142274027       -0.14070841652312294     87
-0.9689619852263864       -0.15586501500208502     87
-0.9684661073007389       -0.16377651784049235     87
-0.9682276700422328       -0.1671530724185991      87
-0.9682044316268519       -0.16746368989936672     87
-0.9663296669805875       -0.18581658064777185     87
-0.963492655864328        -0.20418392457451573     87
-0.9623316417635774       -0.21002924596280867     87
-0.9606681350170149       -0.21698786414059906     87
-0.9595201969242418       -0.22112706580733235     87
-0.9564736617561571       -0.23031577576409085     87
-0.9559972507478302       -0.23158437312371105     87
-0.9543373610611771       -0.23568898782566938     87
-0.9524733433720179       -0.23984909212302105     87
-0.9518505150054265       -0.2411483006827802      87
-0.9502233973967242       -0.24432218229278002     87
-0.9490487673898815       -0.24645003206983956     87
-0.946874538244651        -0.2501092582961477      87
-0.9467395161873926       -0.2503260969056464      87
-0.9438677190058089       -0.25461964439919227     87
-0.9434858223583472       -0.25515030884429524     87
-0.9411092026662201       -0.25823629329422165     87
-0.9384106735817582       -0.2613904699675228      87
-0.9353684158612986       -0.2646310559906632      87
-0.935354311646031        -0.2646454496159552      87
-0.0621382023983243       0.05                     88
-0.06382874919156314      0.048763602403311485     88
-0.08784986401802278      0.03405592543837473      88
-0.11179467570703305      0.024067249137984324     88
-0.13526221679953454      0.018412524212924834     88
-0.14891019313025627      0.016127889158910114     88
-0.16740555255215916      0.0126354980486212       88
-0.1771492729961766       0.010828032565474027     88
-0.2044935193658906       0.007968196402126402     88
-0.2083050745735497       0.007886384254474039     88
-0.23801966723958543      0.010608994665791084     88
-0.2659290672046979       0.02007149003692326      88
-0.29275698019173063      0.037190173105044015     88
-0.30215121673047873      0.04531264243006377      88
-0.3051137508540927       0.04806815979935508      88
-0.3173166663974921       0.06000714709060406      88
-0.334505616862546        0.07924726836367108      88
-0.35474089780130413      0.11041711024874667      88
-0.36433853288475176      0.13892610085548307      88
-0.3651910222254058       0.14351040686112093      88
-0.3731802098357137       0.18462363867575415      88
-0.3813114475544826       0.22285695909622918      88
-0.3818548212714363       0.22526059301529502      88
-0.3923366314367427       0.2640475265998265       88
-0.3944306992692229       0.27052981900828404      88
-0.40715999276479553      0.30636088487165924      88
-0.4205037146174153       0.33793266818750556      88
-0.4230933171932756       0.34340135962441914      88
-0.44136943237415194      0.37590805534379806      88
-0.456120560849285        0.39723119499721116      88
-0.4757567354411555       0.4222615844235022       88
-0.48698457570067155      0.43463925301614537      88
-0.5263705634859496       0.46726007775451506      88
-0.5382127378704317       0.4745370541290556       88
-0.5638905439772115       0.4882068082360358       88
-0.5698158436895459       0.49095257438324225      88
-0.6004496461569541       0.5020930287749401       88
-0.631770466003974        0.5082155138411264       88
-0.6432468093506656       0.5092787843402641       88
-0.6639311120122402       0.5100392669130893       88
-0.6844767582730353       0.5093068108709369       88
-0.7011004026062353       0.507360314438712        88
-0.7329863822436999       0.5002576789998162       88
-0.7731322946963457       0.4856318066102242       88
-0.7863984450029086       0.47909446287860963      88
-0.8118074412486573       0.46287750558272595      88
-0.8360249152563531       0.44233779284906594      88
-0.854893548829545        0.4230467196473776       88
-0.8564139799249072       0.4213780138202582       88
-0.8787946263973498       0.3931195754992204       88
-0.8872618951706331       0.38035066202147927      88
-0.9111879213630407       0.33681843636422915      88
-0.9202628738929217       0.31631895454991643      88
-0.9325554949627923       0.2820552580944611       88
-0.9431483123603378       0.24389298066076404      88
-0.9475601260253107       0.22489233287240296      88
-0.9489704036584803       0.2184206471072653       88
-0.951072508483044        0.2083195050498939       88
-0.9570797668595715       0.17511318489559044      88
-0.9620947696731708       0.1400692855657035       88
-0.9655249765655102       0.10925929976081436      88
-0.9660049926729222       0.10419498061675463      88
-0.9671296214806835       0.09150091890351436      88
-0.9694388227043058       0.06157534109234676      88
-0.971336319761555        0.030863092024598474     88
-0.9713680097944993       0.030278463295464096     88
-0.9723028396305691       0.011594336377746681     88
-0.972781722929119        8.033804818574596E-4     88
-0.9738541660499371       -0.02700122189732526     88
-0.9740958107116662       -0.03429952337789508     88
-0.9746188393879454       -0.05272217287209012     88
-0.9747746209421803       -0.05920696268338352     88
-0.9751557633005531       -0.0782509520432464      88
-0.9753182116411168       -0.09052863146926059     88
-0.9753908393767106       -0.1061585450980019      88
-0.9753048818842739       -0.12355069697889169     88
-0.9751520491986572       -0.13273316844368432     88
-0.9746302868299261       -0.14775849647357786     88
-0.9737675107812559       -0.1628778553565577      88
-0.9735427586587966       -0.1660825614576091      88
-0.9726208941222342       -0.17627659572999302     88
-0.9710760026821734       -0.18844098386162034     88
-0.9680105703288563       -0.2064297263184055      88
-0.9676221223581454       -0.20835466565190225     88
-0.9660703027196913       -0.21510570619316466     88
-0.9655859895277933       -0.2169736193399984      88
-0.9628632518582361       -0.22591257575027224     88
-0.9595154452522443       -0.23473974139543813     88
-0.9588988613913235       -0.2361930653424495      88
-0.9571014908124402       -0.24015209548042615     88
-0.9561763529350497       -0.24203880355594387     88
-0.9545794893627422       -0.2450592272761928      88
-0.9528411553602316       -0.24807797800976644     88
-0.9518514096963036       -0.2496965992349966      88
-0.9498074147529164       -0.252790316331997       88
-0.9484986710804278       -0.2546125302682994      88
-0.9453842868187495       -0.25860323037282756     88
-0.9445936877131613       -0.25954891616791087     88
-0.9420036332967352       -0.26245325244489687     88
-0.9411758232321781       -0.2633259068034905      88
-0.9372613607726678       -0.26713071118517123     88
-0.06660808918536044      0.05                     89
-0.06695826488837855      0.04974969739693236      89
-0.09072022294393332      0.035426954245879216     89
-0.11438727233721986      0.025754379579608987     89
-0.1375653935612416       0.02034962300472974      89
-0.14920750531800459      0.018508027796520204     89
-0.16778244153509952      0.015236763061765435     89
-0.17426281262362037      0.014089879369744429     89
-0.20202314112295133      0.011246384421860316     89
-0.21341681327791967      0.011299705219021561     89
-0.2430827366012323       0.015747171004532573     89
-0.2711001996871108       0.027255496645509733     89
-0.2982106516352734       0.04683540244074013      89
-0.3004945815495987       0.04892233983790829      89
-0.30117609750177576      0.049555701382676856     89
-0.304277647632736        0.05247201442124932      89
-0.331407317792885        0.08193363863833979      89
-0.35113559242232656      0.11303318262315314      89
-0.3602892578291763       0.1414930284337288       89
-0.3671450125261965       0.18054677208239284      89
-0.3744437497040185       0.21921284505988842      89
-0.37643866898383704      0.22892241443163627      89
-0.3862056535849063       0.26734883467539594      89
-0.3946929062975385       0.2940562996605349       89
-0.40680214973937534      0.3271545848615359       89
-0.41952330789638353      0.35631567023716504      89
-0.432501397095183        0.3805124579995145       89
-0.4489914756309831       0.40649278479276063      89
-0.47504924019564543      0.44040853517733164      89
-0.5117262219163574       0.47365855435401993      89
-0.5351301617899118       0.488888729887271        89
-0.5571982907672146       0.5008269029023397       89
-0.5840052992422112       0.5124671936498111       89
-0.596657449577047        0.5167661598289859       89
-0.625988184034428        0.5232063651604937       89
-0.6270910927178406       0.523354042814035        89
-0.6465225886325029       0.5252231277843367       89
-0.6657166892537787       0.5256851744138807       89
-0.6848047301014226       0.5247627959160257       89
-0.6961136544718474       0.5235931117258404       89
-0.706186430791553        0.5221837547843483       89
-0.7084367179340273       0.5218200433951707       89
-0.7458098234618851       0.5127929357812945       89
-0.7829856847625878       0.4978573656323963       89
-0.7836579408384645       0.4975300822111167       89
-0.8079738442927156       0.48330531248190317      89
-0.831054712954463        0.4650621348847775       89
-0.8649269908708339       0.43055465182214536      89
-0.8795714713029308       0.41220947720237433      89
-0.8993919746239141       0.3815441420592384       89
-0.919676375154742        0.34157341736634206      89
-0.9206464134296187       0.33940257170641913      89
-0.932998513911286        0.30772208643435756      89
-0.9436553921561349       0.2724320160869381       89
-0.9539839391878584       0.22869120109398564      89
-0.9570214261823918       0.2137104616766323       89
-0.9570630419460329       0.21349833953844596      89
-0.9628449254319801       0.1806157267262067       89
-0.9676533797576887       0.14591255427859823      89
-0.9715054909595643       0.1092810948358265       89
-0.9717140416377789       0.10695202739922267      89
-0.9731007097049497       0.09065304025388585      89
-0.9731197932957323       0.09041700209102572      89
-0.9752983251243185       0.06055134300496243      89
-0.9770684473929652       0.02989870105703458      89
-0.977618238775432        0.01842405468613726      89
-0.9784548790495367       -0.0012926778862671923   89
-0.9794364813132279       -0.029080579157077964    89
-0.9794877635374004       -0.0307370396984958      89
-0.9799888975979562       -0.049097262770783676    89
-0.9802553160767311       -0.06117909468874793     89
-0.9805820197634378       -0.08019169816138419     89
-0.9806645045637887       -0.0869963499443685      89
-0.9807458202235544       -0.10255669664808528     89
-0.980743002330109        -0.10667874346515915     89
-0.9806039819090329       -0.1259557563754307      89
-0.9805605649419884       -0.12889301185413204     89
-0.9801399275604166       -0.14381171729551095     89
-0.9793809543800065       -0.15882226104030794     89
-0.9787189316675176       -0.16861279340785928     89
-0.9774739153752035       -0.18144566265579712     89
-0.9753424197581293       -0.19582971550336523     89
-0.9728147897375077       -0.20881784685735963     89
-0.9718440459006972       -0.21309408841069713     89
-0.9717356435214427       -0.21354001948212084     89
-0.9692884735940639       -0.2222011704322519      89
-0.9662369876573115       -0.23074200467982844     89
-0.9625851446967355       -0.23920430794281544     89
-0.9619827968693128       -0.24047167305283373     89
-0.9610765116921764       -0.24229328932120667     89
-0.958828982000939        -0.24641673546864626     89
-0.9546495365041585       -0.25304296442432983     89
-0.9541491599432892       -0.25376499633427363     89
-0.9518868815728676       -0.2568132096423316      89
-0.9493756961728005       -0.2598661308601219      89
-0.9473650972472839       -0.2621114168686663      89
-0.9457158507922239       -0.2638080788213171      89
-0.9431128320958626       -0.2662533363319338      89
-0.9391684098993045       -0.2696159727543873      89
-0.30000000000000004      0.05346891949695274      90
-0.3283915881450766       0.08454841736052333      90
-0.3476263681427041       0.11557953687848158      90
-0.3563478956292491       0.14399154759777477      90
-0.3615500123072984       0.17676726524733002      90
-0.36807697012647667      0.21583452654180743      90
-0.3711742834621641       0.23248162743443126      90
-0.38024647272678924      0.2705576363325064       90
-0.38390882889470723      0.2832096393857757       90
-0.39495588405417925      0.3176519337795993       90
-0.40644325487427924      0.3480094056141581       90
-0.41854001937910484      0.37475270707175357      90
-0.42388872329944116      0.38498427355396764      90
-0.4294744097669047       0.39499427130276005      90
-0.4319044553796738       0.3992368874431371       90
-0.46377261192332386      0.44585941255756467      90
-0.49798405788165556      0.4797779717529508       90
-0.5320361420607316       0.5032936843094259       90
-0.5506559081027163       0.5135381849773015       90
-0.5760095713870024       0.5249078687506403       90
-0.6013112558137479       0.5333398898794335       90
-0.6204562020941532       0.5375483013034997       90
-0.6250447053960564       0.5382497801220705       90
-0.6431008165359016       0.5402079109711748       90
-0.6625976344141329       0.5409473057196296       90
-0.6978414809123834       0.5388339192842837       90
-0.7095119304479987       0.5371393831940444       90
-0.7473597128931978       0.5280724607422238       90
-0.7578237836354451       0.524536903190328        90
-0.7922170785683708       0.5093111849850039       90
-0.804412434979277        0.5022827330558362       90
-0.8264373979442892       0.48617303524750666      90
-0.8298166569697969       0.48330096820595025      90
-0.8743286626758555       0.437589836153809        90
-0.8779990992950943       0.43305728711105024      90
-0.8974767030148203       0.4051204203644668       90
-0.9153177191973143       0.37259408721412995      90
-0.9274388726220689       0.34592173908568447      90
-0.933398595914243        0.33090131189794536      90
-0.9441133262942824       0.2982050772496354       90
-0.947838596545769        0.2847528972424026       90
-0.95993674837539         0.23221153038741882      90
-0.964229750537356        0.209493289975126        90
-0.9685032935464957       0.18351496415839025      90
-0.9730591111969349       0.14900536053238028      90
-0.9766763111835408       0.11257701558389072      90
-0.9774053316759581       0.10383514042480846      90
-0.977625630531265        0.10114444818060012      90
-0.9795114928139919       0.07596969583633562      90
-0.98112527666113         0.05026190940928621      90
-0.9822257641821552       0.029031018052018007     90
-0.9824288035320176       0.02460511490313012      90
-0.9824479678718626       0.024177918623426553     90
-0.9835588106287549       -0.0031784251264065245   90
-0.9844586866875737       -0.03095130101934672     90
-0.9848404285130803       -0.045822370258771505    90
-0.9851876176783148       -0.06295389690083839     90
-0.9854653297789446       -0.08193825493050894     90
-0.9854861514355369       -0.08381070067094315     90
-0.9855753024501945       -0.09930830723840603     90
-0.9855589026455818       -0.108923848339804       90
-0.9853714103522064       -0.12811951031874366     90
-0.9850760651574691       -0.14027576167860364     90
-0.984410089917535        -0.15518881694438952     90
-0.9833839928722885       -0.17089318219901775     90
-0.9822911686014015       -0.18227976844038302     90
-0.9802335414840864       -0.19650952266144747     90
-0.9774040609794854       -0.21064181839124996     90
-0.9773099727434235       -0.2110523490625365      90
-0.9772755820407091       -0.2112016982674522      90
-0.9771154203698218       -0.21188674994223908     90
-0.9745400620059287       -0.22134605599514548     90
-0.9708880610419124       -0.23173367760450694     90
-0.9663682004721664       -0.24200014539585474     90
-0.9648528209905558       -0.24496747012812115     90
-0.9630105971906804       -0.24822865795933724     90
-0.9606650526457167       -0.25194856544019256     90
-0.9580694773783184       -0.2556403608675094      90
-0.9574805900615204       -0.2564287077176282      90
-0.9571220503702382       -0.2569002327786516      90
-0.9540012557886057       -0.2606812167029778      90
-0.9500463106754          -0.26484035420375646     90
-0.9477475436284742       -0.26696559006757925     90
-0.9444637746324598       -0.26962631615136157     90
-0.9410754590259414       -0.2721012343236032      90
-0.3                      0.0581006304496061       91
-0.32568505522742863      0.08689510804915886      91
-0.3444769376109885       0.11786481852401834      91
-0.3528106334140414       0.1462338985882814       91
-0.35674070671661573      0.1735185069558651       91
-0.3626042646003007       0.21293061849883055      91
-0.36645092675155644      0.23567505476835657      91
-0.3748997258405614       0.27343666462132044      91
-0.38225894889822426      0.2997286025426892       91
-0.39263878461212826      0.33226655528507754      91
-0.4034274580056345       0.36094598343602613      91
-0.41478378458134263      0.38621152105259293      91
-0.41616470892174495      0.38897376434096376      91
-0.4177015032394957       0.3919882424739227       91
-0.42389552139839926      0.4036917977280098       91
-0.4538989715039895       0.45063211605745734      91
-0.4857754006027186       0.4849971128084357       91
-0.4969219773444772       0.49423875922122273      91
-0.5291682223714839       0.5166459755118364       91
-0.5432229213021529       0.5245604345253652       91
-0.5672459715936657       0.5358474964104423       91
-0.5911715749602674       0.5443172698232889       91
-0.6152599592901286       0.5501634066411952       91
-0.6155678758790747       0.5502215282192329       91
-0.6158966024863691       0.5502830377412278       91
-0.6326015330853816       0.5528970125201312       91
-0.6658604832529668       0.5550490009554441       91
-0.6994457398359322       0.5529847627683873       91
-0.7035883833050669       0.5524321187109731       91
-0.7400130212552881       0.5446501722202637       91
-0.7748720561141585       0.5320073449965425       91
-0.8002507690453988       0.5192789581506336       91
-0.801339444833975        0.5186575502347809       91
-0.8224533112316279       0.5043887423071605       91
-0.8406943836201687       0.4889369282387663       91
-0.882434554484951        0.4436554002611467       91
-0.8931612911320147       0.4290597530387335       91
-0.9109114225887793       0.3998013330611792       91
-0.9272671826721737       0.36587864901425815      91
-0.9340170125101932       0.34960661868388065      91
-0.9444969096103493       0.3197935884402897       91
-0.953606035504597        0.28734801778739116      91
-0.9650387910762663       0.23522873954202478      91
-0.9702242562732963       0.2059862530121298       91
-0.9733226513935497       0.18598430909786562      91
-0.9776632927742989       0.15163957233813888      91
-0.9810804136593415       0.1153842245174532       91
-0.9821880696545326       0.10121583028467285      91
-0.9836559461201078       0.08079398945900913      91
-0.985216155639348        0.05520414883779064      91
-0.986508170402339        0.029071234420918912     91
-0.9865606603024961       0.027873853181971414     91
-0.9868167460480249       0.02190682138150755      91
-0.9878295166759922       -0.004756320914589577    91
-0.9886610084722183       -0.03251662434821337     91
-0.9889148676822116       -0.04307203215744321     91
-0.9889696002705559       -0.04558958566830214     91
-0.98931582045704         -0.0644393582565037      91
-0.9895525279277595       -0.08340007561584306     91
-0.9896249789437528       -0.09658442802797268     91
-0.9895884572998213       -0.11080236994620327     91
-0.9893604076763876       -0.12992996406607168     91
-0.9891911443815273       -0.13732796348411722     91
-0.9886026981579972       -0.1521597461340824      91
-0.9884918189973717       -0.1542862356385884      91
-0.9872937296611282       -0.17280435111155668     91
-0.986720444613256        -0.1793053494552666      91
-0.9849206255055455       -0.19343513561175738     91
-0.9823602457033657       -0.20746082519813583     91
-0.9811985685260104       -0.21277582952174653     91
-0.9795796854332038       -0.2192762398146924      91
-0.978165249013287        -0.22412458861536022     91
-0.974634510557187        -0.23409899227252734     91
-0.9702685917582085       -0.24395904866878196     91
-0.9688018857191475       -0.24681598677527283     91
-0.9665808017827427       -0.2506910354880021      91
-0.9646516385204447       -0.253706887851295       91
-0.9621870628628774       -0.2571916192556213      91
-0.961886814328912        -0.25759203177286566     91
-0.9590964136606858       -0.2610650218428384      91
-0.9574381003123758       -0.2629310289690303      91
-0.9552836444574306       -0.2651505810211577      91
-0.9529569088165865       -0.2673372199446402      91
-0.9525012631954098       -0.2677429829113896      91
-0.9519057511289716       -0.26826020551476143     91
-0.9492127581982591       -0.2704203001606304      91
-0.9462407150269433       -0.2725261512953644      91
-0.9434585305092863       -0.2742975566646855      91
-0.942982508152578        -0.27458649589281925     91
-0.3                      0.0626731150576621       92
-0.3230653200605691       0.08916654102626202      92
-0.3414285084321975       0.12007681182879396      92
-0.34938681020496065      0.1484043380120805       92
-0.35226261722872476      0.17049349012559922      92
-0.3575084634238129       0.21022670213588424      92
-0.3618787044211539       0.2387663012401509       92
-0.36972406009985603      0.27622357194983427      92
-0.3726753680392415       0.28780478207651056      92
-0.38217469076127264      0.3218023029893114       92
-0.3919310113464773       0.3517788310382214       92
-0.4020884603134421       0.3781990552960736       92
-0.4086268102627971       0.39279264364822963      92
-0.4171221571585365       0.40986516448430355      92
-0.4443605510133336       0.45524278151880626      92
-0.47407201047675696      0.4901106146685216       92
-0.49582690917510785      0.5091486907247115       92
-0.5262112266879491       0.5304129814704936       92
-0.5476180504915519       0.5421100677358314       92
-0.5701715669025325       0.5518635943503862       92
-0.5927126378773664       0.5590276032529811       92
-0.6142329749924682       0.5638824925541349       92
-0.6397782197490997       0.5677668861251746       92
-0.6692025410180699       0.5694930289787634       92
-0.7010889437529724       0.5674791321629897       92
-0.7314283712840324       0.5617222521544964       92
-0.7648338195103458       0.5507622086826295       92
-0.7972607085373096       0.5352094261565418       92
-0.8080298025705213       0.5289307666000591       92
-0.8186268518805513       0.5218837587668611       92
-0.8512290392684916       0.4943951365668269       92
-0.8902847957785639       0.44952966344475453      92
-0.9063346283375231       0.42558658340128647      92
-0.922583883477861        0.39517996093863905      92
-0.9376492114363744       0.360044088098451        92
-0.9402833726342339       0.3531168484705282       92
-0.9448591079501727       0.3401785285171741       92
-0.946670848462464        0.3346552366582731       92
-0.9591796766838341       0.2898559369587751       92
-0.969969394676726        0.23814456427992525      92
-0.975863320227724        0.20268716438063394      92
-0.9779528935169186       0.18835675483000305      92
-0.9820868023288304       0.1541704154197237       92
-0.985311695387373        0.11808127617159077      92
-0.9867279315926378       0.09872953342656271      92
-0.9878016906690901       0.08287530998053674      92
-0.9892834714409375       0.0573446212470842       92
-0.9904994328320202       0.031271851696772913     92
-0.990733452334815        0.02556283780451993      92
-0.9910036610666519       0.01878340693070335      92
-0.9917434361573874       -0.0018359859538801277   92
-0.9918860698673737       -0.006255093746159766    92
-0.9926526065026517       -0.03400345516143823     92
-0.9927977140104278       -0.040451023533973576    92
-0.9929311175360256       -0.0470235269967191      92
-0.993237940829891        -0.06585066447337927     92
-0.9934356906468876       -0.08478892131909954     92
-0.9934789180227627       -0.09399220503132343     92
-0.9934157821541412       -0.1125866148691465      92
-0.9931492106366829       -0.13164955722693256     92
-0.9930870647319041       -0.13453715768199268     92
-0.9925720185223974       -0.14929199609330185     92
-0.9922205491492337       -0.1562777548609773      92
-0.9910131383089791       -0.1746224832684558      92
-0.990909537974446        -0.1759235301799571      92
-0.9893824103880904       -0.18996513856478728     92
-0.9871057754172339       -0.2038954323865328      92
-0.9849300087303957       -0.21442089104736542     92
-0.9846656911654912       -0.21558826272554568     92
-0.9815693389096334       -0.22696496046653897     92
-0.9782128863571429       -0.23635819388002713     92
-0.9739940031727831       -0.2458300713631271      92
-0.9726213404303847       -0.24849347743277647     92
-0.970481056302993        -0.25221896776520863     92
-0.9681356113424912       -0.2558410083219738      92
-0.9668113380467197       -0.2577160279576262      92
-0.9659545127913525       -0.2588681752737805      92
-0.9633220322405407       -0.2621243841474494      92
-0.9604487889878897       -0.26528663697105487     92
-0.9599284435092554       -0.2658219282928085      92
-0.9578181398655937       -0.2678700966837635      92
-0.955877170325896        -0.26959309334973347     92
-0.95301268122014         -0.2718906423615347      92
-0.9510679574637003       -0.2733001608040595      92
-0.9481725971753514       -0.27519355526432665     92
-0.944300429135808        -0.2774117452385734      92
-0.3                      0.06753998161679145      93
-0.32033650745225134      0.09153254924926031      93
-0.3382531523565601       0.12238090550053007      93
-0.3458204298853843       0.15066514763137973      93
-0.34777051831785544      0.16745900971931343      93
-0.35239672035195         0.2075143267396538       93
-0.3571140692440684       0.24198763664692133      93
-0.36433058680153796      0.2791277607082021       93
-0.3724587485512142       0.31208621366268297      93
-0.3812565264886932       0.3432671028181434       93
-0.3903008140362835       0.37075945705087543      93
-0.4007107285797837       0.3968031194985517       93
-0.4164882984431232       0.4294241866188486       93
-0.4343234281707505       0.46009450887418435      93
-0.4617567257308154       0.4954914684876355       93
-0.46769231650312726      0.5016316052278659       93
-0.4945843053509374       0.5260673980916006       93
-0.5228558427518679       0.546034779939403        93
-0.5266804715791846       0.5483210119394819       93
-0.5478143652031198       0.559474817886436        93
-0.5687477614358583       0.5680696697877272       93
-0.573807408866432        0.5698080651003209       93
-0.6127326383680188       0.5799913281126001       93
-0.634065504188416        0.5833377348686916       93
-0.6649721946254751       0.5857413804074766       93
-0.6729885918216802       0.5858559489965067       93
-0.7029504476370665       0.5838990814131991       93
-0.7313439063614933       0.5784566190364352       93
-0.7627535970194825       0.568097118937682        93
-0.7932496794082619       0.5534173536760159       93
-0.8152572358692018       0.5400789470250131       93
-0.8169400943327277       0.5389664608391337       93
-0.8233158330357276       0.5345738321153948       93
-0.8249467882251741       0.5333994124530296       93
-0.8625440275390779       0.5002576502808138       93
-0.8987165273057964       0.45583905040904904      93
-0.8996519316249367       0.4545096540738893       93
-0.9159686312087818       0.4281301801125269       93
-0.9309903764698003       0.39752856990525676      93
-0.9449812984595634       0.3622389268447212       93
-0.9468433442474797       0.3569872292005056       93
-0.9478824733463324       0.35399385840547226      93
-0.9533973919202052       0.336951953714989        93
-0.9651261763456234       0.29253162777288505      93
-0.9752298396353598       0.24125544821740463      93
-0.9755596334913317       0.23930069554876204      93
-0.9817193198678656       0.19926115928564553      93
-0.982862763783378        0.19087247656736547      93
-0.9867774550974142       0.1568541003900265       93
-0.989798511366309        0.12094120733089708      93
-0.99148368934788         0.09612499925217598      93
-0.9921838003689887       0.08507529474520889      93
-0.9935826808630592       0.059607130380560064     93
-0.9947182527813198       0.033597934791461184     93
-0.9951156916704507       0.02313582432915667      93
-0.9953703686512643       0.01620660419376901      93
-0.9960472909123452       -0.0044318761796173275   93
-0.9966103988456774       -0.025290953660695864    93
-0.9968435939233242       -0.03556455655175458     93
-0.9968879696061596       -0.037690008988869865    93
-0.997091472172084        -0.048529441032615195    93
-0.9973569211555859       -0.06733280729109599     93
-0.9975137579474928       -0.08624747628001757     93
-0.9975331085430139       -0.09126528961207606     93
-0.9975377913874952       -0.09545374143136177     93
-0.997434206745384        -0.11445994779699092     93
-0.9971271899215715       -0.1334550103064475      93
-0.9967257198155488       -0.1462910347298255      93
-0.9961412657568549       -0.15837181427842204     93
-0.9949240534629963       -0.17653422819288933     93
-0.9939646120159976       -0.18640149160823777     93
-0.9919793797151994       -0.20023381507966306     93
-0.9888866908550189       -0.21616525386059565     93
-0.9869914026550334       -0.22387920948380755     93
-0.9835602199191387       -0.2346584247378269      93
-0.9819920375731397       -0.2387441547123884      93
-0.9779284398738282       -0.2478060733500004      93
-0.9768368213217065       -0.24992780417297955     93
-0.9748000085127424       -0.2535049697696124      93
-0.9725668641245501       -0.2569824111816179      93
-0.969705031799046        -0.26094804854135284     93
-0.96814475401877         -0.2629085979473723      93
-0.9655981694632003       -0.2658087880459622      93
-0.9628261482903494       -0.26862589551104477     93
-0.9613766109426951       -0.2699776475360832      93
-0.9592163027228231       -0.27183355832741835     93
-0.9566675000155681       -0.27380164588173206     93
-0.9539207335266446       -0.2757039563807799      93
-0.9530685513146264       -0.276250546296844       93
-0.9498535868327052       -0.278126236665136       93
-0.9454981317271104       -0.28030637301112316     93
-0.3                      0.0717592596910703       94
-0.3180227689780333       0.09353866877508658      94
-0.3355607932333464       0.12433452817152185      94
-0.3427965244204413       0.15258207009908972      94
-0.34409085957540986      0.16497334487147303      94
-0.3482094861755154       0.205292511050025        94
-0.3530711760224716       0.24472100753398413      94
-0.3597541111999011       0.28159202598960487      94
-0.3649459725563249       0.3045733239110612       94
-0.37300256492083317      0.3366854758318665       94
-0.38118610914481055      0.36500684614605894      94
-0.3939417031000044       0.40023246930871387      94
-0.4007523809103769       0.41585196874283076      94
-0.41592218210845766      0.44689287743464434      94
-0.42572036549094733      0.4642530426690033       94
-0.4512009949451505       0.500103529473907        94
-0.46838667359518393      0.5188803180294841       94
-0.4934276055945851       0.5418164762035597       94
-0.5197324242448267       0.5605766074561802       94
-0.5288455776226982       0.5659324991483187       94
-0.5484149551785371       0.5757413382591058       94
-0.574382128021641        0.585841407258403        94
-0.6112870891181903       0.5955119218098279       94
-0.627545039769843        0.5981721592577143       94
-0.6568899502270853       0.6008367257978512       94
-0.6860284747967498       0.6007638605600638       94
-0.7046728754232809       0.5990922685338148       94
-0.7093714014617116       0.5984238300776592       94
-0.7398987699889774       0.5915349572782903       94
-0.7768898230485798       0.5776301797867305       94
-0.8159887133037144       0.5562338486949032       94
-0.8293293064552617       0.5472705490687804       94
-0.8347494707725538       0.5433407395268463       94
-0.8620196381379718       0.5194277420952842       94
-0.8741606163822105       0.506276429069975        94
-0.9073730063091516       0.46231661383763534      94
-0.9164796406052839       0.44757751372523685      94
-0.930942867462742        0.41941483115685707      94
-0.9443803552207961       0.38690343510771624      94
-0.9533660344684713       0.36138918467195336      94
-0.9578389766513811       0.3473129947171882       94
-0.9602089709985764       0.339277705410603        94
-0.9711478504699714       0.29524114413653946      94
-0.9805567860898448       0.24440565932908476      94
-0.9818509145274537       0.2361112374601928       94
-0.9874870918944246       0.19588677104042274      94
-0.9878021809923256       0.19340333758162462      94
-0.9914963355869079       0.15955393541749419      94
-0.9943123284036217       0.12381834917335777      94
-0.9962083715251245       0.09353748390192834      94
-0.9965775137523757       0.0872811049977483       94
-0.9978932744514395       0.06187563056439156      94
-0.9989482440281772       0.03593017727827979      94
-0.999480395924016        0.02071852229974974      94
-0.9999433855385851       0.006540657972995339     94
-1.000518658412373        -0.014192734876396317    94
-1.0009807835739377       -0.0351479461669391      94
-1.0010256688668062       -0.037479721386895926    94
-1.001056886222767        -0.039124834053488725    94
-1.0013396249075688       -0.05702947118946033     94
-1.0015196164568996       -0.07503002875956415     94
-1.001585426207483        -0.08770374257040958     94
-1.0015879411706035       -0.088537942300841       94
-1.0015900523102141       -0.09739207305448949     94
-1.0014451535677669       -0.11632979469434904     94
-1.0010977667010883       -0.1352571036711017      94
-1.0008575547149743       -0.14330587137349954     94
-1.0000607476774113       -0.1604652142480324      94
-0.9988337370165596       -0.17844537108280567     94
-0.9984387088275106       -0.18292191938938307     94
-0.9967380043285958       -0.19665858385939708     94
-0.9962714454120486       -0.19966212614819084     94
-0.992879830933229        -0.21792568971090093     94
-0.9921981890906999       -0.22096768965814612     94
-0.9892052658984669       -0.23177142757015096     94
-0.9854553553685755       -0.2419818944981398      94
-0.9818903616315136       -0.24979587922562765     94
-0.9807384557442494       -0.2520118529759188      94
-0.9787714856370205       -0.2554213730907514      94
-0.9756211416867894       -0.2601818685630154      94
-0.971222631919878        -0.26582674815121493     94
-0.9700587570899751       -0.26715907423309654     94
-0.9675241388278395       -0.2698232974502201      94
-0.9649450234601386       -0.27223949731634767     94
-0.9612980990195024       -0.2752290470112925      94
-0.9599366816428819       -0.27623410807835236     94
-0.9573940358372411       -0.27795927801014836     94
-0.9550146994022113       -0.2793880747589015      94
-0.9507518418666902       -0.2815196029810004      94
-0.9466958343184129       -0.28320100078367283     94
-0.3                      0.0757282754307885       95
-0.315892270774234        0.0953859104119465       95
-0.3330816598568193       0.12613343052709486      95
-0.3400121020523522       0.15434717878349263      95
-0.34080143048622896      0.16275128602614533      95
-0.3444663102814325       0.2033063200274834       95
-0.34470500196677056      0.2060121839569321       95
-0.3493473801214085       0.24723863902891446      95
-0.35553884748834474      0.2838617918357573       95
-0.35850759312571606      0.2981348469919872       95
-0.365928996320399        0.33104508247564174      95
-0.37337489148981307      0.3600769118917891       95
-0.375637169208283        0.368049257867102        95
-0.38767049100120243      0.4034096149827488       95
-0.40111564772510777      0.4350577488887831       95
-0.41537290215951406      0.46384204673405915      95
-0.4177166504520118       0.4681218648213348       95
-0.4413806478919403       0.5043942830404213       95
-0.446519963374736        0.5108613942497738       95
-0.4690937020619064       0.5364438038850831       95
-0.49224979713759875      0.5578529604235397       95
-0.5165520062391197       0.5753838098742948       95
-0.5294729615480883       0.5828882462402627       95
-0.5415389357133523       0.5890641736169693       95
-0.5749897822673596       0.6027935626670411       95
-0.6097587006329749       0.6119219449850086       95
-0.6228483777755073       0.6141195442476243       95
-0.6505199545380644       0.6168535684738015       95
-0.6779738415062296       0.6170012724256226       95
-0.7054790376328515       0.6146407510547391       95
-0.7064214706168277       0.6145162730618374       95
-0.7080477768823566       0.6142915239946227       95
-0.7413794383129231       0.6074723430217344       95
-0.7793600675168142       0.5940613842709979       95
-0.8168049037507188       0.5742596630169233       95
-0.8429091321443571       0.5563726670687107       95
-0.8666711327730099       0.535755883563603        95
-0.8905916446922634       0.5082465628240658       95
-0.9169126360949256       0.46945503085437285      95
-0.9170486685949599       0.46923284379539776      95
-0.9308899644144555       0.44378599796274854      95
-0.9437111825492052       0.4143682834046719       95
-0.9605427985194162       0.3662325536977698       95
-0.9679304966942893       0.34054153412016636      95
-0.9776768734405675       0.29817894751350604      95
-0.9863325479537812       0.24782128765530387      95
-0.9884790930149767       0.23275098421953544      95
-0.9935637275188516       0.1923316846522734       95
-0.9965767245004928       0.16246060193990153      95
-0.9991719441716771       0.12691590579760176      95
-0.9993916982813623       0.12319772743780083      95
-1.0012290009407239       0.0907878903433739       95
-1.0012909846134601       0.08964744559468757      95
-1.0025175763801064       0.06430922342351644      95
-1.0034860776884447       0.03843215135882997      95
-1.0041305645644565       0.018143121668094436     95
-1.0044069095254335       0.008966724865756469     95
-1.0049439550230577       -0.011731766496108626    95
-1.0053684665107583       -0.03265177646810477     95
-1.005495278640177        -0.03989650841599876     95
-1.0056581317596875       -0.050191339763923516    95
-1.0058601348090894       -0.06814511820249723     95
-1.0059594259972784       -0.08619526715929772     95
-1.0059696071810516       -0.09004113946869018     95
-1.0059535485065878       -0.10252361124971378     95
-1.005773511454946        -0.11947394999181726     95
-1.0053999870638797       -0.13720971740950413     95
-1.0053187474552086       -0.14008275394073214     95
-1.0051660391106305       -0.1446755929563937      95
-1.0043153308631119       -0.16273759220312375     95
-1.0030776841109865       -0.18051990964930992     95
-1.001778785182382        -0.19287136411690275     95
-1.000480344238665        -0.202016193143021       95
-0.9972596968353457       -0.2198566194560633      95
-0.9948319353441757       -0.22976129076878898     95
-0.991492774455255        -0.23992618439991098     95
-0.987413533485366        -0.24954898329270747     95
-0.9862284163903395       -0.2519745913193634      95
-0.9852867865351369       -0.25378217030376843     95
-0.9847792243415363       -0.2547077835469235      95
-0.9812511449690378       -0.26044093817479147     95
-0.9772644024854975       -0.2658169129632927      95
-0.9727968879184056       -0.2708875820431016      95
-0.9725811836955416       -0.2711122134841631      95
-0.9709613175843369       -0.27272131451861364     95
-0.9697614649484724       -0.2738328293254417      95
-0.9662631884019596       -0.2767485492655545      95
-0.9624477443661787       -0.2794704907168345      95
-0.9612228741220574       -0.28026058834794426     95
-0.9610782368595615       -0.28035154263601475     95
-0.9584312263304492       -0.28187817662518094     95
-0.9573742581159789       -0.2824218350396456      95
-0.9533404110692179       -0.28421446720772037     95
-0.9488734300685795       -0.2857918082198791      95
-0.9478935369097151       -0.28609562855622245     95
-0.3                      0.07823759955512988      96
-0.31456916122157674      0.0965331083074606       96
-0.3315420363795757       0.12725060813687225      96
-0.33828288405663615      0.15544336941047676      96
-0.33880412613903904      0.16140207688645494      96
-0.342193495977534        0.2021003271770156       96
-0.342654791748311        0.20775182327388358      96
-0.34703404372973         0.24880266904366194      96
-0.35292019619715065      0.2852718400961878       96
-0.3547089217107514       0.2943361180584104       96
-0.3617555605771564       0.3277172262592793       96
-0.3687662396478533       0.3571682295857538       96
-0.37225866211942216      0.370229272213489        96
-0.3837540267097341       0.405393789235686        96
-0.3880207973097959       0.41635385841232586      96
-0.4013517593829264       0.4475408836153012       96
-0.4150158879922618       0.474858457536395        96
-0.4352293064558474       0.50708195691414         96
-0.4482320643405688       0.5240417094985385       96
-0.46957385070808044      0.5483713065990082       96
-0.49144993806163373      0.568743464200992        96
-0.5143921591161528       0.5854394986185308       96
-0.5175452272398244       0.5873886394506067       96
-0.5434056072274167       0.6015367464480194       96
-0.575416141308615        0.6146879989820281       96
-0.6086863107767156       0.6234359956104054       96
-0.6260443856955896       0.6262082512641993       96
-0.6524639286447045       0.6283784848937757       96
-0.6658369697914573       0.62856595965084         96
-0.7027992334377124       0.6261270545278652       96
-0.716909795185431        0.624199059659127        96
-0.7443832588821534       0.6186424270601718       96
-0.7811769967827732       0.6061469639317689       96
-0.8174052331224995       0.5875181198237653       96
-0.8527152396619092       0.5629453838169407       96
-0.8615280639316781       0.5555951842414459       96
-0.8852385818461574       0.5313441011563257       96
-0.9072107441804683       0.5017429548135209       96
-0.9238057227645242       0.4746130640574524       96
-0.9308513379056194       0.46158030510512593      96
-0.943222594368573        0.43442140396747925      96
-0.9483451832846967       0.4214392549807112       96
-0.9657080588723524       0.3697184230709445       96
-0.974712376654309        0.33599085862948275      96
-0.9823100466526684       0.300263693113251        96
-0.9904311864894373       0.2502451109034075       96
-0.9930650320610763       0.23042607450714359      96
-0.9977680621835611       0.1898719727555045       96
-1.0001587156174123       0.1645099831664592       96
-1.0025982764483798       0.12909987645436188      96
-1.0030259988115504       0.12131729144440478      96
-1.0047282467004839       0.08887149644046202      96
-1.005767573781386        0.06601957248591209      96
-1.0066753044800354       0.04019055930564887      96
-1.007378953222877        0.016344068160657456     96
-1.007539743761436        0.010669519662618594     96
-1.0080499584336513       -0.010004475230686384    96
-1.0084480698380167       -0.030899778290337052    96
-1.008622055339875        -0.0415872048646581      96
-1.0087292141883197       -0.04867470783471227     96
-1.0089278734634146       -0.0666132676068894      96
-1.0090239202906348       -0.08464812347931436     96
-1.0090416271903986       -0.0918013845640743      96
-1.0090244888111066       -0.104080465209506       96
-1.0088437885202848       -0.12101556275627977     96
-1.0084802966515638       -0.13792031914026606     96
-1.008460116574255        -0.13866875176541088     96
-1.0083078460674395       -0.14369557622658063     96
-1.0082109650295865       -0.14644024857539117     96
-1.0073497375760008       -0.16435827244844692     96
-1.0061045050686197       -0.18199948907638608     96
-1.0052964700987186       -0.19022847085305072     96
-1.0035119586107695       -0.2037117965843041      96
-1.0004130671364178       -0.2212542604911551      96
-0.9978416325790509       -0.23178711441817987     96
-0.9945506347846156       -0.2417309151924729      96
-0.9905343516168099       -0.25114516474479365     96
-0.9893625594132052       -0.25354380057964826     96
-0.988281214069222        -0.25565091640865534     96
-0.9847091410648223       -0.2617872243735454      96
-0.9803414586528867       -0.26791708178936086     96
-0.9753500827751564       -0.2736403867805585      96
-0.9744584497830787       -0.2745466259391192      96
-0.9718267425747886       -0.2770123420801204      96
-0.9690030528162603       -0.27934288383723377     96
-0.9654411079339291       -0.2818872522620311      96
-0.9646018181706688       -0.2824305375347564      96
-0.9610871437476783       -0.28448391372864806     96
-0.9600346752168365       -0.28503089960381633     96
-0.9563957517371068       -0.28666238335183425     96
-0.9523838726495928       -0.288078190718699       96
-0.9485720597341047       -0.28912918290915157     96
-0.3                      0.08113464860052422      97
-0.31306534012146603      0.09783699157080186      97
-0.3297921296793673       0.12852037091560853      97
-0.33631748784025595      0.15668927878456573      97
-0.33657479012962127      0.15989612686758128      97
-0.33965664335538387      0.2007542312290291       97
-0.3403227455411254       0.20973060536873434      97
-0.3444027002169601       0.2505817013745792       97
-0.3499415671001989       0.28687572328244776      97
-0.35055530667025075      0.2901824401248227       97
-0.35719216364700707      0.3240784188650802       97
-0.363726960511526        0.3539877632451298       97
-0.36839831153604796      0.37272020073087664      97
-0.37927899533798337      0.4076609468983402       97
-0.38900457701561764      0.43315674348170324      97
-0.40163203158607         0.4623587697978967       97
-0.41459210058534707      0.48793529480411707      97
-0.4281644839938435       0.5101687533390917       97
-0.4357582825362723       0.5210752643580301       97
-0.45551011484048487      0.5467804659930291       97
-0.4729118122821465       0.5657284029964632       97
-0.5063138937556221       0.5928825377080045       97
-0.5143369471117243       0.5979962194649564       97
-0.5295457751651647       0.6068020155652397       97
-0.5611148952270918       0.6214769121163258       97
-0.593465903203768        0.6318509760812442       97
-0.6076101423461828       0.6349906160856776       97
-0.6177211587060119       0.636730785939623        97
-0.6270389900163681       0.638018079934453        97
-0.6625700052057618       0.6402894302809569       97
-0.6985685759020464       0.638343979441481        97
-0.7286435043390913       0.634154960766964        97
-0.7475156368350475       0.6302905678753672       97
-0.7830716869093929       0.6187497817116089       97
-0.8180312553649407       0.6013440114953814       97
-0.8262145186265208       0.5963457697769488       97
-0.8627710377846698       0.5696854601030703       97
-0.8801571367170151       0.5534284808819568       97
-0.901821844815804        0.527403778092209        97
-0.9220538653893042       0.4959343463468715       97
-0.9309003689764284       0.47992192240773274      97
-0.942714414909713        0.4552786091967964       97
-0.954794256175945        0.4244684903860829       97
-0.9710130260450511       0.3732985761183113       97
-0.971113425416772        0.37294224621442656      97
-0.981308186355907        0.3315650372160661       97
-0.9870176040176522       0.3023819086542897       97
-0.9945956273902306       0.252707847878841        97
-0.9976277763062127       0.2281129237425906       97
-1.0019511321291477       0.1874247016101931       97
-1.0037781353322528       0.16658077859071058      97
-1.0060604108275837       0.13130666764777718      97
-1.0066632594353486       0.119435323858747        97
-1.008230342553385        0.0869535416580082       97
-1.0090426425457186       0.06774311564571638      97
-1.009889133833683        0.0419625320891696       97
-1.009950316940184        0.039745479655410865     97
-1.0106359858162304       0.014540227386949465     97
-1.010693240742718        0.012383545317068603     97
-1.0111764476256417       -0.008265791540146087    97
-1.0115479848237672       -0.029136224731929828    97
-1.0117608747036058       -0.04328441296773598     97
-1.0118166039987027       -0.047150022622523435    97
-1.012011901744121        -0.06507328291751224     97
-1.0121046869828851       -0.08309276449961202     97
-1.0121288087395863       -0.09357031711138322     97
-1.0121246741697947       -0.10237021279980196     97
-1.011978545298069        -0.11929594519272863     97
-1.0116499061404778       -0.13619121418014626     97
-1.0115450507138237       -0.14039304634654953     97
-1.0112162331699381       -0.15071291514915056     97
-1.0104516807606747       -0.16615707470749916     97
-1.0092069900492824       -0.18351605481134475     97
-1.0088380477637422       -0.18756762658276677     97
-1.0066480987744606       -0.20546586204290324     97
-1.003677987912604        -0.22268621959249651     97
-1.0029582009472868       -0.2260803597273442      97
-1.0002552890146188       -0.23622877516512003     97
-0.9968470810035295       -0.2458165689375642      97
-0.9927008545912757       -0.25520495978702323     97
-0.9881888143410953       -0.26353947538109906     97
-0.9870691591999526       -0.2653338108604873      97
-0.9829454958443411       -0.271114606288835       97
-0.9782330736598377       -0.2765121096441105      97
-0.9759946543461212       -0.27870821449038574     97
-0.9734311567103908       -0.2809482398888077      97
-0.9707235771613001       -0.2830442176926554      97
-0.9701106934104468       -0.28348424776959236     97
-0.9676570013881112       -0.2851110872717303      97
-0.9644157113908917       -0.2869646484974424      97
-0.960950302696791        -0.2886410460831393      97
-0.9586278877831935       -0.289594692972003       97
-0.9554096172553895       -0.2906859047861772      97
-0.9489800426672177       -0.292235130649394       97
-0.3                      0.08456615747743368      98
-0.3113180097822863       0.09935200873914539      98
-0.3277588658371571       0.1299957425716412       98
-0.3340370726088884       0.15818186049764035      98
-0.33676887079909346      0.1992219313615522       98
-0.3376102266269677       0.21203222522632587      98
-0.34134205372288906      0.25265098234836203      98
-0.346476975472963        0.28874127957606865      98
-0.35210807590619003      0.3200244177892994       98
-0.35811269165178927      0.35044440066239746      98
-0.36388410929316817      0.37563303334988096      98
-0.37404599998716775      0.41031210719704303      98
-0.3785763503666404       0.4232853525367276       98
-0.39021391133268274      0.45381208473325735      98
-0.4019765627767169       0.4805740045307699       98
-0.4140711499586069       0.5040103042528279       98
-0.41984410551658835      0.5138041333753158       98
-0.4282251258694165       0.5270377722365032       98
-0.4340910307339657       0.5357880006900564       98
-0.4633983114652551       0.5720286978730071       98
-0.4948332720285411       0.5991779332127225       98
-0.5154146694036612       0.6125175142108535       98
-0.5386706431114624       0.6249474592734656       98
-0.5694657979158457       0.6373275636875254       98
-0.6011628387575259       0.6456586390156225       98
-0.6124607271300737       0.6477788145857274       98
-0.6246233390172823       0.6496815276726302       98
-0.6592106942988034       0.65234428478645         98
-0.6942183316216535       0.6509062365566937       98
-0.7406102469802408       0.6443085877878836       98
-0.7507217738237972       0.6422129909288369       98
-0.785010991868286        0.6316493617923222       98
-0.8186720187394292       0.6154954655527887       98
-0.8386913623219303       0.6030157855161009       98
-0.8728603098982332       0.5764479729227159       98
-0.8753986638949953       0.5741636392991191       98
-0.8967732669916944       0.5514958981011221       98
-0.9166132228440116       0.5238892219942142       98
-0.9352931306243948       0.4907533802242622       98
-0.9380365118454318       0.48526183232393616      98
-0.9421971711797342       0.47650783922891893      98
-0.9453098430023494       0.4695095782121044       98
-0.961278535227636        0.42751426270296067      98
-0.9763469535859413       0.37689827359395767      98
-0.9783143702689718       0.36930803887112695      98
-0.987594911055509        0.3273466133902527       98
-0.9916943497451541       0.30448626017110103      98
-0.9987328114286208       0.2551544658878938       98
-1.002066644766705        0.22586257364153384      98
-1.0060206342208529       0.18504387241671466      98
-1.007353472395156        0.16862635280241595      98
-1.0094803782085333       0.13348658127082422      98
-1.0102220099497714       0.11759397846002395      98
-1.0116568458225008       0.08507698584453718      98
-1.012268933940673        0.06944098914561575      98
-1.0130550978895974       0.0437081139242218       98
-1.013199820384898        0.0379927142118162       98
-1.0138284901190846       0.012772124284917873     98
-1.0142529423783972       -0.006554910445673769    98
-1.0145983303077948       -0.02740087145370891     98
-1.0148411198775575       -0.04494994910183319     98
-1.0148507515691314       -0.04565163070690815     98
-1.015042745754673        -0.06355985536519712     98
-1.0151323256512879       -0.08156422778761761     98
-1.0151616251171571       -0.0953080988112344      98
-1.0151639934606784       -0.10069353784663304     98
-1.0150517572659425       -0.1176100889521668      98
-1.014757286554757        -0.13449605680946636     98
-1.0145828010460058       -0.14209096798754978     98
-1.0141936915567635       -0.15451059273613424     98
-1.013419005116683        -0.16986795888910466     98
-1.0123244811061902       -0.1849584919341953      98
-1.0123176589116802       -0.18503978202973503     98
-1.012290729571622        -0.18535908573088078     98
-1.0119143400649682       -0.1895480560401169      98
-1.009822830072248        -0.20724151179678035     98
-1.0069816780064662       -0.22414270104960093     98
-1.0053970478286918       -0.23126954786732679     98
-1.0025369143670149       -0.24101376172896022     98
-0.9962067314893168       -0.25694950883929446     98
-0.9930434029149926       -0.26318611435093137     98
-0.9880998449527914       -0.27113517160886513     98
-0.9856481435732629       -0.2744332156984992      98
-0.9812252385922569       -0.2794925798542679      98
-0.9805604228378549       -0.28016894745699783     98
-0.9782355885431615       -0.28235655587049885     98
-0.9757795720739655       -0.2844046767271004      98
-0.9747635334022773       -0.28518522107035826     98
-0.9710302290348896       -0.28778343722731087     98
-0.9709065853368373       -0.2878627489246466      98
-0.9679071630901714       -0.2896257219003797      98
-0.9646987306831447       -0.2912099801620537      98
-0.9617550542643021       -0.2924412671628892      98
-0.9611779664132749       -0.2926594079238186      98
-0.9565757764159271       -0.29405608741224165     98
-0.9554331426048638       -0.2943205593492718      98
-0.9493880256003306       -0.2953410783896364      98
-0.3                      0.08825101609498152      99
-0.3094841052859186       0.10094208975290708      99
-0.3256248608245263       0.13154421377547895      99
-0.3316370471979242       0.1596563165871969       99
-0.33380258418163866      0.19764797063499717      99
-0.3347574361671882       0.2144528679497759       99
-0.3381231330829365       0.254827271328247        99
-0.34283322062590066      0.29070330873238004      99
-0.34699590369327027      0.31594802243436315      99
-0.352467409602429        0.34688146456467517      99
-0.3591068577774515       0.37871560105408963      99
-0.368508070220983        0.4131177545459988       99
-0.3763598636930158       0.4368362527071271       99
-0.3870013102352436       0.46581060567978616      99
-0.397703891480525        0.49121810661560944      99
-0.40865540275083734      0.5134757779343756       99
-0.41112104634399554      0.5179673860122864       99
-0.4134155356732671       0.5219986339750388       99
-0.42602840479309345      0.542531016869477        99
-0.453569387499914        0.5785378810320424       99
-0.48297200663294976      0.605682054559699        99
-0.5165550506298096       0.6278830791912616       99
-0.5310608207826495       0.6355691624459952       99
-0.560649167283633        0.6479150161416447       99
-0.5910716272280736       0.6563364093325442       99
-0.6211031224823181       0.6618125866801536       99
-0.6220801168976203       0.6619609249408952       99
-0.6556739773605402       0.6650357591092231       99
-0.6896383498759393       0.6641319095452098       99
-0.7035609478934941       0.6627646376156491       99
-0.753100755682869        0.6549066235668045       99
-0.7540800658643314       0.6547012216516167       99
-0.7870423312747031       0.6451611229127296       99
-0.8193431911029188       0.6303185113832488       99
-0.8514523727282362       0.6098377143897357       99
-0.8831793705177553       0.58336450554675         99
-0.8865062251350639       0.580147409743657        99
-0.9063680422597431       0.557469036309369        99
-0.9248688566402045       0.5299689090309675       99
-0.9423586662669878       0.49706003200787124      99
-0.9453460504632839       0.490689987459691        99
-0.9480524044258423       0.48466628350892527      99
-0.9532801536412002       0.47215093444983147      99
-0.9678779096236494       0.43061409719247856      99
-0.9817755578398502       0.38056186536180137      99
-0.985276233161325        0.3657944925566174       99
-0.9936729072489147       0.32326824743968235      99
-0.9963968616050642       0.3066022054334302       99
-1.0028927889302317       0.257614563330563        99
-1.0064379952415423       0.22364645278317574      99
-1.0100282366220636       0.18269925713512902      99
-1.0109276543450563       0.17067126613395023      99
-1.0128992406730168       0.13566579061158224      99
-1.0137459627162766       0.11577063788427311      99
-1.0150498444678688       0.08321877914429737      99
-1.0154852491365274       0.07113361255430907      99
-1.0162112722880083       0.04544829814641167      99
-1.0164232589596731       0.03625400802499646      99
-1.0169953867526909       0.011018203465864768     99
-1.0173165145976273       -0.004851215750034521    99
-1.0176358630958975       -0.025672807367480295    99
-1.017643706649511        -0.0262947191767549      99
-1.0179001839294135       -0.04660403227611094     99
-1.0180570300680987       -0.06205469676430319     99
-1.0181434221356713       -0.08004404257933256     99
-1.018176761147274        -0.09703574980073981     99
-1.0181794416461594       -0.09903003165946134     99
-1.018100831932076        -0.1159374735883145      99
-1.017840261305039        -0.13281421336746455     99
-1.0176099475839098       -0.14378296273864355     99
-1.0173790809124694       -0.15239032138730854     99
-1.0167155382866127       -0.16776431293595231     99
-1.015734248568634        -0.18287044719253687     99
-1.0154389025120896       -0.18671243439488783     99
-1.0153977884560579       -0.18723811584209604     99
-1.0140639562598637       -0.2010208275898593      99
-1.0130469170051366       -0.20904476650777037     99
-1.0103367285801508       -0.225621825546568       99
-1.0101257247745627       -0.226708738105456       99
-1.0077696343028704       -0.23659680548032608     99
-1.0058994542905735       -0.24284678372610957     99
-0.9998841816115344       -0.2587794339370849      99
-0.9976242235873074       -0.26352577084702467     99
-0.9931073993198338       -0.2713922184521945      99
-0.988014506549185        -0.2784208751829988      99
-0.9843282323468795       -0.28258344571789484     99
-0.9837168975912158       -0.28320461553697923     99
-0.9815503854024563       -0.2852411451548527      99
-0.9785159860716748       -0.28774434016387196     99
-0.9751055514454423       -0.29017097321106866     99
-0.9714949180950853       -0.2923671781589665      99
-0.9705927288648764       -0.2928600444349334      99
-0.9704685517315053       -0.2929257949979567      99
-0.9669031138631783       -0.2946305697362978      99
-0.9631165248841427       -0.29609797520209624     99
-0.961062422118066        -0.2967434344136661      99
-0.9566467336797508       -0.29773532331089647     99
-0.9518645104280854       -0.2983146496622573      99
-0.9497960085334436       -0.2984470261298788      99
